application_no,flagged,outcome,total_status,primary_category,categories,billed_total_cents,expected_total_cents,contract_total_cents,graded_total_cents,confidence_band,confidence,primary_blank_reason,blank_reasons,findings,total_depends_on,would_flag_under,outside_total
PA-00001,0,pass,correct,,,26512389,26512389,26512389,26512389,high,0.95,,,0,,,
PA-00002,0,pass,correct,,,13852871,13852871,13852871,13852871,high,0.95,,,0,,,
PA-00003,0,pass,correct,,,11463204,11463204,11463204,11463204,high,0.95,,,0,,,
PA-00004,0,pass,correct,,,27880757,27880757,27880757,27880757,high,0.95,,,0,,,
PA-00005,0,pass,correct,,,14035386,14035386,14035386,14035386,medium,0.75,,,0,indexed_rate_method=appendix_b_unindexed:medium,indexed_rate_method=appendix_b_unindexed:medium,
PA-00006,1,query,undetermined,adjustment_missing,adjustment_missing,35330802,,35330802,,low,0.55,unresolved_interpretation:retro_adjustment_trigger,unresolved_interpretation:retro_adjustment_trigger,1,retro_adjustment_trigger=after_issue:low,,clause_31a_retroactive_rate:6050818
PA-00007,0,pass,correct,,,10603434,10603434,10603434,10603434,high,0.95,,,0,,,
PA-00008,0,pass,correct,,,10020643,10020643,10020643,10020643,high,0.95,,,0,,,
PA-00009,0,pass,correct,,,10694861,10694861,10694861,10694861,medium,0.75,,,0,indexed_rate_method=appendix_b_unindexed:medium,indexed_rate_method=appendix_b_unindexed:medium,
PA-00010,0,pass,correct,,,28062529,28062529,28062529,28062529,high,0.95,,,0,,,
PA-00011,0,pass,correct,,,20517170,20517170,20517170,20517170,high,0.95,,,0,,,
PA-00012,0,pass,correct,,,29480012,29480012,29480012,29480012,medium,0.75,,,0,indexed_rate_method=appendix_b_unindexed:medium,indexed_rate_method=appendix_b_unindexed:medium,
PA-00013,0,pass,correct,,,32794317,32794317,32794317,32794317,medium,0.75,,,0,indexed_rate_method=appendix_b_unindexed:medium,indexed_rate_method=appendix_b_unindexed:medium,
PA-00014,0,pass,correct,,,9970763,9970763,9970763,9970763,high,0.95,,,0,,,
PA-00015,0,pass,correct,,,1932454,1932454,1932454,1932454,high,0.95,,,0,,,
PA-00016,0,pass,correct,,,8531397,8531397,8531397,8531397,high,0.95,,,0,,,
PA-00017,0,pass,correct,,,38435307,38435307,38435307,38435307,medium,0.75,,,0,indexed_rate_method=appendix_b_unindexed:medium,indexed_rate_method=appendix_b_unindexed:medium,
PA-00018,0,pass,correct,,,18445111,18445111,18445111,18445111,high,0.95,,,0,,,
PA-00019,1,part-reject,undetermined,duplicate_record,duplicate_record,16525180,,16368300,16368300,medium,0.75,unresolved_interpretation:indexed_rate_method,unresolved_interpretation:indexed_rate_method;unresolved_interpretation:measurement_order,1,indexed_rate_method=appendix_b_unindexed:medium;measurement_order=application_number:medium,,
PA-00020,0,pass,correct,,,17776130,17776130,17776130,17776130,medium,0.75,,,0,indexed_rate_method=appendix_b_unindexed:medium,indexed_rate_method=appendix_b_unindexed:medium,
PA-00021,0,pass,correct,,,11064568,11064568,11064568,11064568,high,0.95,,,0,,,
PA-00022,0,pass,correct,,,21545939,21545939,21545939,21545939,medium,0.75,,,0,indexed_rate_method=appendix_b_unindexed:medium;survey_quantity_rule=exact_33:medium,indexed_rate_method=appendix_b_unindexed:medium;survey_quantity_rule=exact_33:medium,
PA-00023,0,pass,correct,,,27622349,27622349,27622349,27622349,high,0.95,,,0,,,
PA-00024,0,pass,correct,,,11882743,11882743,11882743,11882743,high,0.95,,,0,,,
PA-00025,0,pass,correct,,,15179804,15179804,15179804,15179804,high,0.95,,,0,,,
PA-00026,0,pass,correct,,,15272091,15272091,15272091,15272091,high,0.95,,,0,,,
PA-00027,0,pass,correct,,,32478951,32478951,32478951,32478951,high,0.95,,,0,,,
PA-00028,0,pass,correct,,,37107960,37107960,37107960,37107960,medium,0.75,,,0,monthly_rate_treatment=final_rate:medium,monthly_rate_treatment=final_rate:medium,
PA-00029,0,pass,correct,,,10647196,10647196,10647196,10647196,medium,0.75,,,0,indexed_rate_method=appendix_b_unindexed:medium,indexed_rate_method=appendix_b_unindexed:medium,
PA-00030,0,pass,correct,,,11589754,11589754,11589754,11589754,medium,0.75,,,0,indexed_rate_method=appendix_b_unindexed:medium,indexed_rate_method=appendix_b_unindexed:medium,
PA-00031,0,pass,correct,,,24244544,24244544,24244544,24244544,medium,0.75,,,0,indexed_rate_method=appendix_b_unindexed:medium,indexed_rate_method=appendix_b_unindexed:medium,
PA-00032,0,pass,correct,,,10115477,10115477,10115477,10115477,medium,0.75,,,0,indexed_rate_method=appendix_b_unindexed:medium,indexed_rate_method=appendix_b_unindexed:medium,
PA-00033,0,pass,correct,,,8176772,8176772,8176772,8176772,high,0.95,,,0,,,
PA-00034,0,pass,correct,,,23843147,23843147,23843147,23843147,high,0.95,,,0,,,
PA-00035,0,pass,correct,,,35985592,35985592,35985592,35985592,medium,0.75,,,0,monthly_rate_treatment=final_rate:medium,monthly_rate_treatment=final_rate:medium,
PA-00036,0,pass,correct,,,22019046,22019046,22019046,22019046,high,0.95,,,0,,,
PA-00037,0,pass,correct,,,31612479,31612479,31612479,31612479,medium,0.75,,,0,indexed_rate_method=appendix_b_unindexed:medium,indexed_rate_method=appendix_b_unindexed:medium,
PA-00038,0,pass,correct,,,28131226,28131226,28131226,28131226,high,0.95,,,0,,,
PA-00039,0,pass,correct,,,4209211,4209211,4209211,4209211,high,0.95,,,0,,,
PA-00040,0,pass,correct,,,40881435,40881435,40881435,40881435,high,0.95,,,0,,,
PA-00041,0,pass,correct,,,5213588,5213588,5213588,5213588,high,0.95,,,0,,,
PA-00042,0,pass,correct,,,23320198,23320198,23320198,23320198,high,0.95,,,0,,,
PA-00043,1,part-reject,undetermined,application_total_mismatch,application_total_mismatch,23145744,,23142526,23142526,high,0.95,unresolved_interpretation:indexed_rate_method,unresolved_interpretation:indexed_rate_method,1,indexed_rate_method=appendix_b_unindexed:medium,,
PA-00044,0,pass,correct,,,13344042,13344042,13344042,13344042,medium,0.75,,,0,indexed_rate_method=appendix_b_unindexed:medium,indexed_rate_method=appendix_b_unindexed:medium,
PA-00045,0,pass,correct,,,6362254,6362254,6362254,6362254,high,0.95,,,0,,,
PA-00046,0,pass,correct,,,5155463,5155463,5155463,5155463,medium,0.75,,,0,indexed_rate_method=appendix_b_unindexed:medium,indexed_rate_method=appendix_b_unindexed:medium,
PA-00047,0,pass,correct,,,5768046,5768046,5768046,5768046,high,0.95,,,0,,,
PA-00048,0,pass,correct,,,8679884,8679884,8679884,8679884,medium,0.75,,,0,indexed_rate_method=appendix_b_unindexed:medium,indexed_rate_method=appendix_b_unindexed:medium,
PA-00049,0,pass,correct,,,21324892,21324892,21324892,21324892,high,0.95,,,0,,,
PA-00050,0,pass,correct,,,5953284,5953284,5953284,5953284,high,0.95,,,0,,,
PA-00051,0,pass,correct,,,23240577,23240577,23240577,23240577,medium,0.75,,,0,indexed_rate_method=appendix_b_unindexed:medium,indexed_rate_method=appendix_b_unindexed:medium,
PA-00052,1,part-reject,undetermined,unit_mismatch,unit_mismatch,10209903,,9785999,9785999,high,0.95,unresolved_interpretation:indexed_rate_method,unresolved_interpretation:indexed_rate_method,1,indexed_rate_method=appendix_b_unindexed:medium,,
PA-00053,0,pass,correct,,,13961460,13961460,13961460,13961460,high,0.95,,,0,,,
PA-00054,0,pass,correct,,,35579005,35579005,35579005,35579005,medium,0.75,,,0,indexed_rate_method=appendix_b_unindexed:medium;monthly_rate_treatment=final_rate:medium,indexed_rate_method=appendix_b_unindexed:medium;monthly_rate_treatment=final_rate:medium,
PA-00055,0,pass,correct,,,26281474,26281474,26281474,26281474,medium,0.75,,,0,indexed_rate_method=appendix_b_unindexed:medium,indexed_rate_method=appendix_b_unindexed:medium,
PA-00056,0,pass,correct,,,25940066,25940066,25940066,25940066,high,0.95,,,0,,,
PA-00057,0,pass,correct,,,29338588,29338588,29338588,29338588,medium,0.75,,,0,indexed_rate_method=appendix_b_unindexed:medium;monthly_rate_treatment=final_rate:medium,indexed_rate_method=appendix_b_unindexed:medium;monthly_rate_treatment=final_rate:medium,
PA-00058,0,pass,correct,,,21981194,21981194,21981194,21981194,medium,0.75,,,0,indexed_rate_method=appendix_b_unindexed:medium,indexed_rate_method=appendix_b_unindexed:medium,
PA-00059,1,part-reject,undetermined,duplicate_record,duplicate_record,11445474,,11297474,11297474,medium,0.75,unresolved_interpretation:measurement_order,unresolved_interpretation:measurement_order,1,measurement_order=application_number:medium,,
PA-00060,0,pass,correct,,,4973706,4973706,4973706,4973706,high,0.95,,,0,,,
PA-00061,0,pass,correct,,,21546454,21546454,21546454,21546454,high,0.95,,,0,,,
PA-00062,0,pass,correct,,,41354537,41354537,41354537,41354537,medium,0.75,,,0,indexed_rate_method=appendix_b_unindexed:medium,indexed_rate_method=appendix_b_unindexed:medium,
PA-00063,0,pass,correct,,,29195969,29195969,29195969,29195969,high,0.95,,,0,,,
PA-00064,0,pass,correct,,,6105206,6105206,6105206,6105206,high,0.95,,,0,,,
PA-00065,0,pass,correct,,,5495032,5495032,5495032,5495032,high,0.95,,,0,,,
PA-00066,0,pass,correct,,,13851090,13851090,13851090,13851090,high,0.95,,,0,,,
PA-00067,1,part-reject,undetermined,duplicate_record,duplicate_record,5301160,,5148760,5148760,medium,0.75,unresolved_interpretation:measurement_order,unresolved_interpretation:measurement_order,1,measurement_order=application_number:medium,,
PA-00068,0,pass,correct,,,27531790,27531790,27531790,27531790,high,0.95,,,0,,,
PA-00069,0,pass,correct,,,28917571,28917571,28917571,28917571,high,0.95,,,0,,,
PA-00070,0,pass,correct,,,22654211,22654211,22654211,22654211,high,0.95,,,0,,,
PA-00071,0,pass,correct,,,12120970,12120970,12120970,12120970,high,0.95,,,0,,,
PA-00072,0,pass,correct,,,27197878,27197878,27197878,27197878,medium,0.75,,,0,indexed_rate_method=appendix_b_unindexed:medium,indexed_rate_method=appendix_b_unindexed:medium,
PA-00073,0,pass,correct,,,12336766,12336766,12336766,12336766,high,0.95,,,0,,,
PA-00074,0,pass,correct,,,29779110,29779110,29779110,29779110,high,0.95,,,0,,,
PA-00075,0,pass,correct,,,3263196,3263196,3263196,3263196,high,0.95,,,0,,,
PA-00076,0,pass,correct,,,10256630,10256630,10256630,10256630,high,0.95,,,0,,,
PA-00077,0,pass,correct,,,24207415,24207415,24207415,24207415,high,0.95,,,0,,,
PA-00078,0,pass,correct,,,9447862,9447862,9447862,9447862,high,0.95,,,0,,,
PA-00079,0,pass,correct,,,11820544,11820544,11820544,11820544,medium,0.75,,,0,indexed_rate_method=appendix_b_unindexed:medium,indexed_rate_method=appendix_b_unindexed:medium,
PA-00080,0,pass,correct,,,7740892,7740892,7740892,7740892,high,0.95,,,0,,,
PA-00081,0,pass,correct,,,16506697,16506697,16506697,16506697,high,0.95,,,0,,,
PA-00082,0,pass,correct,,,41249581,41249581,41249581,41249581,high,0.95,,,0,,,
PA-00083,0,pass,correct,,,26360273,26360273,26360273,26360273,high,0.95,,,0,,,
PA-00084,0,pass,correct,,,2974106,2974106,2974106,2974106,high,0.95,,,0,,,
PA-00085,0,pass,correct,,,47698395,47698395,47698395,47698395,medium,0.75,,,0,monthly_rate_treatment=final_rate:medium,monthly_rate_treatment=final_rate:medium,
PA-00086,0,pass,correct,,,9854995,9854995,9854995,9854995,medium,0.75,,,0,indexed_rate_method=appendix_b_unindexed:medium,indexed_rate_method=appendix_b_unindexed:medium,
PA-00087,0,pass,correct,,,4973754,4973754,4973754,4973754,high,0.95,,,0,,,
PA-00088,0,pass,correct,,,8838710,8838710,8838710,8838710,high,0.95,,,0,,,
PA-00089,0,pass,correct,,,28014323,28014323,28014323,28014323,medium,0.75,,,0,indexed_rate_method=appendix_b_unindexed:medium,indexed_rate_method=appendix_b_unindexed:medium,
PA-00090,1,part-reject,undetermined,unit_rate_mismatch,unit_rate_mismatch,11959135,,11943070,11943070,high,0.95,unresolved_interpretation:indexed_rate_method,unresolved_interpretation:indexed_rate_method,1,indexed_rate_method=appendix_b_unindexed:medium,,
PA-00091,0,pass,correct,,,21331693,21331693,21331693,21331693,medium,0.75,,,0,indexed_rate_method=appendix_b_unindexed:medium,indexed_rate_method=appendix_b_unindexed:medium,
PA-00092,0,pass,correct,,,52325630,52325630,52325630,52325630,medium,0.75,,,0,monthly_rate_treatment=final_rate:medium,monthly_rate_treatment=final_rate:medium,
PA-00093,0,pass,correct,,,14160538,14160538,14160538,14160538,high,0.95,,,0,,,
PA-00094,0,pass,correct,,,13387076,13387076,13387076,13387076,medium,0.75,,,0,indexed_rate_method=appendix_b_unindexed:medium;monthly_rate_treatment=final_rate:medium,indexed_rate_method=appendix_b_unindexed:medium;monthly_rate_treatment=final_rate:medium,
PA-00095,0,pass,correct,,,18491787,18491787,18491787,18491787,high,0.95,,,0,,,
PA-00096,0,pass,correct,,,20576625,20576625,20576625,20576625,medium,0.75,,,0,indexed_rate_method=appendix_b_unindexed:medium,indexed_rate_method=appendix_b_unindexed:medium,
PA-00097,0,pass,correct,,,4387870,4387870,4387870,4387870,high,0.95,,,0,,,
PA-00098,0,pass,correct,,,3162390,3162390,3162390,3162390,high,0.95,,,0,,,
PA-00099,0,pass,correct,,,16290109,16290109,16290109,16290109,medium,0.75,,,0,indexed_rate_method=appendix_b_unindexed:medium,indexed_rate_method=appendix_b_unindexed:medium,
PA-00100,0,pass,correct,,,8718826,8718826,8718826,8718826,high,0.95,,,0,,,
PA-00101,1,part-reject,corrected,unit_rate_mismatch,unit_rate_mismatch,38555153,38519537,38519537,38519537,high,0.95,,,1,,,
PA-00102,0,pass,correct,,,27895923,27895923,27895923,27895923,high,0.95,,,0,,,
PA-00103,0,pass,correct,,,5026384,5026384,5026384,5026384,high,0.95,,,0,,,
PA-00104,0,pass,correct,,,5960040,5960040,5960040,5960040,high,0.95,,,0,,,
PA-00105,0,pass,correct,,,15616720,15616720,15616720,15616720,high,0.95,,,0,,,
PA-00106,0,pass,correct,,,15057404,15057404,15057404,15057404,high,0.95,,,0,,,
PA-00107,0,pass,correct,,,8374345,8374345,8374345,8374345,high,0.95,,,0,,,
PA-00108,0,pass,correct,,,18451880,18451880,18451880,18451880,high,0.95,,,0,,,
PA-00109,0,pass,correct,,,32920688,32920688,32920688,32920688,medium,0.75,,,0,indexed_rate_method=appendix_b_unindexed:medium,indexed_rate_method=appendix_b_unindexed:medium,
PA-00110,0,pass,correct,,,13909046,13909046,13909046,13909046,high,0.95,,,0,,,
PA-00111,1,part-reject,undetermined,duplicate_line,missing_record;duplicate_line,37544226,,36825212,36825212,high,0.95,unresolved_interpretation:missing_record_consequence,unresolved_interpretation:missing_record_consequence,3,missing_record_consequence=deduct_from_next_valuation:medium,,
PA-00112,0,pass,correct,,,15446854,15446854,15446854,15446854,high,0.95,,,0,,,
PA-00113,0,pass,correct,,,10478628,10478628,10478628,10478628,high,0.95,,,0,,,
PA-00114,0,pass,correct,,,12350321,12350321,12350321,12350321,high,0.95,,,0,,,
PA-00115,1,part-reject,corrected,unit_rate_mismatch,unit_rate_mismatch,18558292,18557992,18557992,18557992,high,0.95,,,1,,,
PA-00116,1,part-reject,undetermined,duplicate_record,duplicate_record,54891276,,54729732,54729732,high,0.95,unresolved_interpretation:monthly_rate_treatment,unresolved_interpretation:monthly_rate_treatment,1,monthly_rate_treatment=final_rate:medium,,
PA-00117,0,pass,correct,,,21289306,21289306,21289306,21289306,high,0.95,,,0,,,
PA-00118,0,pass,correct,,,19295966,19295966,19295966,19295966,high,0.95,,,0,,,
PA-00119,0,pass,correct,,,10754890,10754890,10754890,10754890,high,0.95,,,0,,,
PA-00120,1,part-reject,undetermined,unit_rate_mismatch,unit_rate_mismatch,14081801,,14015985,14015985,high,0.95,unresolved_interpretation:indexed_rate_method,unresolved_interpretation:indexed_rate_method,1,indexed_rate_method=appendix_b_unindexed:medium,,
PA-00121,0,pass,correct,,,2394139,2394139,2394139,2394139,high,0.95,,,0,,,
PA-00122,0,pass,correct,,,27841564,27841564,27841564,27841564,medium,0.75,,,0,monthly_rate_treatment=final_rate:medium,monthly_rate_treatment=final_rate:medium,
PA-00123,0,pass,correct,,,7836342,7836342,7836342,7836342,high,0.95,,,0,,,
PA-00124,0,pass,correct,,,12454001,12454001,12454001,12454001,high,0.95,,,0,,,
PA-00125,1,query,unchanged,application_timing,application_timing,2506853,2506853,2506853,2506853,medium,0.75,,,1,,,
PA-00126,0,pass,correct,,,36455578,36455578,36455578,36455578,high,0.95,,,0,,,
PA-00127,0,pass,correct,,,8193712,8193712,8193712,8193712,high,0.95,,,0,,,
PA-00128,0,pass,correct,,,4581947,4581947,4581947,4581947,high,0.95,,,0,,,
PA-00129,0,pass,correct,,,36763951,36763951,36763951,36763951,high,0.95,,,0,,,
PA-00130,0,pass,correct,,,35694246,35694246,35694246,35694246,high,0.95,,,0,,,
PA-00131,0,pass,correct,,,48718631,48718631,48718631,48718631,medium,0.75,,,0,indexed_rate_method=appendix_b_unindexed:medium,indexed_rate_method=appendix_b_unindexed:medium,
PA-00132,0,pass,correct,,,35680653,35680653,35680653,35680653,high,0.95,,,0,,,
PA-00133,0,pass,correct,,,30975661,30975661,30975661,30975661,medium,0.75,,,0,indexed_rate_method=appendix_b_unindexed:medium,indexed_rate_method=appendix_b_unindexed:medium,
PA-00134,0,pass,correct,,,22105100,22105100,22105100,22105100,high,0.95,,,0,,,
PA-00135,0,pass,correct,,,6196603,6196603,6196603,6196603,high,0.95,,,0,,,
PA-00136,0,pass,correct,,,12884452,12884452,12884452,12884452,high,0.95,,,0,,,
PA-00137,0,pass,correct,,,9609370,9609370,9609370,9609370,high,0.95,,,0,,,
PA-00138,1,part-reject,undetermined,unit_rate_mismatch,unit_rate_mismatch,10340858,,9447752,9447752,high,0.95,unresolved_interpretation:indexed_rate_method,unresolved_interpretation:indexed_rate_method,1,indexed_rate_method=appendix_b_unindexed:medium,,
PA-00139,0,pass,correct,,,18214814,18214814,18214814,18214814,medium,0.75,,,0,indexed_rate_method=appendix_b_unindexed:medium,indexed_rate_method=appendix_b_unindexed:medium,
PA-00140,0,pass,correct,,,6766074,6766074,6766074,6766074,high,0.95,,,0,,,
PA-00141,0,pass,correct,,,17953620,17953620,17953620,17953620,high,0.95,,,0,,,
PA-00142,0,pass,correct,,,15189235,15189235,15189235,15189235,medium,0.75,,,0,indexed_rate_method=appendix_b_unindexed:medium,indexed_rate_method=appendix_b_unindexed:medium,
PA-00143,0,pass,correct,,,12983169,12983169,12983169,12983169,high,0.95,,,0,,,
PA-00144,0,pass,correct,,,36282446,36282446,36282446,36282446,high,0.95,,,0,,,
PA-00145,0,pass,correct,,,35156505,35156505,35156505,35156505,high,0.95,,,0,,,
PA-00146,0,pass,correct,,,16036016,16036016,16036016,16036016,high,0.95,,,0,,,
PA-00147,0,pass,correct,,,9907152,9907152,9907152,9907152,high,0.95,,,0,,,
PA-00148,0,pass,correct,,,7830028,7830028,7830028,7830028,high,0.95,,,0,,,
PA-00149,0,pass,correct,,,17170144,17170144,17170144,17170144,high,0.95,,,0,,,
PA-00150,0,pass,correct,,,18044632,18044632,18044632,18044632,high,0.95,,,0,,,
PA-00151,0,pass,correct,,,14741443,14741443,14741443,14741443,high,0.95,,,0,,,
PA-00152,0,pass,correct,,,16242625,16242625,16242625,16242625,high,0.95,,,0,,,
PA-00153,0,pass,correct,,,38670959,38670959,38670959,38670959,medium,0.75,,,0,indexed_rate_method=appendix_b_unindexed:medium,indexed_rate_method=appendix_b_unindexed:medium,
PA-00154,1,part-reject,corrected,line_outside_application_period,line_outside_application_period,9067840,8937424,8937424,8937424,high,0.95,,,1,,,
PA-00155,0,pass,correct,,,25308550,25308550,25308550,25308550,medium,0.75,,,0,indexed_rate_method=appendix_b_unindexed:medium,indexed_rate_method=appendix_b_unindexed:medium,
PA-00156,0,pass,correct,,,9951120,9951120,9951120,9951120,high,0.95,,,0,,,
PA-00157,0,pass,correct,,,33634351,33634351,33634351,33634351,medium,0.75,,,0,indexed_rate_method=appendix_b_unindexed:medium,indexed_rate_method=appendix_b_unindexed:medium,
PA-00158,0,pass,correct,,,4269038,4269038,4269038,4269038,high,0.95,,,0,,,
PA-00159,0,pass,correct,,,16670201,16670201,16670201,16670201,high,0.95,,,0,,,
PA-00160,0,pass,correct,,,19059165,19059165,19059165,19059165,high,0.95,,,0,,,
PA-00161,0,pass,correct,,,12118004,12118004,12118004,12118004,medium,0.75,,,0,indexed_rate_method=appendix_b_unindexed:medium,indexed_rate_method=appendix_b_unindexed:medium,
PA-00162,0,pass,correct,,,15198827,15198827,15198827,15198827,medium,0.75,,,0,indexed_rate_method=appendix_b_unindexed:medium,indexed_rate_method=appendix_b_unindexed:medium,
PA-00163,0,pass,correct,,,14321840,14321840,14321840,14321840,medium,0.75,,,0,indexed_rate_method=appendix_b_unindexed:medium,indexed_rate_method=appendix_b_unindexed:medium,
PA-00164,0,pass,correct,,,18687995,18687995,18687995,18687995,high,0.95,,,0,,,
PA-00165,0,pass,correct,,,11320589,11320589,11320589,11320589,high,0.95,,,0,,,
PA-00166,0,pass,correct,,,16736634,16736634,16736634,16736634,high,0.95,,,0,,,
PA-00167,0,pass,correct,,,14246179,14246179,14246179,14246179,high,0.95,,,0,,,
PA-00168,0,pass,correct,,,13839032,13839032,13839032,13839032,high,0.95,,,0,,,
PA-00169,0,pass,correct,,,4300257,4300257,4300257,4300257,high,0.95,,,0,,,
PA-00170,1,part-reject,undetermined,item_record_mismatch,item_record_mismatch,31720879,,25498663,25498663,high,0.95,unresolved_interpretation:missing_record_consequence,unresolved_interpretation:missing_record_consequence,1,missing_record_consequence=deduct_from_next_valuation:medium,,
PA-00171,0,pass,correct,,,6760534,6760534,6760534,6760534,medium,0.75,,,0,indexed_rate_method=appendix_b_unindexed:medium,indexed_rate_method=appendix_b_unindexed:medium,
PA-00172,0,pass,correct,,,20840701,20840701,20840701,20840701,high,0.95,,,0,,,
PA-00173,0,pass,correct,,,6346031,6346031,6346031,6346031,high,0.95,,,0,,,
PA-00174,0,pass,correct,,,3778428,3778428,3778428,3778428,high,0.95,,,0,,,
PA-00175,0,pass,correct,,,4941110,4941110,4941110,4941110,medium,0.75,,,0,indexed_rate_method=appendix_b_unindexed:medium,indexed_rate_method=appendix_b_unindexed:medium,
PA-00176,0,pass,correct,,,15585409,15585409,15585409,15585409,high,0.95,,,0,,,
PA-00177,0,pass,correct,,,22719650,22719650,22719650,22719650,medium,0.75,,,0,indexed_rate_method=appendix_b_unindexed:medium;survey_quantity_rule=exact_33:medium,indexed_rate_method=appendix_b_unindexed:medium;survey_quantity_rule=exact_33:medium,
PA-00178,0,pass,correct,,,22776475,22776475,22776475,22776475,medium,0.75,,,0,indexed_rate_method=appendix_b_unindexed:medium,indexed_rate_method=appendix_b_unindexed:medium,
PA-00179,0,pass,correct,,,29345345,29345345,29345345,29345345,medium,0.75,,,0,monthly_rate_treatment=final_rate:medium,monthly_rate_treatment=final_rate:medium,
PA-00180,0,pass,correct,,,21061378,21061378,21061378,21061378,medium,0.75,,,0,indexed_rate_method=appendix_b_unindexed:medium,indexed_rate_method=appendix_b_unindexed:medium,
PA-00181,0,pass,correct,,,30594505,30594505,30594505,30594505,high,0.95,,,0,,,
PA-00182,0,pass,correct,,,5414686,5414686,5414686,5414686,high,0.95,,,0,,,
PA-00183,0,pass,correct,,,14540966,14540966,14540966,14540966,high,0.95,,,0,,,
PA-00184,0,pass,correct,,,4472459,4472459,4472459,4472459,high,0.95,,,0,,,
PA-00185,0,pass,correct,,,42629537,42629537,42629537,42629537,high,0.95,,,0,,,
PA-00186,0,pass,correct,,,20860362,20860362,20860362,20860362,high,0.95,,,0,,,
PA-00187,0,pass,correct,,,21077191,21077191,21077191,21077191,high,0.95,,,0,,,
PA-00188,0,pass,correct,,,37320006,37320006,37320006,37320006,high,0.95,,,0,,,
PA-00189,0,pass,correct,,,18057243,18057243,18057243,18057243,medium,0.75,,,0,survey_quantity_rule=exact_33:medium,survey_quantity_rule=exact_33:medium,
PA-00190,0,pass,correct,,,3401315,3401315,3401315,3401315,high,0.95,,,0,,,
PA-00191,0,pass,correct,,,19824198,19824198,19824198,19824198,medium,0.75,,,0,indexed_rate_method=appendix_b_unindexed:medium,indexed_rate_method=appendix_b_unindexed:medium,
PA-00192,0,pass,correct,,,50986487,50986487,50986487,50986487,medium,0.75,,,0,indexed_rate_method=appendix_b_unindexed:medium,indexed_rate_method=appendix_b_unindexed:medium,
PA-00193,0,pass,correct,,,10114123,10114123,10114123,10114123,high,0.95,,,0,,,
PA-00194,0,pass,correct,,,19337661,19337661,19337661,19337661,high,0.95,,,0,,,
PA-00195,0,pass,correct,,,25393204,25393204,25393204,25393204,high,0.95,,,0,,,
PA-00196,0,pass,correct,,,17125187,17125187,17125187,17125187,high,0.95,,,0,,,
PA-00197,0,pass,correct,,,9265737,9265737,9265737,9265737,high,0.95,,,0,,,
PA-00198,0,pass,correct,,,12234906,12234906,12234906,12234906,medium,0.75,,,0,indexed_rate_method=appendix_b_unindexed:medium,indexed_rate_method=appendix_b_unindexed:medium,
PA-00199,0,pass,correct,,,38788826,38788826,38788826,38788826,high,0.95,,,0,,,
PA-00200,0,pass,correct,,,28213083,28213083,28213083,28213083,high,0.95,,,0,,,
PA-00201,0,pass,correct,,,19292600,19292600,19292600,19292600,high,0.95,,,0,,,
PA-00202,0,pass,correct,,,10259644,10259644,10259644,10259644,high,0.95,,,0,,,
PA-00203,0,pass,correct,,,8950202,8950202,8950202,8950202,high,0.95,,,0,,,
PA-00204,0,pass,correct,,,12817971,12817971,12817971,12817971,medium,0.75,,,0,indexed_rate_method=appendix_b_unindexed:medium,indexed_rate_method=appendix_b_unindexed:medium,
PA-00205,0,pass,correct,,,20858009,20858009,20858009,20858009,high,0.95,,,0,,,
PA-00206,0,pass,correct,,,4609792,4609792,4609792,4609792,high,0.95,,,0,,,
PA-00207,0,pass,correct,,,5005767,5005767,5005767,5005767,high,0.95,,,0,,,
PA-00208,0,pass,correct,,,9629996,9629996,9629996,9629996,high,0.95,,,0,,,
PA-00209,0,pass,correct,,,14995261,14995261,14995261,14995261,high,0.95,,,0,,,
PA-00210,0,pass,correct,,,40645841,40645841,40645841,40645841,medium,0.75,,,0,indexed_rate_method=appendix_b_unindexed:medium;survey_quantity_rule=exact_33:medium,indexed_rate_method=appendix_b_unindexed:medium;survey_quantity_rule=exact_33:medium,
PA-00211,0,pass,correct,,,16574982,16574982,16574982,16574982,high,0.95,,,0,,,
PA-00212,0,pass,correct,,,26924151,26924151,26924151,26924151,high,0.95,,,0,,,
PA-00213,0,pass,correct,,,3499872,3499872,3499872,3499872,medium,0.75,,,0,indexed_rate_method=appendix_b_unindexed:medium,indexed_rate_method=appendix_b_unindexed:medium,
PA-00214,0,pass,correct,,,5977250,5977250,5977250,5977250,high,0.95,,,0,,,
PA-00215,0,pass,correct,,,2877020,2877020,2877020,2877020,high,0.95,,,0,,,
PA-00216,0,pass,correct,,,36131361,36131361,36131361,36131361,high,0.95,,,0,,,
PA-00217,0,pass,correct,,,22332595,22332595,22332595,22332595,high,0.95,,,0,,,
PA-00218,0,pass,correct,,,11577999,11577999,11577999,11577999,medium,0.75,,,0,indexed_rate_method=appendix_b_unindexed:medium,indexed_rate_method=appendix_b_unindexed:medium,
PA-00219,1,part-reject,undetermined,duplicate_record,duplicate_record,7544421,,7392021,7392021,high,0.95,unresolved_interpretation:indexed_rate_method,unresolved_interpretation:indexed_rate_method,1,indexed_rate_method=appendix_b_unindexed:medium,,
PA-00220,0,pass,correct,,,31072762,31072762,31072762,31072762,medium,0.75,,,0,indexed_rate_method=appendix_b_unindexed:medium,indexed_rate_method=appendix_b_unindexed:medium,
PA-00221,0,pass,correct,,,32695774,32695774,32695774,32695774,medium,0.75,,,0,indexed_rate_method=appendix_b_unindexed:medium,indexed_rate_method=appendix_b_unindexed:medium,
PA-00222,0,pass,correct,,,6409346,6409346,6409346,6409346,medium,0.75,,,0,indexed_rate_method=appendix_b_unindexed:medium,indexed_rate_method=appendix_b_unindexed:medium,
PA-00223,0,pass,correct,,,6685470,6685470,6685470,6685470,high,0.95,,,0,,,
PA-00224,0,pass,correct,,,23666002,23666002,23666002,23666002,high,0.95,,,0,,,
PA-00225,0,pass,correct,,,16955044,16955044,16955044,16955044,medium,0.75,,,0,indexed_rate_method=appendix_b_unindexed:medium,indexed_rate_method=appendix_b_unindexed:medium,
PA-00226,0,pass,correct,,,9196313,9196313,9196313,9196313,high,0.95,,,0,,,
PA-00227,0,pass,correct,,,13499678,13499678,13499678,13499678,high,0.95,,,0,,,
PA-00228,0,pass,correct,,,8534538,8534538,8534538,8534538,high,0.95,,,0,,,
PA-00229,0,pass,correct,,,11197452,11197452,11197452,11197452,high,0.95,,,0,,,
PA-00230,0,pass,correct,,,21644023,21644023,21644023,21644023,medium,0.75,,,0,indexed_rate_method=appendix_b_unindexed:medium,indexed_rate_method=appendix_b_unindexed:medium,
PA-00231,0,pass,correct,,,26883561,26883561,26883561,26883561,medium,0.75,,,0,indexed_rate_method=appendix_b_unindexed:medium;monthly_rate_treatment=final_rate:medium,indexed_rate_method=appendix_b_unindexed:medium;monthly_rate_treatment=final_rate:medium,
PA-00232,0,pass,correct,,,26604226,26604226,26604226,26604226,medium,0.75,,,0,indexed_rate_method=appendix_b_unindexed:medium;survey_quantity_rule=exact_33:medium,indexed_rate_method=appendix_b_unindexed:medium;survey_quantity_rule=exact_33:medium,
PA-00233,0,pass,correct,,,20497637,20497637,20497637,20497637,high,0.95,,,0,,,
PA-00234,0,pass,correct,,,2103894,2103894,2103894,2103894,medium,0.75,,,0,indexed_rate_method=appendix_b_unindexed:medium,indexed_rate_method=appendix_b_unindexed:medium,
PA-00235,0,pass,correct,,,26043176,26043176,26043176,26043176,high,0.95,,,0,,,
PA-00236,0,pass,correct,,,11965001,11965001,11965001,11965001,high,0.95,,,0,,,
PA-00237,0,pass,correct,,,3373892,3373892,3373892,3373892,high,0.95,,,0,,,
PA-00238,0,pass,correct,,,23732740,23732740,23732740,23732740,medium,0.75,,,0,indexed_rate_method=appendix_b_unindexed:medium,indexed_rate_method=appendix_b_unindexed:medium,
PA-00239,0,pass,correct,,,15024806,15024806,15024806,15024806,high,0.95,,,0,,,
PA-00240,0,pass,correct,,,15242323,15242323,15242323,15242323,medium,0.75,,,0,indexed_rate_method=appendix_b_unindexed:medium,indexed_rate_method=appendix_b_unindexed:medium,
PA-00241,0,pass,correct,,,19766553,19766553,19766553,19766553,high,0.95,,,0,,,
PA-00242,0,pass,correct,,,13335322,13335322,13335322,13335322,high,0.95,,,0,,,
PA-00243,1,part-reject,corrected,quantity_exceeds_record,quantity_exceeds_record;daily_limit_exceeded,9409916,9248516,9248516,9248516,high,0.95,,,2,,,
PA-00244,0,pass,correct,,,31011262,31011262,31011262,31011262,high,0.95,,,0,,,
PA-00245,0,pass,correct,,,32825316,32825316,32825316,32825316,medium,0.75,,,0,indexed_rate_method=appendix_b_unindexed:medium,indexed_rate_method=appendix_b_unindexed:medium,
PA-00246,0,pass,correct,,,3999930,3999930,3999930,3999930,high,0.95,,,0,,,
PA-00247,0,pass,correct,,,23287045,23287045,23287045,23287045,high,0.95,,,0,,,
PA-00248,1,part-reject,corrected,unit_rate_mismatch,unit_rate_mismatch,3091793,3112167,3112167,3112167,high,0.95,,,1,,,
PA-00249,0,pass,correct,,,13499419,13499419,13499419,13499419,high,0.95,,,0,,,
PA-00250,0,pass,correct,,,20412619,20412619,20412619,20412619,high,0.95,,,0,,,
PA-00251,0,pass,correct,,,13183046,13183046,13183046,13183046,high,0.95,,,0,,,
PA-00252,0,pass,correct,,,11125843,11125843,11125843,11125843,high,0.95,,,0,,,
PA-00253,0,pass,correct,,,2889306,2889306,2889306,2889306,high,0.95,,,0,,,
PA-00254,0,pass,correct,,,9526011,9526011,9526011,9526011,medium,0.75,,,0,indexed_rate_method=appendix_b_unindexed:medium,indexed_rate_method=appendix_b_unindexed:medium,
PA-00255,0,pass,correct,,,6077487,6077487,6077487,6077487,medium,0.75,,,0,indexed_rate_method=appendix_b_unindexed:medium,indexed_rate_method=appendix_b_unindexed:medium,
PA-00256,0,pass,correct,,,3292594,3292594,3292594,3292594,high,0.95,,,0,,,
PA-00257,0,pass,correct,,,3979778,3979778,3979778,3979778,high,0.95,,,0,,,
PA-00258,0,pass,correct,,,23297337,23297337,23297337,23297337,high,0.95,,,0,,,
PA-00259,0,pass,correct,,,2930509,2930509,2930509,2930509,medium,0.75,,,0,indexed_rate_method=appendix_b_unindexed:medium,indexed_rate_method=appendix_b_unindexed:medium,
PA-00260,0,pass,correct,,,9867820,9867820,9867820,9867820,high,0.95,,,0,,,
PA-00261,0,pass,correct,,,8455074,8455074,8455074,8455074,high,0.95,,,0,,,
PA-00262,1,part-reject,undetermined,duplicate_record,duplicate_record,54127139,,53965595,53965595,medium,0.75,unresolved_interpretation:indexed_rate_method,unresolved_interpretation:indexed_rate_method;unresolved_interpretation:measurement_order,1,indexed_rate_method=appendix_b_unindexed:medium;measurement_order=application_number:medium,,
PA-00263,1,part-reject,undetermined,duplicate_record,duplicate_record,28005308,,27810236,27810236,medium,0.75,unresolved_interpretation:measurement_order,unresolved_interpretation:measurement_order,1,measurement_order=application_number:medium,,
PA-00264,0,pass,correct,,,29085795,29085795,29085795,29085795,high,0.95,,,0,,,
PA-00265,0,pass,correct,,,15303629,15303629,15303629,15303629,medium,0.75,,,0,indexed_rate_method=appendix_b_unindexed:medium,indexed_rate_method=appendix_b_unindexed:medium,
PA-00266,0,pass,correct,,,4470019,4470019,4470019,4470019,high,0.95,,,0,,,
PA-00267,0,pass,correct,,,18822033,18822033,18822033,18822033,high,0.95,,,0,,,
PA-00268,1,part-reject,corrected,discount_incorrectly_applied,discount_incorrectly_applied,8140475,7917059,7917059,7917059,high,0.95,,,1,,,
PA-00269,0,pass,correct,,,36974354,36974354,36974354,36974354,medium,0.75,,,0,indexed_rate_method=appendix_b_unindexed:medium;monthly_rate_treatment=final_rate:medium;survey_quantity_rule=exact_33:medium,indexed_rate_method=appendix_b_unindexed:medium;monthly_rate_treatment=final_rate:medium;survey_quantity_rule=exact_33:medium,
PA-00270,0,pass,correct,,,7909183,7909183,7909183,7909183,high,0.95,,,0,,,
PA-00271,0,pass,correct,,,34252975,34252975,34252975,34252975,medium,0.75,,,0,indexed_rate_method=appendix_b_unindexed:medium;survey_quantity_rule=exact_33:medium,indexed_rate_method=appendix_b_unindexed:medium;survey_quantity_rule=exact_33:medium,
PA-00272,0,pass,correct,,,20116758,20116758,20116758,20116758,high,0.95,,,0,,,
PA-00273,0,pass,correct,,,13962833,13962833,13962833,13962833,high,0.95,,,0,,,
PA-00274,0,pass,correct,,,10053380,10053380,10053380,10053380,high,0.95,,,0,,,
PA-00275,0,pass,correct,,,8431958,8431958,8431958,8431958,high,0.95,,,0,,,
PA-00276,0,pass,correct,,,5954936,5954936,5954936,5954936,high,0.95,,,0,,,
PA-00277,0,pass,correct,,,16283343,16283343,16283343,16283343,high,0.95,,,0,,,
PA-00278,0,pass,correct,,,22383256,22383256,22383256,22383256,medium,0.75,,,0,indexed_rate_method=appendix_b_unindexed:medium,indexed_rate_method=appendix_b_unindexed:medium,
PA-00279,0,pass,correct,,,20095841,20095841,20095841,20095841,high,0.95,,,0,,,
PA-00280,0,pass,correct,,,11604206,11604206,11604206,11604206,medium,0.75,,,0,indexed_rate_method=appendix_b_unindexed:medium,indexed_rate_method=appendix_b_unindexed:medium,
PA-00281,0,pass,correct,,,16890393,16890393,16890393,16890393,high,0.95,,,0,,,
PA-00282,0,pass,correct,,,14209280,14209280,14209280,14209280,medium,0.75,,,0,indexed_rate_method=appendix_b_unindexed:medium,indexed_rate_method=appendix_b_unindexed:medium,
PA-00283,0,pass,correct,,,9365597,9365597,9365597,9365597,high,0.95,,,0,,,
PA-00284,0,pass,correct,,,31927871,31927871,31927871,31927871,high,0.95,,,0,,,
PA-00285,0,pass,correct,,,5699786,5699786,5699786,5699786,high,0.95,,,0,,,
PA-00286,0,pass,correct,,,33971501,33971501,33971501,33971501,medium,0.75,,,0,indexed_rate_method=appendix_b_unindexed:medium;survey_quantity_rule=exact_33:medium,indexed_rate_method=appendix_b_unindexed:medium;survey_quantity_rule=exact_33:medium,
PA-00287,0,pass,correct,,,29479764,29479764,29479764,29479764,medium,0.75,,,0,monthly_rate_treatment=final_rate:medium,monthly_rate_treatment=final_rate:medium,
PA-00288,0,pass,correct,,,56120362,56120362,56120362,56120362,medium,0.75,,,0,indexed_rate_method=appendix_b_unindexed:medium,indexed_rate_method=appendix_b_unindexed:medium,
PA-00289,0,pass,correct,,,17899692,17899692,17899692,17899692,high,0.95,,,0,,,
PA-00290,0,pass,correct,,,9990259,9990259,9990259,9990259,high,0.95,,,0,,,
PA-00291,1,part-reject,corrected,unit_rate_mismatch,unit_rate_mismatch,12659991,11949621,11949621,11949621,high,0.95,,,1,,,
PA-00292,0,pass,correct,,,2566080,2566080,2566080,2566080,high,0.95,,,0,,,
PA-00293,0,pass,correct,,,12345821,12345821,12345821,12345821,medium,0.75,,,0,indexed_rate_method=appendix_b_unindexed:medium,indexed_rate_method=appendix_b_unindexed:medium,
PA-00294,0,pass,correct,,,11387900,11387900,11387900,11387900,high,0.95,,,0,,,
PA-00295,0,pass,correct,,,6770347,6770347,6770347,6770347,high,0.95,,,0,,,
PA-00296,0,pass,correct,,,5044727,5044727,5044727,5044727,high,0.95,,,0,,,
PA-00297,1,part-reject,undetermined,unit_rate_mismatch,unit_rate_mismatch,20840301,,35988687,35988687,high,0.95,unresolved_interpretation:monthly_rate_treatment,unresolved_interpretation:monthly_rate_treatment,2,monthly_rate_treatment=final_rate:medium,,
PA-00298,0,pass,correct,,,48602005,48602005,48602005,48602005,medium,0.75,,,0,indexed_rate_method=appendix_b_unindexed:medium;survey_quantity_rule=exact_33:medium,indexed_rate_method=appendix_b_unindexed:medium;survey_quantity_rule=exact_33:medium,
PA-00299,0,pass,correct,,,7734231,7734231,7734231,7734231,high,0.95,,,0,,,
PA-00300,0,pass,correct,,,19484773,19484773,19484773,19484773,high,0.95,,,0,,,
PA-00301,0,pass,correct,,,15954530,15954530,15954530,15954530,high,0.95,,,0,,,
PA-00302,0,pass,correct,,,2060504,2060504,2060504,2060504,high,0.95,,,0,,,
PA-00303,0,pass,correct,,,15635865,15635865,15635865,15635865,high,0.95,,,0,,,
PA-00304,0,pass,correct,,,677665,677665,677665,677665,high,0.95,,,0,,,
PA-00305,0,pass,correct,,,4227439,4227439,4227439,4227439,high,0.95,,,0,,,
PA-00306,0,pass,correct,,,27344615,27344615,27344615,27344615,medium,0.75,,,0,indexed_rate_method=appendix_b_unindexed:medium,indexed_rate_method=appendix_b_unindexed:medium,
PA-00307,0,pass,correct,,,15619675,15619675,15619675,15619675,high,0.95,,,0,,,
PA-00308,0,pass,correct,,,22794729,22794729,22794729,22794729,medium,0.75,,,0,indexed_rate_method=appendix_b_unindexed:medium,indexed_rate_method=appendix_b_unindexed:medium,
PA-00309,1,part-reject,corrected,duplicate_record,duplicate_record,8592520,8444520,8444520,8444520,high,0.95,,,1,,,
PA-00310,0,pass,correct,,,4154451,4154451,4154451,4154451,high,0.95,,,0,,,
PA-00311,0,pass,correct,,,4219918,4219918,4219918,4219918,high,0.95,,,0,,,
PA-00312,1,part-reject,undetermined,quantity_exceeds_record,quantity_exceeds_record;rebate_incorrectly_applied,28749989,,28548574,28548574,high,0.95,unresolved_interpretation:indexed_rate_method,unresolved_interpretation:indexed_rate_method,2,indexed_rate_method=appendix_b_unindexed:medium,,
PA-00313,0,pass,correct,,,48444166,48444166,48444166,48444166,medium,0.75,,,0,indexed_rate_method=appendix_b_unindexed:medium,indexed_rate_method=appendix_b_unindexed:medium,
PA-00314,0,pass,correct,,,8292795,8292795,8292795,8292795,high,0.95,,,0,,,
PA-00315,0,pass,correct,,,30391091,30391091,30391091,30391091,medium,0.75,,,0,indexed_rate_method=appendix_b_unindexed:medium,indexed_rate_method=appendix_b_unindexed:medium,
PA-00316,0,pass,correct,,,17835391,17835391,17835391,17835391,medium,0.75,,,0,indexed_rate_method=appendix_b_unindexed:medium,indexed_rate_method=appendix_b_unindexed:medium,
PA-00317,0,pass,correct,,,3897318,3897318,3897318,3897318,high,0.95,,,0,,,
PA-00318,0,pass,correct,,,57674762,57674762,57674762,57674762,high,0.95,,,0,,,
PA-00319,0,pass,correct,,,25354163,25354163,25354163,25354163,medium,0.75,,,0,monthly_rate_treatment=final_rate:medium,monthly_rate_treatment=final_rate:medium,
PA-00320,1,part-reject,corrected,unit_rate_mismatch,unit_rate_mismatch,5480086,5369616,5369616,5369616,high,0.95,,,2,,,
PA-00321,0,pass,correct,,,25108454,25108454,25108454,25108454,medium,0.75,,,0,indexed_rate_method=appendix_b_unindexed:medium,indexed_rate_method=appendix_b_unindexed:medium,
PA-00322,0,pass,correct,,,9855226,9855226,9855226,9855226,high,0.95,,,0,,,
PA-00323,0,pass,correct,,,16142007,16142007,16142007,16142007,high,0.95,,,0,,,
PA-00324,0,pass,correct,,,32326181,32326181,32326181,32326181,high,0.95,,,0,,,
PA-00325,0,pass,correct,,,20437140,20437140,20437140,20437140,medium,0.75,,,0,indexed_rate_method=appendix_b_unindexed:medium,indexed_rate_method=appendix_b_unindexed:medium,
PA-00326,0,pass,correct,,,9064896,9064896,9064896,9064896,high,0.95,,,0,,,
PA-00327,0,pass,correct,,,39433968,39433968,39433968,39433968,high,0.95,,,0,,,
PA-00328,0,pass,correct,,,7752124,7752124,7752124,7752124,high,0.95,,,0,,,
PA-00329,0,pass,correct,,,29382714,29382714,29382714,29382714,medium,0.75,,,0,indexed_rate_method=appendix_b_unindexed:medium,indexed_rate_method=appendix_b_unindexed:medium,
PA-00330,0,pass,correct,,,19200208,19200208,19200208,19200208,high,0.95,,,0,,,
PA-00331,0,pass,correct,,,18182857,18182857,18182857,18182857,medium,0.75,,,0,indexed_rate_method=appendix_b_unindexed:medium,indexed_rate_method=appendix_b_unindexed:medium,
PA-00332,0,pass,correct,,,16069138,16069138,16069138,16069138,high,0.95,,,0,,,
PA-00333,0,pass,correct,,,11985686,11985686,11985686,11985686,high,0.95,,,0,,,
PA-00334,0,pass,correct,,,22922044,22922044,22922044,22922044,high,0.95,,,0,,,
PA-00335,0,pass,correct,,,13321590,13321590,13321590,13321590,high,0.95,,,0,,,
PA-00336,0,pass,correct,,,8772710,8772710,8772710,8772710,high,0.95,,,0,,,
PA-00337,0,pass,correct,,,25636486,25636486,25636486,25636486,high,0.95,,,0,,,
PA-00338,0,pass,correct,,,17638787,17638787,17638787,17638787,high,0.95,,,0,,,
PA-00339,0,pass,correct,,,5451871,5451871,5451871,5451871,high,0.95,,,0,,,
PA-00340,0,pass,correct,,,25455649,25455649,25455649,25455649,high,0.95,,,0,,,
PA-00341,0,pass,correct,,,6044669,6044669,6044669,6044669,high,0.95,,,0,,,
PA-00342,0,pass,correct,,,22316777,22316777,22316777,22316777,high,0.95,,,0,,,
PA-00343,0,pass,correct,,,12247690,12247690,12247690,12247690,high,0.95,,,0,,,
PA-00344,0,pass,correct,,,3707167,3707167,3707167,3707167,high,0.95,,,0,,,
PA-00345,0,pass,correct,,,20275085,20275085,20275085,20275085,medium,0.75,,,0,indexed_rate_method=appendix_b_unindexed:medium,indexed_rate_method=appendix_b_unindexed:medium,
PA-00346,0,pass,correct,,,13451730,13451730,13451730,13451730,high,0.95,,,0,,,
PA-00347,0,pass,correct,,,8850212,8850212,8850212,8850212,high,0.95,,,0,,,
PA-00348,1,part-reject,corrected,duplicate_record,duplicate_record,17281258,17086186,17086186,17086186,high,0.95,,,1,,,
PA-00349,0,pass,correct,,,35490658,35490658,35490658,35490658,high,0.95,,,0,,,
PA-00350,1,part-reject,corrected,unit_rate_mismatch,unit_rate_mismatch,2898313,2656068,2656068,2656068,high,0.95,,,1,,,
PA-00351,0,pass,correct,,,49707466,49707466,49707466,49707466,high,0.95,,,0,,,
PA-00352,0,pass,correct,,,2893506,2893506,2893506,2893506,medium,0.75,,,0,measurement_order=application_number:medium,measurement_order=application_number:medium,
PA-00353,0,pass,correct,,,33751493,33751493,33751493,33751493,medium,0.75,,,0,indexed_rate_method=appendix_b_unindexed:medium,indexed_rate_method=appendix_b_unindexed:medium,
PA-00354,0,pass,correct,,,25523536,25523536,25523536,25523536,medium,0.75,,,0,indexed_rate_method=appendix_b_unindexed:medium,indexed_rate_method=appendix_b_unindexed:medium,
PA-00355,0,pass,correct,,,23862230,23862230,23862230,23862230,high,0.95,,,0,,,
PA-00356,0,pass,correct,,,3464012,3464012,3464012,3464012,high,0.95,,,0,,,
PA-00357,0,pass,correct,,,18381662,18381662,18381662,18381662,medium,0.75,,,0,indexed_rate_method=appendix_b_unindexed:medium,indexed_rate_method=appendix_b_unindexed:medium,
PA-00358,0,pass,correct,,,15125469,15125469,15125469,15125469,high,0.95,,,0,,,
PA-00359,0,pass,correct,,,27477288,27477288,27477288,27477288,high,0.95,,,0,,,
PA-00360,0,pass,correct,,,7990903,7990903,7990903,7990903,high,0.95,,,0,,,
PA-00361,0,pass,correct,,,12444859,12444859,12444859,12444859,high,0.95,,,0,,,
PA-00362,0,pass,correct,,,31168581,31168581,31168581,31168581,medium,0.75,,,0,monthly_rate_treatment=final_rate:medium,monthly_rate_treatment=final_rate:medium,
PA-00363,0,pass,correct,,,15059643,15059643,15059643,15059643,medium,0.75,,,0,indexed_rate_method=appendix_b_unindexed:medium,indexed_rate_method=appendix_b_unindexed:medium,
PA-00364,0,pass,correct,,,17205469,17205469,17205469,17205469,high,0.95,,,0,,,
PA-00365,0,pass,correct,,,25855395,25855395,25855395,25855395,medium,0.75,,,0,survey_quantity_rule=exact_33:medium,survey_quantity_rule=exact_33:medium,
PA-00366,0,pass,correct,,,30971200,30971200,30971200,30971200,high,0.95,,,0,,,
PA-00367,0,pass,correct,,,13742701,13742701,13742701,13742701,medium,0.75,,,0,indexed_rate_method=appendix_b_unindexed:medium,indexed_rate_method=appendix_b_unindexed:medium,
PA-00368,0,pass,correct,,,28941558,28941558,28941558,28941558,high,0.95,,,0,,,
PA-00369,0,pass,correct,,,21710854,21710854,21710854,21710854,high,0.95,,,0,,,
PA-00370,0,pass,correct,,,2833916,2833916,2833916,2833916,high,0.95,,,0,,,
PA-00371,0,pass,correct,,,9017546,9017546,9017546,9017546,high,0.95,,,0,,,
PA-00372,0,pass,correct,,,42064942,42064942,42064942,42064942,medium,0.75,,,0,monthly_rate_treatment=final_rate:medium,monthly_rate_treatment=final_rate:medium,
PA-00373,0,pass,correct,,,7242816,7242816,7242816,7242816,high,0.95,,,0,,,
PA-00374,1,part-reject,corrected,rebate_incorrectly_applied,rebate_incorrectly_applied,17329539,17253143,17253143,17253143,high,0.95,,,1,,,
PA-00375,1,part-reject,corrected,work_after_final_completion,work_after_final_completion,33752303,33658069,33658069,33658069,high,0.95,,,1,,,
PA-00376,0,pass,correct,,,19286971,19286971,19286971,19286971,medium,0.75,,,0,monthly_rate_treatment=final_rate:medium,monthly_rate_treatment=final_rate:medium,
PA-00377,0,pass,correct,,,8132816,8132816,8132816,8132816,high,0.95,,,0,,,
PA-00378,0,pass,correct,,,10822814,10822814,10822814,10822814,high,0.95,,,0,,,
PA-00379,0,pass,correct,,,25729390,25729390,25729390,25729390,high,0.95,,,0,,,
PA-00380,0,pass,correct,,,13009143,13009143,13009143,13009143,low,0.55,,,0,indexed_rate_method=appendix_b_unindexed:medium;retro_adjustment_trigger=after_issue:low,indexed_rate_method=appendix_b_unindexed:medium;retro_adjustment_trigger=after_issue:low,
PA-00381,0,pass,correct,,,19120004,19120004,19120004,19120004,high,0.95,,,0,,,
PA-00382,0,pass,correct,,,24371682,24371682,24371682,24371682,high,0.95,,,0,,,
PA-00383,0,pass,correct,,,15244696,15244696,15244696,15244696,high,0.95,,,0,,,
PA-00384,0,pass,correct,,,9499348,9499348,9499348,9499348,high,0.95,,,0,,,
PA-00385,0,pass,correct,,,15677621,15677621,15677621,15677621,medium,0.75,,,0,indexed_rate_method=appendix_b_unindexed:medium,indexed_rate_method=appendix_b_unindexed:medium,
PA-00386,0,pass,correct,,,3051165,3051165,3051165,3051165,high,0.95,,,0,,,
PA-00387,0,pass,correct,,,19054090,19054090,19054090,19054090,high,0.95,,,0,,,
PA-00388,0,pass,correct,,,43983341,43983341,43983341,43983341,medium,0.75,,,0,measurement_order=application_number:medium,measurement_order=application_number:medium,
PA-00389,0,pass,correct,,,6058859,6058859,6058859,6058859,high,0.95,,,0,,,
PA-00390,0,pass,correct,,,16452899,16452899,16452899,16452899,high,0.95,,,0,,,
PA-00391,0,pass,correct,,,30603729,30603729,30603729,30603729,medium,0.75,,,0,indexed_rate_method=appendix_b_unindexed:medium,indexed_rate_method=appendix_b_unindexed:medium,
PA-00392,0,pass,correct,,,27530331,27530331,27530331,27530331,high,0.95,,,0,,,
PA-00393,0,pass,correct,,,8854668,8854668,8854668,8854668,high,0.95,,,0,,,
PA-00394,0,pass,correct,,,36405687,36405687,36405687,36405687,high,0.95,,,0,,,
PA-00395,1,part-reject,corrected,duplicate_record,duplicate_record,31501302,31306230,31306230,31306230,high,0.95,,,1,,,
PA-00396,0,pass,correct,,,19003602,19003602,19003602,19003602,high,0.95,,,0,,,
PA-00397,0,pass,correct,,,13951157,13951157,13951157,13951157,high,0.95,,,0,,,
PA-00398,0,pass,correct,,,15910502,15910502,15910502,15910502,high,0.95,,,0,,,
PA-00399,0,pass,correct,,,9049653,9049653,9049653,9049653,medium,0.75,,,0,indexed_rate_method=appendix_b_unindexed:medium,indexed_rate_method=appendix_b_unindexed:medium,
PA-00400,0,pass,correct,,,14307273,14307273,14307273,14307273,high,0.95,,,0,,,
PA-00401,0,pass,correct,,,9161203,9161203,9161203,9161203,high,0.95,,,0,,,
PA-00402,0,pass,correct,,,11634790,11634790,11634790,11634790,medium,0.75,,,0,indexed_rate_method=appendix_b_unindexed:medium,indexed_rate_method=appendix_b_unindexed:medium,
PA-00403,0,pass,correct,,,12852559,12852559,12852559,12852559,high,0.95,,,0,,,
PA-00404,0,pass,correct,,,36160859,36160859,36160859,36160859,medium,0.75,,,0,indexed_rate_method=appendix_b_unindexed:medium,indexed_rate_method=appendix_b_unindexed:medium,
PA-00405,0,pass,correct,,,12895432,12895432,12895432,12895432,medium,0.75,,,0,indexed_rate_method=appendix_b_unindexed:medium,indexed_rate_method=appendix_b_unindexed:medium,
PA-00406,1,part-reject,corrected,unit_mismatch,unit_mismatch;unit_rate_mismatch,14467139,13688963,13688963,13688963,high,0.95,,,2,,,
PA-00407,0,pass,correct,,,10347348,10347348,10347348,10347348,high,0.95,,,0,,,
PA-00408,0,pass,correct,,,6606817,6606817,6606817,6606817,high,0.95,,,0,,,
PA-00409,0,pass,correct,,,4408364,4408364,4408364,4408364,high,0.95,,,0,,,
PA-00410,0,pass,correct,,,6065408,6065408,6065408,6065408,high,0.95,,,0,,,
PA-00411,1,part-reject,corrected,duplicate_record,duplicate_record,5898275,5703203,5703203,5703203,high,0.95,,,1,,,
PA-00412,0,pass,correct,,,23049827,23049827,23049827,23049827,high,0.95,,,0,,,
PA-00413,0,pass,correct,,,17558554,17558554,17558554,17558554,medium,0.75,,,0,indexed_rate_method=appendix_b_unindexed:medium,indexed_rate_method=appendix_b_unindexed:medium,
PA-00414,0,pass,correct,,,22558521,22558521,22558521,22558521,high,0.95,,,0,,,
PA-00415,0,pass,correct,,,5376556,5376556,5376556,5376556,medium,0.75,,,0,indexed_rate_method=appendix_b_unindexed:medium,indexed_rate_method=appendix_b_unindexed:medium,
PA-00416,0,pass,correct,,,4792644,4792644,4792644,4792644,high,0.95,,,0,,,
PA-00417,0,pass,correct,,,44762314,44762314,44762314,44762314,medium,0.75,,,0,indexed_rate_method=appendix_b_unindexed:medium,indexed_rate_method=appendix_b_unindexed:medium,
PA-00418,0,pass,correct,,,8916328,8916328,8916328,8916328,high,0.95,,,0,,,
PA-00419,0,pass,correct,,,5415118,5415118,5415118,5415118,high,0.95,,,0,,,
PA-00420,0,pass,correct,,,20094796,20094796,20094796,20094796,medium,0.75,,,0,indexed_rate_method=appendix_b_unindexed:medium,indexed_rate_method=appendix_b_unindexed:medium,
PA-00421,0,pass,correct,,,15486519,15486519,15486519,15486519,medium,0.75,,,0,indexed_rate_method=appendix_b_unindexed:medium,indexed_rate_method=appendix_b_unindexed:medium,
PA-00422,0,pass,correct,,,26576333,26576333,26576333,26576333,medium,0.75,,,0,indexed_rate_method=appendix_b_unindexed:medium;monthly_rate_treatment=final_rate:medium,indexed_rate_method=appendix_b_unindexed:medium;monthly_rate_treatment=final_rate:medium,
PA-00423,0,pass,correct,,,30731694,30731694,30731694,30731694,high,0.95,,,0,,,
PA-00424,0,pass,correct,,,10004146,10004146,10004146,10004146,high,0.95,,,0,,,
PA-00425,0,pass,correct,,,21238521,21238521,21238521,21238521,high,0.95,,,0,,,
PA-00426,0,pass,correct,,,5385984,5385984,5385984,5385984,medium,0.75,,,0,indexed_rate_method=appendix_b_unindexed:medium,indexed_rate_method=appendix_b_unindexed:medium,
PA-00427,0,pass,correct,,,22039980,22039980,22039980,22039980,high,0.95,,,0,,,
PA-00428,0,pass,correct,,,9339121,9339121,9339121,9339121,high,0.95,,,0,,,
PA-00429,0,pass,correct,,,22875158,22875158,22875158,22875158,high,0.95,,,0,,,
PA-00430,0,pass,correct,,,16942945,16942945,16942945,16942945,high,0.95,,,0,,,
PA-00431,0,pass,correct,,,7966734,7966734,7966734,7966734,medium,0.75,,,0,measurement_order=application_number:medium,measurement_order=application_number:medium,
PA-00432,0,pass,correct,,,35621058,35621058,35621058,35621058,medium,0.75,,,0,indexed_rate_method=appendix_b_unindexed:medium,indexed_rate_method=appendix_b_unindexed:medium,
PA-00433,0,pass,correct,,,51851509,51851509,51851509,51851509,medium,0.75,,,0,indexed_rate_method=appendix_b_unindexed:medium,indexed_rate_method=appendix_b_unindexed:medium,
PA-00434,0,pass,correct,,,18927519,18927519,18927519,18927519,high,0.95,,,0,,,
PA-00435,0,pass,correct,,,32858060,32858060,32858060,32858060,high,0.95,,,0,,,
PA-00436,0,pass,correct,,,16790868,16790868,16790868,16790868,high,0.95,,,0,,,
PA-00437,0,pass,correct,,,10255165,10255165,10255165,10255165,high,0.95,,,0,,,
PA-00438,0,pass,correct,,,40732497,40732497,40732497,40732497,medium,0.75,,,0,survey_quantity_rule=exact_33:medium,survey_quantity_rule=exact_33:medium,
PA-00439,0,pass,correct,,,9176889,9176889,9176889,9176889,high,0.95,,,0,,,
PA-00440,0,pass,correct,,,7192703,7192703,7192703,7192703,medium,0.75,,,0,indexed_rate_method=appendix_b_unindexed:medium,indexed_rate_method=appendix_b_unindexed:medium,
PA-00441,0,pass,correct,,,15255211,15255211,15255211,15255211,high,0.95,,,0,,,
PA-00442,0,pass,correct,,,63595825,63595825,63595825,63595825,medium,0.75,,,0,survey_quantity_rule=exact_33:medium,survey_quantity_rule=exact_33:medium,
PA-00443,0,pass,correct,,,28068888,28068888,28068888,28068888,low,0.55,,,0,indexed_rate_method=appendix_b_unindexed:medium,indexed_rate_method=appendix_b_unindexed:medium;retro_adjustment_trigger=after_issue:low,
PA-00444,0,pass,correct,,,9978600,9978600,9978600,9978600,high,0.95,,,0,,,
PA-00445,0,pass,correct,,,2293592,2293592,2293592,2293592,high,0.95,,,0,,,
PA-00446,0,pass,correct,,,13217728,13217728,13217728,13217728,high,0.95,,,0,,,
PA-00447,0,pass,correct,,,31838272,31838272,31838272,31838272,high,0.95,,,0,,,
PA-00448,0,pass,correct,,,37345378,37345378,37345378,37345378,medium,0.75,,,0,indexed_rate_method=appendix_b_unindexed:medium,indexed_rate_method=appendix_b_unindexed:medium,
PA-00449,0,pass,correct,,,12495066,12495066,12495066,12495066,high,0.95,,,0,,,
PA-00450,0,pass,correct,,,32556941,32556941,32556941,32556941,medium,0.75,,,0,indexed_rate_method=appendix_b_unindexed:medium,indexed_rate_method=appendix_b_unindexed:medium,
PA-00451,0,pass,correct,,,4091290,4091290,4091290,4091290,high,0.95,,,0,,,
PA-00452,0,pass,correct,,,27091474,27091474,27091474,27091474,high,0.95,,,0,,,
PA-00453,0,pass,correct,,,2569919,2569919,2569919,2569919,high,0.95,,,0,,,
PA-00454,0,pass,correct,,,10148756,10148756,10148756,10148756,high,0.95,,,0,,,
PA-00455,0,pass,correct,,,8433657,8433657,8433657,8433657,high,0.95,,,0,,,
PA-00456,0,pass,correct,,,12778711,12778711,12778711,12778711,high,0.95,,,0,,,
PA-00457,0,pass,correct,,,41241325,41241325,41241325,41241325,medium,0.75,,,0,indexed_rate_method=appendix_b_unindexed:medium;survey_quantity_rule=exact_33:medium,indexed_rate_method=appendix_b_unindexed:medium;survey_quantity_rule=exact_33:medium,
PA-00458,0,pass,correct,,,26841022,26841022,26841022,26841022,high,0.95,,,0,,,
PA-00459,0,pass,correct,,,12446258,12446258,12446258,12446258,high,0.95,,,0,,,
PA-00460,0,pass,correct,,,28357313,28357313,28357313,28357313,high,0.95,,,0,,,
PA-00461,0,pass,correct,,,14784412,14784412,14784412,14784412,high,0.95,,,0,,,
PA-00462,0,pass,correct,,,6901084,6901084,6901084,6901084,high,0.95,,,0,,,
PA-00463,0,pass,correct,,,7370153,7370153,7370153,7370153,high,0.95,,,0,,,
PA-00464,0,pass,correct,,,10206300,10206300,10206300,10206300,high,0.95,,,0,,,
PA-00465,0,pass,correct,,,2728926,2728926,2728926,2728926,high,0.95,,,0,,,
PA-00466,0,pass,correct,,,10561251,10561251,10561251,10561251,high,0.95,,,0,,,
PA-00467,0,pass,correct,,,5971586,5971586,5971586,5971586,high,0.95,,,0,,,
PA-00468,1,part-reject,corrected,duplicate_record,duplicate_record;unit_rate_mismatch,3209320,2716791,2716791,2716791,high,0.95,,,2,,,
PA-00469,0,pass,correct,,,47743018,47743018,47743018,47743018,high,0.95,,,0,,,
PA-00470,0,pass,correct,,,20710248,20710248,20710248,20710248,high,0.95,,,0,,,
PA-00471,0,pass,correct,,,10158864,10158864,10158864,10158864,medium,0.75,,,0,indexed_rate_method=appendix_b_unindexed:medium,indexed_rate_method=appendix_b_unindexed:medium,
PA-00472,0,pass,correct,,,21890573,21890573,21890573,21890573,high,0.95,,,0,,,
PA-00473,0,pass,correct,,,40521830,40521830,40521830,40521830,high,0.95,,,0,,,
PA-00474,0,pass,correct,,,29986691,29986691,29986691,29986691,high,0.95,,,0,,,
PA-00475,0,pass,correct,,,28161552,28161552,28161552,28161552,high,0.95,,,0,,,
PA-00476,0,pass,correct,,,15462574,15462574,15462574,15462574,high,0.95,,,0,,,
PA-00477,0,pass,correct,,,13085539,13085539,13085539,13085539,high,0.95,,,0,,,
PA-00478,0,pass,correct,,,12532896,12532896,12532896,12532896,high,0.95,,,0,,,
PA-00479,1,part-reject,undetermined,duplicate_record,duplicate_record,7959184,,7784686,7784686,medium,0.75,unresolved_interpretation:measurement_order,unresolved_interpretation:measurement_order,1,measurement_order=application_number:medium,,
PA-00480,0,pass,correct,,,13503975,13503975,13503975,13503975,high,0.95,,,0,,,
PA-00481,0,pass,correct,,,28189690,28189690,28189690,28189690,high,0.95,,,0,,,
PA-00482,0,pass,correct,,,15549325,15549325,15549325,15549325,high,0.95,,,0,,,
PA-00483,0,pass,correct,,,5282768,5282768,5282768,5282768,high,0.95,,,0,,,
PA-00484,0,pass,correct,,,4315833,4315833,4315833,4315833,high,0.95,,,0,,,
PA-00485,0,pass,correct,,,15572305,15572305,15572305,15572305,medium,0.75,,,0,survey_quantity_rule=exact_33:medium,survey_quantity_rule=exact_33:medium,
PA-00486,0,pass,correct,,,60927834,60927834,60927834,60927834,medium,0.75,,,0,monthly_rate_treatment=final_rate:medium,monthly_rate_treatment=final_rate:medium,
PA-00487,0,pass,correct,,,24535358,24535358,24535358,24535358,high,0.95,,,0,,,
PA-00488,0,pass,correct,,,41247911,41247911,41247911,41247911,medium,0.75,,,0,monthly_rate_treatment=final_rate:medium,monthly_rate_treatment=final_rate:medium,
PA-00489,1,part-reject,undetermined,unit_rate_mismatch,unit_rate_mismatch,12910508,,12858656,12858656,high,0.95,unresolved_interpretation:indexed_rate_method,unresolved_interpretation:indexed_rate_method,1,indexed_rate_method=appendix_b_unindexed:medium,,
PA-00490,0,pass,correct,,,9371946,9371946,9371946,9371946,medium,0.75,,,0,indexed_rate_method=appendix_b_unindexed:medium,indexed_rate_method=appendix_b_unindexed:medium,
PA-00491,0,pass,correct,,,6990786,6990786,6990786,6990786,high,0.95,,,0,,,
PA-00492,0,pass,correct,,,12311775,12311775,12311775,12311775,medium,0.75,,,0,indexed_rate_method=appendix_b_unindexed:medium,indexed_rate_method=appendix_b_unindexed:medium,
PA-00493,0,pass,correct,,,23255459,23255459,23255459,23255459,high,0.95,,,0,,,
PA-00494,0,pass,correct,,,15310172,15310172,15310172,15310172,high,0.95,,,0,,,
PA-00495,0,pass,correct,,,19179032,19179032,19179032,19179032,medium,0.75,,,0,indexed_rate_method=appendix_b_unindexed:medium,indexed_rate_method=appendix_b_unindexed:medium,
PA-00496,1,part-reject,undetermined,rebate_incorrectly_applied,rebate_incorrectly_applied,24498911,,24440766,24440766,high,0.95,unresolved_interpretation:indexed_rate_method,unresolved_interpretation:indexed_rate_method,1,indexed_rate_method=appendix_b_unindexed:medium,,
PA-00497,0,pass,correct,,,18996127,18996127,18996127,18996127,high,0.95,,,0,,,
PA-00498,0,pass,correct,,,10300762,10300762,10300762,10300762,high,0.95,,,0,,,
PA-00499,0,pass,correct,,,2137162,2137162,2137162,2137162,high,0.95,,,0,,,
PA-00500,0,pass,correct,,,23992116,23992116,23992116,23992116,high,0.95,,,0,,,
PA-00501,0,pass,correct,,,38739694,38739694,38739694,38739694,high,0.95,,,0,,,
PA-00502,0,pass,correct,,,36150033,36150033,36150033,36150033,high,0.95,,,0,,,
PA-00503,1,part-reject,undetermined,unit_rate_mismatch,unit_rate_mismatch,14399769,,13349662,13349662,high,0.95,unresolved_interpretation:indexed_rate_method,unresolved_interpretation:indexed_rate_method,1,indexed_rate_method=appendix_b_unindexed:medium,,
PA-00504,0,pass,correct,,,33374893,33374893,33374893,33374893,medium,0.75,,,0,indexed_rate_method=appendix_b_unindexed:medium,indexed_rate_method=appendix_b_unindexed:medium,
PA-00505,0,pass,correct,,,2566285,2566285,2566285,2566285,medium,0.75,,,0,indexed_rate_method=appendix_b_unindexed:medium,indexed_rate_method=appendix_b_unindexed:medium,
PA-00506,0,pass,correct,,,16727660,16727660,16727660,16727660,high,0.95,,,0,,,
PA-00507,0,pass,correct,,,33673301,33673301,33673301,33673301,medium,0.75,,,0,indexed_rate_method=appendix_b_unindexed:medium,indexed_rate_method=appendix_b_unindexed:medium,
PA-00508,0,pass,correct,,,10638322,10638322,10638322,10638322,high,0.95,,,0,,,
PA-00509,1,part-reject,corrected,unit_rate_mismatch,unit_rate_mismatch,9242641,8659190,8659190,8659190,high,0.95,,,1,,,
PA-00510,0,pass,correct,,,24928593,24928593,24928593,24928593,medium,0.75,,,0,indexed_rate_method=appendix_b_unindexed:medium;survey_quantity_rule=exact_33:medium,indexed_rate_method=appendix_b_unindexed:medium;survey_quantity_rule=exact_33:medium,
PA-00511,0,pass,correct,,,19963971,19963971,19963971,19963971,high,0.95,,,0,,,
PA-00512,0,pass,correct,,,13916542,13916542,13916542,13916542,high,0.95,,,0,,,
PA-00513,0,pass,correct,,,5782857,5782857,5782857,5782857,high,0.95,,,0,,,
PA-00514,0,pass,correct,,,8479483,8479483,8479483,8479483,high,0.95,,,0,,,
PA-00515,0,pass,correct,,,7085430,7085430,7085430,7085430,high,0.95,,,0,,,
PA-00516,0,pass,correct,,,10954352,10954352,10954352,10954352,high,0.95,,,0,,,
PA-00517,0,pass,correct,,,40066340,40066340,40066340,40066340,high,0.95,,,0,,,
PA-00518,0,pass,correct,,,1899440,1899440,1899440,1899440,high,0.95,,,0,,,
PA-00519,0,pass,correct,,,17941948,17941948,17941948,17941948,high,0.95,,,0,,,
PA-00520,0,pass,correct,,,12690368,12690368,12690368,12690368,high,0.95,,,0,,,
PA-00521,0,pass,correct,,,3771746,3771746,3771746,3771746,high,0.95,,,0,,,
PA-00522,0,pass,correct,,,5539744,5539744,5539744,5539744,high,0.95,,,0,,,
PA-00523,0,pass,correct,,,4075850,4075850,4075850,4075850,high,0.95,,,0,,,
PA-00524,0,pass,correct,,,8117216,8117216,8117216,8117216,high,0.95,,,0,,,
PA-00525,0,pass,correct,,,12084106,12084106,12084106,12084106,high,0.95,,,0,,,
PA-00526,0,pass,correct,,,7986510,7986510,7986510,7986510,high,0.95,,,0,,,
PA-00527,0,pass,correct,,,3492718,3492718,3492718,3492718,high,0.95,,,0,,,
PA-00528,0,pass,correct,,,24693670,24693670,24693670,24693670,high,0.95,,,0,,,
PA-00529,1,part-reject,undetermined,duplicate_record,duplicate_record,30634001,,30438929,30438929,high,0.95,unresolved_interpretation:indexed_rate_method,unresolved_interpretation:indexed_rate_method,1,indexed_rate_method=appendix_b_unindexed:medium,,
PA-00530,0,pass,correct,,,23151553,23151553,23151553,23151553,medium,0.75,,,0,survey_quantity_rule=exact_33:medium,survey_quantity_rule=exact_33:medium,
PA-00531,0,pass,correct,,,30713494,30713494,30713494,30713494,medium,0.75,,,0,indexed_rate_method=appendix_b_unindexed:medium,indexed_rate_method=appendix_b_unindexed:medium,
PA-00532,0,pass,correct,,,40739858,40739858,40739858,40739858,high,0.95,,,0,,,
PA-00533,0,pass,correct,,,29213098,29213098,29213098,29213098,medium,0.75,,,0,indexed_rate_method=appendix_b_unindexed:medium,indexed_rate_method=appendix_b_unindexed:medium,
PA-00534,0,pass,correct,,,18535180,18535180,18535180,18535180,high,0.95,,,0,,,
PA-00535,0,pass,correct,,,40599204,40599204,40599204,40599204,high,0.95,,,0,,,
PA-00536,0,pass,correct,,,22524185,22524185,22524185,22524185,high,0.95,,,0,,,
PA-00537,0,pass,correct,,,13600975,13600975,13600975,13600975,high,0.95,,,0,,,
PA-00538,0,pass,correct,,,27648608,27648608,27648608,27648608,high,0.95,,,0,,,
PA-00539,0,pass,correct,,,3638866,3638866,3638866,3638866,high,0.95,,,0,,,
PA-00540,0,pass,correct,,,9464386,9464386,9464386,9464386,high,0.95,,,0,,,
PA-00541,0,pass,correct,,,32480811,32480811,32480811,32480811,medium,0.75,,,0,indexed_rate_method=appendix_b_unindexed:medium,indexed_rate_method=appendix_b_unindexed:medium,
PA-00542,0,pass,correct,,,14268902,14268902,14268902,14268902,high,0.95,,,0,,,
PA-00543,0,pass,correct,,,18544771,18544771,18544771,18544771,medium,0.75,,,0,indexed_rate_method=appendix_b_unindexed:medium,indexed_rate_method=appendix_b_unindexed:medium,
PA-00544,0,pass,correct,,,33592867,33592867,33592867,33592867,high,0.95,,,0,,,
PA-00545,0,pass,correct,,,11721309,11721309,11721309,11721309,high,0.95,,,0,,,
PA-00546,0,pass,correct,,,16182246,16182246,16182246,16182246,medium,0.75,,,0,indexed_rate_method=appendix_b_unindexed:medium,indexed_rate_method=appendix_b_unindexed:medium,
PA-00547,0,pass,correct,,,32260840,32260840,32260840,32260840,medium,0.75,,,0,measurement_order=application_number:medium;survey_quantity_rule=exact_33:medium,measurement_order=application_number:medium;survey_quantity_rule=exact_33:medium,
PA-00548,0,pass,correct,,,8034503,8034503,8034503,8034503,high,0.95,,,0,,,
PA-00549,0,pass,correct,,,6291525,6291525,6291525,6291525,high,0.95,,,0,,,
PA-00550,0,pass,correct,,,6632919,6632919,6632919,6632919,medium,0.75,,,0,indexed_rate_method=appendix_b_unindexed:medium,indexed_rate_method=appendix_b_unindexed:medium,
PA-00551,0,pass,correct,,,44181489,44181489,44181489,44181489,medium,0.75,,,0,indexed_rate_method=appendix_b_unindexed:medium,indexed_rate_method=appendix_b_unindexed:medium,
PA-00552,0,pass,correct,,,19446103,19446103,19446103,19446103,high,0.95,,,0,,,
PA-00553,0,pass,correct,,,6702008,6702008,6702008,6702008,high,0.95,,,0,,,
PA-00554,0,pass,correct,,,7849291,7849291,7849291,7849291,medium,0.75,,,0,indexed_rate_method=appendix_b_unindexed:medium,indexed_rate_method=appendix_b_unindexed:medium,
PA-00555,0,pass,correct,,,8395223,8395223,8395223,8395223,high,0.95,,,0,,,
PA-00556,0,pass,correct,,,25505209,25505209,25505209,25505209,medium,0.75,,,0,indexed_rate_method=appendix_b_unindexed:medium,indexed_rate_method=appendix_b_unindexed:medium,
PA-00557,0,pass,correct,,,20131519,20131519,20131519,20131519,high,0.95,,,0,,,
PA-00558,0,pass,correct,,,10409387,10409387,10409387,10409387,high,0.95,,,0,,,
PA-00559,0,pass,correct,,,13247340,13247340,13247340,13247340,high,0.95,,,0,,,
PA-00560,1,query,undetermined,contract_reference_mismatch,contract_reference_mismatch,35157174,,35157174,35157174,high,0.95,unresolved_interpretation:monthly_rate_treatment,unresolved_interpretation:monthly_rate_treatment,1,monthly_rate_treatment=final_rate:medium,,
PA-00561,0,pass,correct,,,12872241,12872241,12872241,12872241,medium,0.75,,,0,indexed_rate_method=appendix_b_unindexed:medium,indexed_rate_method=appendix_b_unindexed:medium,
PA-00562,0,pass,correct,,,4479383,4479383,4479383,4479383,high,0.95,,,0,,,
PA-00563,0,pass,correct,,,892439,892439,892439,892439,high,0.95,,,0,,,
PA-00564,0,pass,correct,,,6152735,6152735,6152735,6152735,high,0.95,,,0,,,
PA-00565,0,pass,correct,,,10144542,10144542,10144542,10144542,medium,0.75,,,0,indexed_rate_method=appendix_b_unindexed:medium,indexed_rate_method=appendix_b_unindexed:medium,
PA-00566,0,pass,correct,,,32257883,32257883,32257883,32257883,medium,0.75,,,0,indexed_rate_method=appendix_b_unindexed:medium,indexed_rate_method=appendix_b_unindexed:medium,
PA-00567,0,pass,correct,,,4007308,4007308,4007308,4007308,high,0.95,,,0,,,
PA-00568,0,pass,correct,,,11235250,11235250,11235250,11235250,high,0.95,,,0,,,
PA-00569,0,pass,correct,,,2007820,2007820,2007820,2007820,high,0.95,,,0,,,
PA-00570,0,pass,correct,,,5708476,5708476,5708476,5708476,high,0.95,,,0,,,
PA-00571,0,pass,correct,,,19523411,19523411,19523411,19523411,medium,0.75,,,0,indexed_rate_method=appendix_b_unindexed:medium,indexed_rate_method=appendix_b_unindexed:medium,
PA-00572,0,pass,correct,,,23273360,23273360,23273360,23273360,high,0.95,,,0,,,
PA-00573,0,pass,correct,,,27165555,27165555,27165555,27165555,high,0.95,,,0,,,
PA-00574,0,pass,correct,,,20134490,20134490,20134490,20134490,high,0.95,,,0,,,
PA-00575,0,pass,correct,,,6180573,6180573,6180573,6180573,high,0.95,,,0,,,
PA-00576,0,pass,correct,,,28741978,28741978,28741978,28741978,medium,0.75,,,0,indexed_rate_method=appendix_b_unindexed:medium,indexed_rate_method=appendix_b_unindexed:medium,
PA-00577,0,pass,correct,,,34749666,34749666,34749666,34749666,medium,0.75,,,0,monthly_rate_treatment=final_rate:medium,monthly_rate_treatment=final_rate:medium,
PA-00578,0,pass,correct,,,16829695,16829695,16829695,16829695,high,0.95,,,0,,,
PA-00579,0,pass,correct,,,10640451,10640451,10640451,10640451,medium,0.75,,,0,indexed_rate_method=appendix_b_unindexed:medium,indexed_rate_method=appendix_b_unindexed:medium,
PA-00580,1,part-reject,undetermined,duplicate_record,duplicate_record,53224472,,53062928,53062928,high,0.95,unresolved_interpretation:indexed_rate_method,unresolved_interpretation:indexed_rate_method,1,indexed_rate_method=appendix_b_unindexed:medium,,
PA-00581,0,pass,correct,,,3424850,3424850,3424850,3424850,high,0.95,,,0,,,
PA-00582,0,pass,correct,,,5932936,5932936,5932936,5932936,high,0.95,,,0,,,
PA-00583,0,pass,correct,,,10682322,10682322,10682322,10682322,medium,0.75,,,0,indexed_rate_method=appendix_b_unindexed:medium,indexed_rate_method=appendix_b_unindexed:medium,
PA-00584,0,pass,correct,,,4641420,4641420,4641420,4641420,high,0.95,,,0,,,
PA-00585,0,pass,correct,,,8079962,8079962,8079962,8079962,medium,0.75,,,0,survey_quantity_rule=exact_33:medium,survey_quantity_rule=exact_33:medium,
PA-00586,0,pass,correct,,,10368106,10368106,10368106,10368106,medium,0.75,,,0,survey_quantity_rule=exact_33:medium,survey_quantity_rule=exact_33:medium,
PA-00587,0,pass,correct,,,18034745,18034745,18034745,18034745,high,0.95,,,0,,,
PA-00588,0,pass,correct,,,18178444,18178444,18178444,18178444,high,0.95,,,0,,,
PA-00589,0,pass,correct,,,21098768,21098768,21098768,21098768,high,0.95,,,0,,,
PA-00590,0,pass,correct,,,9752951,9752951,9752951,9752951,medium,0.75,,,0,indexed_rate_method=appendix_b_unindexed:medium,indexed_rate_method=appendix_b_unindexed:medium,
PA-00591,0,pass,correct,,,21425199,21425199,21425199,21425199,high,0.95,,,0,,,
PA-00592,0,pass,correct,,,46131660,46131660,46131660,46131660,high,0.95,,,0,,,
PA-00593,0,pass,correct,,,24654432,24654432,24654432,24654432,medium,0.75,,,0,indexed_rate_method=appendix_b_unindexed:medium,indexed_rate_method=appendix_b_unindexed:medium,
PA-00594,0,pass,correct,,,3695185,3695185,3695185,3695185,high,0.95,,,0,,,
PA-00595,0,pass,correct,,,21354490,21354490,21354490,21354490,high,0.95,,,0,,,
PA-00596,0,pass,correct,,,19382249,19382249,19382249,19382249,high,0.95,,,0,,,
PA-00597,0,pass,correct,,,16759441,16759441,16759441,16759441,high,0.95,,,0,,,
PA-00598,0,pass,correct,,,24270317,24270317,24270317,24270317,medium,0.75,,,0,indexed_rate_method=appendix_b_unindexed:medium,indexed_rate_method=appendix_b_unindexed:medium,
PA-00599,0,pass,correct,,,16833993,16833993,16833993,16833993,high,0.95,,,0,,,
PA-00600,0,pass,correct,,,26901491,26901491,26901491,26901491,high,0.95,,,0,,,
PA-00601,0,pass,correct,,,4099574,4099574,4099574,4099574,high,0.95,,,0,,,
PA-00602,0,pass,correct,,,18357673,18357673,18357673,18357673,high,0.95,,,0,,,
PA-00603,0,pass,correct,,,8654154,8654154,8654154,8654154,high,0.95,,,0,,,
PA-00604,0,pass,correct,,,4781861,4781861,4781861,4781861,medium,0.75,,,0,indexed_rate_method=appendix_b_unindexed:medium,indexed_rate_method=appendix_b_unindexed:medium,
PA-00605,0,pass,correct,,,6221102,6221102,6221102,6221102,high,0.95,,,0,,,
PA-00606,0,pass,correct,,,12529962,12529962,12529962,12529962,medium,0.75,,,0,indexed_rate_method=appendix_b_unindexed:medium,indexed_rate_method=appendix_b_unindexed:medium,
PA-00607,0,pass,correct,,,28811127,28811127,28811127,28811127,high,0.95,,,0,,,
PA-00608,0,pass,correct,,,17154502,17154502,17154502,17154502,high,0.95,,,0,,,
PA-00609,1,part-reject,undetermined,missing_record,missing_record,11823740,,10503116,10503116,high,0.95,unresolved_interpretation:missing_record_consequence,unresolved_interpretation:missing_record_consequence,1,missing_record_consequence=deduct_from_next_valuation:medium,,
PA-00610,1,part-reject,undetermined,line_total_arithmetic,line_total_arithmetic,4787344,,4790444,4790444,high,0.95,unresolved_interpretation:indexed_rate_method,unresolved_interpretation:indexed_rate_method,1,indexed_rate_method=appendix_b_unindexed:medium,,
PA-00611,0,pass,correct,,,17731179,17731179,17731179,17731179,high,0.95,,,0,,,
PA-00612,0,pass,correct,,,13979217,13979217,13979217,13979217,high,0.95,,,0,,,
PA-00613,1,part-reject,undetermined,unsigned_record,application_timing;unsigned_record,8877908,,6084908,6084908,high,0.95,unresolved_interpretation:missing_record_consequence,unresolved_interpretation:missing_record_consequence;unresolved_interpretation:unsigned_record,2,missing_record_consequence=deduct_from_next_valuation:medium;unsigned_record=accepted_with_defect:medium,,
PA-00614,0,pass,correct,,,1620665,1620665,1620665,1620665,high,0.95,,,0,,,
PA-00615,0,pass,correct,,,40066930,40066930,40066930,40066930,high,0.95,,,0,,,
PA-00616,0,pass,correct,,,7494236,7494236,7494236,7494236,high,0.95,,,0,,,
PA-00617,0,pass,correct,,,5124619,5124619,5124619,5124619,high,0.95,,,0,,,
PA-00618,0,pass,correct,,,11054879,11054879,11054879,11054879,high,0.95,,,0,,,
PA-00619,0,pass,correct,,,7508180,7508180,7508180,7508180,high,0.95,,,0,,,
PA-00620,0,pass,correct,,,16054059,16054059,16054059,16054059,high,0.95,,,0,,,
PA-00621,0,pass,correct,,,12223773,12223773,12223773,12223773,high,0.95,,,0,,,
PA-00622,0,pass,correct,,,36368511,36368511,36368511,36368511,medium,0.75,,,0,indexed_rate_method=appendix_b_unindexed:medium,indexed_rate_method=appendix_b_unindexed:medium,
PA-00623,0,pass,correct,,,30092360,30092360,30092360,30092360,medium,0.75,,,0,indexed_rate_method=appendix_b_unindexed:medium,indexed_rate_method=appendix_b_unindexed:medium,
PA-00624,0,pass,correct,,,18415883,18415883,18415883,18415883,high,0.95,,,0,,,
PA-00625,0,pass,correct,,,29814636,29814636,29814636,29814636,medium,0.75,,,0,indexed_rate_method=appendix_b_unindexed:medium;monthly_rate_treatment=final_rate:medium,indexed_rate_method=appendix_b_unindexed:medium;monthly_rate_treatment=final_rate:medium,
PA-00626,0,pass,correct,,,3368772,3368772,3368772,3368772,high,0.95,,,0,,,
PA-00627,0,pass,correct,,,36414294,36414294,36414294,36414294,high,0.95,,,0,,,
PA-00628,0,pass,correct,,,29103965,29103965,29103965,29103965,medium,0.75,,,0,indexed_rate_method=appendix_b_unindexed:medium,indexed_rate_method=appendix_b_unindexed:medium,
PA-00629,0,pass,correct,,,2154001,2154001,2154001,2154001,high,0.95,,,0,,,
PA-00630,0,pass,correct,,,4908697,4908697,4908697,4908697,high,0.95,,,0,,,
PA-00631,1,part-reject,undetermined,missing_record,missing_record,21999452,,18844652,18844652,high,0.95,unresolved_interpretation:missing_record_consequence,unresolved_interpretation:missing_record_consequence,1,missing_record_consequence=deduct_from_next_valuation:medium,,
PA-00632,0,pass,correct,,,6290393,6290393,6290393,6290393,high,0.95,,,0,,,
PA-00633,0,pass,correct,,,21665394,21665394,21665394,21665394,high,0.95,,,0,,,
PA-00634,0,pass,correct,,,6102405,6102405,6102405,6102405,high,0.95,,,0,,,
PA-00635,0,pass,correct,,,25409200,25409200,25409200,25409200,high,0.95,,,0,,,
PA-00636,1,part-reject,corrected,unit_rate_mismatch,unit_rate_mismatch,14906661,14523201,14523201,14523201,high,0.95,,,2,,,
PA-00637,0,pass,correct,,,46317085,46317085,46317085,46317085,medium,0.75,,,0,indexed_rate_method=appendix_b_unindexed:medium,indexed_rate_method=appendix_b_unindexed:medium,
PA-00638,0,pass,correct,,,56067341,56067341,56067341,56067341,high,0.95,,,0,,,
PA-00639,0,pass,correct,,,4964105,4964105,4964105,4964105,high,0.95,,,0,,,
PA-00640,0,pass,correct,,,30925196,30925196,30925196,30925196,high,0.95,,,0,,,
PA-00641,0,pass,correct,,,4390152,4390152,4390152,4390152,high,0.95,,,0,,,
PA-00642,0,pass,correct,,,21533457,21533457,21533457,21533457,high,0.95,,,0,,,
PA-00643,0,pass,correct,,,24267659,24267659,24267659,24267659,medium,0.75,,,0,monthly_rate_treatment=final_rate:medium,monthly_rate_treatment=final_rate:medium,
PA-00644,0,pass,correct,,,3415380,3415380,3415380,3415380,high,0.95,,,0,,,
PA-00645,0,pass,correct,,,8671464,8671464,8671464,8671464,high,0.95,,,0,,,
PA-00646,0,pass,correct,,,40989345,40989345,40989345,40989345,medium,0.75,,,0,monthly_rate_treatment=final_rate:medium,monthly_rate_treatment=final_rate:medium,
PA-00647,0,pass,correct,,,25773128,25773128,25773128,25773128,high,0.95,,,0,,,
PA-00648,0,pass,correct,,,9621373,9621373,9621373,9621373,high,0.95,,,0,,,
PA-00649,0,pass,correct,,,7393678,7393678,7393678,7393678,high,0.95,,,0,,,
PA-00650,0,pass,correct,,,11434123,11434123,11434123,11434123,high,0.95,,,0,,,
PA-00651,0,pass,correct,,,39006554,39006554,39006554,39006554,medium,0.75,,,0,indexed_rate_method=appendix_b_unindexed:medium,indexed_rate_method=appendix_b_unindexed:medium,
PA-00652,0,pass,correct,,,6337714,6337714,6337714,6337714,high,0.95,,,0,,,
PA-00653,0,pass,correct,,,24797323,24797323,24797323,24797323,medium,0.75,,,0,indexed_rate_method=appendix_b_unindexed:medium,indexed_rate_method=appendix_b_unindexed:medium,
PA-00654,0,pass,correct,,,22095301,22095301,22095301,22095301,high,0.95,,,0,,,
PA-00655,0,pass,correct,,,37429192,37429192,37429192,37429192,high,0.95,,,0,,,
PA-00656,0,pass,correct,,,21030996,21030996,21030996,21030996,high,0.95,,,0,,,
PA-00657,0,pass,correct,,,8906967,8906967,8906967,8906967,high,0.95,,,0,,,
PA-00658,0,pass,correct,,,8232197,8232197,8232197,8232197,high,0.95,,,0,,,
PA-00659,1,part-reject,corrected,line_total_arithmetic,line_total_arithmetic,30059557,30060057,30060057,30060057,high,0.95,,,1,,,
PA-00660,0,pass,correct,,,23632209,23632209,23632209,23632209,high,0.95,,,0,,,
PA-00661,0,pass,correct,,,29616040,29616040,29616040,29616040,medium,0.75,,,0,indexed_rate_method=appendix_b_unindexed:medium,indexed_rate_method=appendix_b_unindexed:medium,
PA-00662,0,pass,correct,,,16166336,16166336,16166336,16166336,high,0.95,,,0,,,
PA-00663,0,pass,correct,,,3341326,3341326,3341326,3341326,high,0.95,,,0,,,
PA-00664,0,pass,correct,,,29001258,29001258,29001258,29001258,high,0.95,,,0,,,
PA-00665,0,pass,correct,,,25348254,25348254,25348254,25348254,high,0.95,,,0,,,
PA-00666,0,pass,correct,,,17836144,17836144,17836144,17836144,medium,0.75,,,0,indexed_rate_method=appendix_b_unindexed:medium,indexed_rate_method=appendix_b_unindexed:medium,
PA-00667,0,pass,correct,,,17605372,17605372,17605372,17605372,high,0.95,,,0,,,
PA-00668,1,part-reject,corrected,unit_rate_mismatch,unit_rate_mismatch,8899372,8806468,8806468,8806468,high,0.95,,,1,,,
PA-00669,0,pass,correct,,,3751660,3751660,3751660,3751660,high,0.95,,,0,,,
PA-00670,0,pass,correct,,,3858762,3858762,3858762,3858762,high,0.95,,,0,,,
PA-00671,0,pass,correct,,,15080837,15080837,15080837,15080837,high,0.95,,,0,,,
PA-00672,1,part-reject,undetermined,missing_record,missing_record;line_total_arithmetic,9617104,,9524304,9524304,high,0.95,unresolved_interpretation:indexed_rate_method,unresolved_interpretation:indexed_rate_method;unresolved_interpretation:missing_record_consequence,2,indexed_rate_method=appendix_b_unindexed:medium;missing_record_consequence=deduct_from_next_valuation:medium,,
PA-00673,0,pass,correct,,,14851013,14851013,14851013,14851013,medium,0.75,,,0,indexed_rate_method=appendix_b_unindexed:medium,indexed_rate_method=appendix_b_unindexed:medium,
PA-00674,0,pass,correct,,,49877290,49877290,49877290,49877290,medium,0.75,,,0,indexed_rate_method=appendix_b_unindexed:medium,indexed_rate_method=appendix_b_unindexed:medium,
PA-00675,0,pass,correct,,,14852842,14852842,14852842,14852842,medium,0.75,,,0,indexed_rate_method=appendix_b_unindexed:medium,indexed_rate_method=appendix_b_unindexed:medium,
PA-00676,0,pass,correct,,,6297490,6297490,6297490,6297490,high,0.95,,,0,,,
PA-00677,0,pass,correct,,,9359651,9359651,9359651,9359651,high,0.95,,,0,,,
PA-00678,1,part-reject,undetermined,work_after_final_completion,work_after_final_completion;application_period_misstated;missing_record;adjustment_missing,52609777,,51029490,51029490,high,0.95,unresolved_interpretation:missing_record_consequence,unresolved_interpretation:missing_record_consequence,4,missing_record_consequence=deduct_from_next_valuation:medium,,clause_45a_retention_release:403622210
PA-00679,0,pass,correct,,,12008089,12008089,12008089,12008089,high,0.95,,,0,,,
PA-00680,0,pass,correct,,,6264258,6264258,6264258,6264258,high,0.95,,,0,,,
PA-00681,0,pass,correct,,,8594853,8594853,8594853,8594853,medium,0.75,,,0,indexed_rate_method=appendix_b_unindexed:medium,indexed_rate_method=appendix_b_unindexed:medium,
PA-00682,0,pass,correct,,,1873866,1873866,1873866,1873866,high,0.95,,,0,,,
PA-00683,0,pass,correct,,,2791232,2791232,2791232,2791232,high,0.95,,,0,,,
PA-00684,0,pass,correct,,,29020849,29020849,29020849,29020849,medium,0.75,,,0,indexed_rate_method=appendix_b_unindexed:medium,indexed_rate_method=appendix_b_unindexed:medium,
PA-00685,0,pass,correct,,,30319846,30319846,30319846,30319846,medium,0.75,,,0,indexed_rate_method=appendix_b_unindexed:medium,indexed_rate_method=appendix_b_unindexed:medium,
PA-00686,0,pass,correct,,,30060719,30060719,30060719,30060719,high,0.95,,,0,,,
PA-00687,0,pass,correct,,,32247595,32247595,32247595,32247595,high,0.95,,,0,,,
PA-00688,0,pass,correct,,,20896805,20896805,20896805,20896805,medium,0.75,,,0,survey_quantity_rule=exact_33:medium,survey_quantity_rule=exact_33:medium,
PA-00689,0,pass,correct,,,22378090,22378090,22378090,22378090,high,0.95,,,0,,,
PA-00690,0,pass,correct,,,30290602,30290602,30290602,30290602,high,0.95,,,0,,,
PA-00691,0,pass,correct,,,10645266,10645266,10645266,10645266,medium,0.75,,,0,indexed_rate_method=appendix_b_unindexed:medium,indexed_rate_method=appendix_b_unindexed:medium,
PA-00692,0,pass,correct,,,12489282,12489282,12489282,12489282,high,0.95,,,0,,,
PA-00693,0,pass,correct,,,15682232,15682232,15682232,15682232,high,0.95,,,0,,,
PA-00694,0,pass,correct,,,3368993,3368993,3368993,3368993,medium,0.75,,,0,indexed_rate_method=appendix_b_unindexed:medium,indexed_rate_method=appendix_b_unindexed:medium,
PA-00695,0,pass,correct,,,7379340,7379340,7379340,7379340,high,0.95,,,0,,,
PA-00696,0,pass,correct,,,15557922,15557922,15557922,15557922,high,0.95,,,0,,,
PA-00697,0,pass,correct,,,19690667,19690667,19690667,19690667,high,0.95,,,0,,,
PA-00698,0,pass,correct,,,18534289,18534289,18534289,18534289,medium,0.75,,,0,indexed_rate_method=appendix_b_unindexed:medium;survey_quantity_rule=exact_33:medium,indexed_rate_method=appendix_b_unindexed:medium;survey_quantity_rule=exact_33:medium,
PA-00699,1,query,unchanged,application_timing,application_timing,4282305,4282305,4282305,4282305,medium,0.75,,,1,,,
PA-00700,1,part-reject,corrected,line_outside_application_period,line_outside_application_period,4981470,1621198,1621198,1621198,high,0.95,,,1,,,
PA-00701,0,pass,correct,,,10145536,10145536,10145536,10145536,high,0.95,,,0,,,
PA-00702,0,pass,correct,,,12668019,12668019,12668019,12668019,high,0.95,,,0,,,
PA-00703,0,pass,correct,,,31344295,31344295,31344295,31344295,high,0.95,,,0,,,
PA-00704,0,pass,correct,,,15368091,15368091,15368091,15368091,medium,0.75,,,0,indexed_rate_method=appendix_b_unindexed:medium,indexed_rate_method=appendix_b_unindexed:medium,
PA-00705,0,pass,correct,,,7940993,7940993,7940993,7940993,high,0.95,,,0,,,
PA-00706,0,pass,correct,,,2234768,2234768,2234768,2234768,high,0.95,,,0,,,
PA-00707,1,part-reject,undetermined,unit_rate_mismatch,unit_rate_mismatch,3598942,,3367634,3367634,high,0.95,unresolved_interpretation:indexed_rate_method,unresolved_interpretation:indexed_rate_method,1,indexed_rate_method=appendix_b_unindexed:medium,,
PA-00708,1,query,undetermined,application_timing,application_timing,21303190,,21303190,21303190,medium,0.75,unresolved_interpretation:indexed_rate_method,unresolved_interpretation:indexed_rate_method,1,indexed_rate_method=appendix_b_unindexed:medium,,
PA-00709,0,pass,correct,,,13502685,13502685,13502685,13502685,high,0.95,,,0,,,
PA-00710,0,pass,correct,,,35040597,35040597,35040597,35040597,medium,0.75,,,0,indexed_rate_method=appendix_b_unindexed:medium,indexed_rate_method=appendix_b_unindexed:medium,
PA-00711,1,query,unchanged,contract_reference_mismatch,contract_reference_mismatch,21096521,21096521,21096521,21096521,high,0.95,,,1,,,
PA-00712,0,pass,correct,,,40931767,40931767,40931767,40931767,medium,0.75,,,0,monthly_rate_treatment=final_rate:medium,monthly_rate_treatment=final_rate:medium,
PA-00713,0,pass,correct,,,20533755,20533755,20533755,20533755,high,0.95,,,0,,,
PA-00714,0,pass,correct,,,6822535,6822535,6822535,6822535,high,0.95,,,0,,,
PA-00715,0,pass,correct,,,21159912,21159912,21159912,21159912,high,0.95,,,0,,,
PA-00716,0,pass,correct,,,26635348,26635348,26635348,26635348,high,0.95,,,0,,,
PA-00717,0,pass,correct,,,23394591,23394591,23394591,23394591,high,0.95,,,0,,,
PA-00718,0,pass,correct,,,4071194,4071194,4071194,4071194,high,0.95,,,0,,,
PA-00719,0,pass,correct,,,12799915,12799915,12799915,12799915,high,0.95,,,0,,,
PA-00720,0,pass,correct,,,5683965,5683965,5683965,5683965,high,0.95,,,0,,,
PA-00721,0,pass,correct,,,16134960,16134960,16134960,16134960,high,0.95,,,0,,,
PA-00722,0,pass,correct,,,43811838,43811838,43811838,43811838,high,0.95,,,0,,,
PA-00723,0,pass,correct,,,12887727,12887727,12887727,12887727,high,0.95,,,0,,,
PA-00724,0,pass,correct,,,20859182,20859182,20859182,20859182,high,0.95,,,0,,,
PA-00725,0,pass,correct,,,35612332,35612332,35612332,35612332,high,0.95,,,0,,,
PA-00726,0,pass,correct,,,13156185,13156185,13156185,13156185,high,0.95,,,0,,,
PA-00727,0,pass,correct,,,4036034,4036034,4036034,4036034,high,0.95,,,0,,,
PA-00728,0,pass,correct,,,46883143,46883143,46883143,46883143,high,0.95,,,0,,,
PA-00729,0,pass,correct,,,11787452,11787452,11787452,11787452,high,0.95,,,0,,,
PA-00730,0,pass,correct,,,23816653,23816653,23816653,23816653,medium,0.75,,,0,indexed_rate_method=appendix_b_unindexed:medium,indexed_rate_method=appendix_b_unindexed:medium,
PA-00731,0,pass,correct,,,31731168,31731168,31731168,31731168,medium,0.75,,,0,indexed_rate_method=appendix_b_unindexed:medium,indexed_rate_method=appendix_b_unindexed:medium,
PA-00732,1,part-reject,corrected,unit_rate_mismatch,unit_rate_mismatch,18490774,18430798,18430798,18430798,high,0.95,,,1,,,
PA-00733,0,pass,correct,,,9998970,9998970,9998970,9998970,high,0.95,,,0,,,
PA-00734,0,pass,correct,,,22107753,22107753,22107753,22107753,medium,0.75,,,0,indexed_rate_method=appendix_b_unindexed:medium,indexed_rate_method=appendix_b_unindexed:medium,
PA-00735,0,pass,correct,,,6156879,6156879,6156879,6156879,high,0.95,,,0,,,
PA-00736,0,pass,correct,,,14626665,14626665,14626665,14626665,medium,0.75,,,0,indexed_rate_method=appendix_b_unindexed:medium,indexed_rate_method=appendix_b_unindexed:medium,
PA-00737,0,pass,correct,,,29349768,29349768,29349768,29349768,high,0.95,,,0,,,
PA-00738,1,part-reject,corrected,unit_rate_mismatch,unit_rate_mismatch,23045221,22570981,22570981,22570981,high,0.95,,,1,,,
PA-00739,0,pass,correct,,,52851345,52851345,52851345,52851345,medium,0.75,,,0,indexed_rate_method=appendix_b_unindexed:medium,indexed_rate_method=appendix_b_unindexed:medium,
PA-00740,0,pass,correct,,,32055078,32055078,32055078,32055078,medium,0.75,,,0,indexed_rate_method=appendix_b_unindexed:medium,indexed_rate_method=appendix_b_unindexed:medium,
PA-00741,0,pass,correct,,,3889050,3889050,3889050,3889050,medium,0.75,,,0,measurement_order=application_number:medium,measurement_order=application_number:medium,
PA-00742,0,pass,correct,,,10779235,10779235,10779235,10779235,high,0.95,,,0,,,
PA-00743,0,pass,correct,,,9750386,9750386,9750386,9750386,medium,0.75,,,0,indexed_rate_method=appendix_b_unindexed:medium,indexed_rate_method=appendix_b_unindexed:medium,
PA-00744,0,pass,correct,,,18534760,18534760,18534760,18534760,high,0.95,,,0,,,
PA-00745,0,pass,correct,,,13885471,13885471,13885471,13885471,medium,0.75,,,0,indexed_rate_method=appendix_b_unindexed:medium,indexed_rate_method=appendix_b_unindexed:medium,
PA-00746,0,pass,correct,,,5626530,5626530,5626530,5626530,high,0.95,,,0,,,
PA-00747,0,pass,correct,,,24178546,24178546,24178546,24178546,medium,0.75,,,0,monthly_rate_treatment=final_rate:medium,monthly_rate_treatment=final_rate:medium,
PA-00748,0,pass,correct,,,29192096,29192096,29192096,29192096,high,0.95,,,0,,,
PA-00749,0,pass,correct,,,12617320,12617320,12617320,12617320,high,0.95,,,0,,,
PA-00750,0,pass,correct,,,12422938,12422938,12422938,12422938,high,0.95,,,0,,,
PA-00751,0,pass,correct,,,11880581,11880581,11880581,11880581,medium,0.75,,,0,indexed_rate_method=appendix_b_unindexed:medium,indexed_rate_method=appendix_b_unindexed:medium,
PA-00752,0,pass,correct,,,5730619,5730619,5730619,5730619,high,0.95,,,0,,,
PA-00753,0,pass,correct,,,22196897,22196897,22196897,22196897,high,0.95,,,0,,,
PA-00754,0,pass,correct,,,21745577,21745577,21745577,21745577,high,0.95,,,0,,,
PA-00755,0,pass,correct,,,10351110,10351110,10351110,10351110,medium,0.75,,,0,indexed_rate_method=appendix_b_unindexed:medium,indexed_rate_method=appendix_b_unindexed:medium,
PA-00756,0,pass,correct,,,2986950,2986950,2986950,2986950,high,0.95,,,0,,,
PA-00757,0,pass,correct,,,17148852,17148852,17148852,17148852,medium,0.75,,,0,indexed_rate_method=appendix_b_unindexed:medium,indexed_rate_method=appendix_b_unindexed:medium,
PA-00758,0,pass,correct,,,25638735,25638735,25638735,25638735,medium,0.75,,,0,indexed_rate_method=appendix_b_unindexed:medium,indexed_rate_method=appendix_b_unindexed:medium,
PA-00759,0,pass,correct,,,17703144,17703144,17703144,17703144,medium,0.75,,,0,indexed_rate_method=appendix_b_unindexed:medium,indexed_rate_method=appendix_b_unindexed:medium,
PA-00760,0,pass,correct,,,32478667,32478667,32478667,32478667,high,0.95,,,0,,,
PA-00761,1,part-reject,corrected,unit_rate_mismatch,unit_rate_mismatch,8451396,7585204,7585204,7585204,high,0.95,,,2,,,
PA-00762,0,pass,correct,,,9824915,9824915,9824915,9824915,high,0.95,,,0,,,
PA-00763,0,pass,correct,,,28712918,28712918,28712918,28712918,medium,0.75,,,0,monthly_rate_treatment=final_rate:medium,monthly_rate_treatment=final_rate:medium,
PA-00764,0,pass,correct,,,608720,608720,608720,608720,high,0.95,,,0,,,
PA-00765,0,pass,correct,,,23779319,23779319,23779319,23779319,high,0.95,,,0,,,
PA-00766,1,part-reject,undetermined,missing_record,missing_record,31327866,,19745466,19745466,high,0.95,unresolved_interpretation:missing_record_consequence,unresolved_interpretation:missing_record_consequence,1,missing_record_consequence=deduct_from_next_valuation:medium,,
PA-00767,0,pass,correct,,,8996374,8996374,8996374,8996374,high,0.95,,,0,,,
PA-00768,1,part-reject,undetermined,unit_rate_mismatch,unit_rate_mismatch,8152026,,7245167,7245167,high,0.95,unresolved_interpretation:indexed_rate_method,unresolved_interpretation:indexed_rate_method,2,indexed_rate_method=appendix_b_unindexed:medium,,
PA-00769,0,pass,correct,,,37663288,37663288,37663288,37663288,high,0.95,,,0,,,
PA-00770,0,pass,correct,,,17406201,17406201,17406201,17406201,high,0.95,,,0,,,
PA-00771,0,pass,correct,,,13231575,13231575,13231575,13231575,high,0.95,,,0,,,
PA-00772,0,pass,correct,,,6497608,6497608,6497608,6497608,high,0.95,,,0,,,
PA-00773,0,pass,correct,,,1444439,1444439,1444439,1444439,high,0.95,,,0,,,
PA-00774,0,pass,correct,,,31685080,31685080,31685080,31685080,medium,0.75,,,0,indexed_rate_method=appendix_b_unindexed:medium,indexed_rate_method=appendix_b_unindexed:medium,
PA-00775,0,pass,correct,,,14404259,14404259,14404259,14404259,medium,0.75,,,0,indexed_rate_method=appendix_b_unindexed:medium,indexed_rate_method=appendix_b_unindexed:medium,
PA-00776,0,pass,correct,,,16812236,16812236,16812236,16812236,medium,0.75,,,0,indexed_rate_method=appendix_b_unindexed:medium,indexed_rate_method=appendix_b_unindexed:medium,
PA-00777,0,pass,correct,,,4632840,4632840,4632840,4632840,high,0.95,,,0,,,
PA-00778,0,pass,correct,,,4210611,4210611,4210611,4210611,high,0.95,,,0,,,
PA-00779,0,pass,correct,,,29816543,29816543,29816543,29816543,high,0.95,,,0,,,
PA-00780,0,pass,correct,,,11204384,11204384,11204384,11204384,medium,0.75,,,0,indexed_rate_method=appendix_b_unindexed:medium,indexed_rate_method=appendix_b_unindexed:medium,
PA-00781,0,pass,correct,,,17993729,17993729,17993729,17993729,medium,0.75,,,0,indexed_rate_method=appendix_b_unindexed:medium,indexed_rate_method=appendix_b_unindexed:medium,
PA-00782,0,pass,correct,,,29554496,29554496,29554496,29554496,high,0.95,,,0,,,
PA-00783,0,pass,correct,,,3535609,3535609,3535609,3535609,high,0.95,,,0,,,
PA-00784,0,pass,correct,,,23330880,23330880,23330880,23330880,medium,0.75,,,0,indexed_rate_method=appendix_b_unindexed:medium,indexed_rate_method=appendix_b_unindexed:medium,
PA-00785,0,pass,correct,,,8373998,8373998,8373998,8373998,high,0.95,,,0,,,
PA-00786,0,pass,correct,,,36744524,36744524,36744524,36744524,medium,0.75,,,0,indexed_rate_method=appendix_b_unindexed:medium;survey_quantity_rule=exact_33:medium,indexed_rate_method=appendix_b_unindexed:medium;survey_quantity_rule=exact_33:medium,
PA-00787,1,part-reject,corrected,unit_rate_mismatch,unit_rate_mismatch,18025783,17848618,17848618,17848618,high,0.95,,,1,,,
PA-00788,0,pass,correct,,,32081907,32081907,32081907,32081907,medium,0.75,,,0,indexed_rate_method=appendix_b_unindexed:medium,indexed_rate_method=appendix_b_unindexed:medium,
PA-00789,0,pass,correct,,,19403156,19403156,19403156,19403156,medium,0.75,,,0,indexed_rate_method=appendix_b_unindexed:medium,indexed_rate_method=appendix_b_unindexed:medium,
PA-00790,0,pass,correct,,,25068372,25068372,25068372,25068372,high,0.95,,,0,,,
PA-00791,0,pass,correct,,,18085839,18085839,18085839,18085839,medium,0.75,,,0,indexed_rate_method=appendix_b_unindexed:medium,indexed_rate_method=appendix_b_unindexed:medium,
PA-00792,0,pass,correct,,,13543213,13543213,13543213,13543213,high,0.95,,,0,,,
PA-00793,0,pass,correct,,,28406298,28406298,28406298,28406298,high,0.95,,,0,,,
PA-00794,0,pass,correct,,,37451050,37451050,37451050,37451050,medium,0.75,,,0,indexed_rate_method=appendix_b_unindexed:medium,indexed_rate_method=appendix_b_unindexed:medium,
PA-00795,0,pass,correct,,,4457438,4457438,4457438,4457438,medium,0.75,,,0,indexed_rate_method=appendix_b_unindexed:medium,indexed_rate_method=appendix_b_unindexed:medium,
PA-00796,0,pass,correct,,,42484037,42484037,42484037,42484037,medium,0.75,,,0,indexed_rate_method=appendix_b_unindexed:medium;survey_quantity_rule=exact_33:medium,indexed_rate_method=appendix_b_unindexed:medium;survey_quantity_rule=exact_33:medium,
PA-00797,0,pass,correct,,,10998714,10998714,10998714,10998714,high,0.95,,,0,,,
PA-00798,0,pass,correct,,,11672322,11672322,11672322,11672322,high,0.95,,,0,,,
PA-00799,0,pass,correct,,,27391913,27391913,27391913,27391913,high,0.95,,,0,,,
PA-00800,0,pass,correct,,,13622848,13622848,13622848,13622848,medium,0.75,,,0,indexed_rate_method=appendix_b_unindexed:medium,indexed_rate_method=appendix_b_unindexed:medium,
PA-00801,1,part-reject,undetermined,exclusion_window_violation,exclusion_window_violation,11214923,,10659403,,low,0.55,unresolved_interpretation:exclusion_window,unresolved_interpretation:exclusion_window,1,exclusion_window=same_day_excluded:low,,
PA-00802,0,pass,correct,,,2607055,2607055,2607055,2607055,high,0.95,,,0,,,
PA-00803,1,part-reject,corrected,unit_rate_mismatch,unit_rate_mismatch,40335062,40925448,40925448,40925448,high,0.95,,,1,,,
PA-00804,0,pass,correct,,,22548351,22548351,22548351,22548351,medium,0.75,,,0,indexed_rate_method=appendix_b_unindexed:medium,indexed_rate_method=appendix_b_unindexed:medium,
PA-00805,0,pass,correct,,,40103355,40103355,40103355,40103355,medium,0.75,,,0,indexed_rate_method=appendix_b_unindexed:medium;monthly_rate_treatment=final_rate:medium,indexed_rate_method=appendix_b_unindexed:medium;monthly_rate_treatment=final_rate:medium,
PA-00806,0,pass,correct,,,26180692,26180692,26180692,26180692,medium,0.75,,,0,indexed_rate_method=appendix_b_unindexed:medium,indexed_rate_method=appendix_b_unindexed:medium,
PA-00807,0,pass,correct,,,10981166,10981166,10981166,10981166,medium,0.75,,,0,indexed_rate_method=appendix_b_unindexed:medium,indexed_rate_method=appendix_b_unindexed:medium,
PA-00808,0,pass,correct,,,17530563,17530563,17530563,17530563,high,0.95,,,0,,,
PA-00809,0,pass,correct,,,26179313,26179313,26179313,26179313,medium,0.75,,,0,indexed_rate_method=appendix_b_unindexed:medium;monthly_rate_treatment=final_rate:medium,indexed_rate_method=appendix_b_unindexed:medium;monthly_rate_treatment=final_rate:medium,
PA-00810,0,pass,correct,,,24080831,24080831,24080831,24080831,high,0.95,,,0,,,
PA-00811,0,pass,correct,,,14022111,14022111,14022111,14022111,high,0.95,,,0,,,
PA-00812,0,pass,correct,,,18102247,18102247,18102247,18102247,high,0.95,,,0,,,
PA-00813,1,part-reject,undetermined,duplicate_record,duplicate_record,30283555,,30094115,30094115,high,0.95,unresolved_interpretation:monthly_rate_treatment,unresolved_interpretation:monthly_rate_treatment,1,monthly_rate_treatment=final_rate:medium,,
PA-00814,0,pass,correct,,,5079220,5079220,5079220,5079220,high,0.95,,,0,,,
PA-00815,0,pass,correct,,,25717410,25717410,25717410,25717410,high,0.95,,,0,,,
PA-00816,0,pass,correct,,,31931027,31931027,31931027,31931027,high,0.95,,,0,,,
PA-00817,1,part-reject,corrected,unit_rate_mismatch,unit_rate_mismatch,17481218,16498282,16498282,16498282,high,0.95,,,2,,,
PA-00818,0,pass,correct,,,26397756,26397756,26397756,26397756,high,0.95,,,0,,,
PA-00819,0,pass,correct,,,20968585,20968585,20968585,20968585,medium,0.75,,,0,indexed_rate_method=appendix_b_unindexed:medium,indexed_rate_method=appendix_b_unindexed:medium,
PA-00820,0,pass,correct,,,18818609,18818609,18818609,18818609,medium,0.75,,,0,indexed_rate_method=appendix_b_unindexed:medium,indexed_rate_method=appendix_b_unindexed:medium,
PA-00821,0,pass,correct,,,27858975,27858975,27858975,27858975,high,0.95,,,0,,,
PA-00822,1,part-reject,corrected,unit_rate_mismatch,unit_rate_mismatch,8448432,8173278,8173278,8173278,high,0.95,,,1,,,
PA-00823,0,pass,correct,,,7511880,7511880,7511880,7511880,high,0.95,,,0,,,
PA-00824,0,pass,correct,,,16157712,16157712,16157712,16157712,high,0.95,,,0,,,
PA-00825,1,part-reject,corrected,duplicate_record,duplicate_record,10119663,9958119,9958119,9958119,high,0.95,,,1,,,
PA-00826,0,pass,correct,,,21414551,21414551,21414551,21414551,medium,0.75,,,0,monthly_rate_treatment=final_rate:medium,monthly_rate_treatment=final_rate:medium,
PA-00827,0,pass,correct,,,38409669,38409669,38409669,38409669,medium,0.75,,,0,indexed_rate_method=appendix_b_unindexed:medium,indexed_rate_method=appendix_b_unindexed:medium,
PA-00828,0,pass,correct,,,8243975,8243975,8243975,8243975,medium,0.75,,,0,indexed_rate_method=appendix_b_unindexed:medium,indexed_rate_method=appendix_b_unindexed:medium,
PA-00829,0,pass,correct,,,38395746,38395746,38395746,38395746,medium,0.75,,,0,indexed_rate_method=appendix_b_unindexed:medium,indexed_rate_method=appendix_b_unindexed:medium,
PA-00830,0,pass,correct,,,11933897,11933897,11933897,11933897,medium,0.75,,,0,indexed_rate_method=appendix_b_unindexed:medium,indexed_rate_method=appendix_b_unindexed:medium,
PA-00831,0,pass,correct,,,20174331,20174331,20174331,20174331,high,0.95,,,0,,,
PA-00832,0,pass,correct,,,23102759,23102759,23102759,23102759,high,0.95,,,0,,,
PA-00833,1,part-reject,undetermined,unit_mismatch,unit_mismatch;duplicate_record,5275867,,4633697,4633697,high,0.95,unresolved_interpretation:measurement_order,unresolved_interpretation:measurement_order,2,measurement_order=application_number:medium,,
PA-00834,0,pass,correct,,,9066561,9066561,9066561,9066561,high,0.95,,,0,,,
PA-00835,0,pass,correct,,,17023054,17023054,17023054,17023054,high,0.95,,,0,,,
PA-00836,0,pass,correct,,,2615960,2615960,2615960,2615960,high,0.95,,,0,,,
PA-00837,0,pass,correct,,,4910471,4910471,4910471,4910471,high,0.95,,,0,,,
PA-00838,0,pass,correct,,,1909890,1909890,1909890,1909890,high,0.95,,,0,,,
PA-00839,0,pass,correct,,,64405048,64405048,64405048,64405048,medium,0.75,,,0,indexed_rate_method=appendix_b_unindexed:medium;monthly_rate_treatment=final_rate:medium,indexed_rate_method=appendix_b_unindexed:medium;monthly_rate_treatment=final_rate:medium,
PA-00840,0,pass,correct,,,16513692,16513692,16513692,16513692,high,0.95,,,0,,,
PA-00841,0,pass,correct,,,24326286,24326286,24326286,24326286,high,0.95,,,0,,,
PA-00842,0,pass,correct,,,3762915,3762915,3762915,3762915,medium,0.75,,,0,indexed_rate_method=appendix_b_unindexed:medium,indexed_rate_method=appendix_b_unindexed:medium,
PA-00843,0,pass,correct,,,17551559,17551559,17551559,17551559,high,0.95,,,0,,,
PA-00844,0,pass,correct,,,3797546,3797546,3797546,3797546,high,0.95,,,0,,,
PA-00845,1,part-reject,undetermined,daily_limit_exceeded,daily_limit_exceeded,39223385,,36828425,36828425,high,0.95,unresolved_interpretation:indexed_rate_method,unresolved_interpretation:indexed_rate_method,1,indexed_rate_method=appendix_b_unindexed:medium,,
PA-00846,0,pass,correct,,,3370692,3370692,3370692,3370692,high,0.95,,,0,,,
PA-00847,0,pass,correct,,,929558,929558,929558,929558,high,0.95,,,0,,,
PA-00848,0,pass,correct,,,18553474,18553474,18553474,18553474,high,0.95,,,0,,,
PA-00849,0,pass,correct,,,8745889,8745889,8745889,8745889,medium,0.75,,,0,indexed_rate_method=appendix_b_unindexed:medium,indexed_rate_method=appendix_b_unindexed:medium,
PA-00850,0,pass,correct,,,41026326,41026326,41026326,41026326,medium,0.75,,,0,indexed_rate_method=appendix_b_unindexed:medium,indexed_rate_method=appendix_b_unindexed:medium,
PA-00851,0,pass,correct,,,16613239,16613239,16613239,16613239,medium,0.75,,,0,indexed_rate_method=appendix_b_unindexed:medium;survey_quantity_rule=exact_33:medium,indexed_rate_method=appendix_b_unindexed:medium;survey_quantity_rule=exact_33:medium,
PA-00852,0,pass,correct,,,17404709,17404709,17404709,17404709,high,0.95,,,0,,,
PA-00853,0,pass,correct,,,5468703,5468703,5468703,5468703,high,0.95,,,0,,,
PA-00854,0,pass,correct,,,6363590,6363590,6363590,6363590,high,0.95,,,0,,,
PA-00855,0,pass,correct,,,50538524,50538524,50538524,50538524,high,0.95,,,0,,,
PA-00856,0,pass,correct,,,13343828,13343828,13343828,13343828,medium,0.75,,,0,indexed_rate_method=appendix_b_unindexed:medium,indexed_rate_method=appendix_b_unindexed:medium,
PA-00857,0,pass,correct,,,7079216,7079216,7079216,7079216,high,0.95,,,0,,,
PA-00858,0,pass,correct,,,7509700,7509700,7509700,7509700,high,0.95,,,0,,,
PA-00859,0,pass,correct,,,14139824,14139824,14139824,14139824,high,0.95,,,0,,,
PA-00860,0,pass,correct,,,20676403,20676403,20676403,20676403,medium,0.75,,,0,indexed_rate_method=appendix_b_unindexed:medium,indexed_rate_method=appendix_b_unindexed:medium,
PA-00861,0,pass,correct,,,10196619,10196619,10196619,10196619,high,0.95,,,0,,,
PA-00862,0,pass,correct,,,32757402,32757402,32757402,32757402,medium,0.75,,,0,monthly_rate_treatment=final_rate:medium,monthly_rate_treatment=final_rate:medium,
PA-00863,0,pass,correct,,,50700367,50700367,50700367,50700367,medium,0.75,,,0,indexed_rate_method=appendix_b_unindexed:medium,indexed_rate_method=appendix_b_unindexed:medium,
PA-00864,0,pass,correct,,,2873145,2873145,2873145,2873145,high,0.95,,,0,,,
PA-00865,0,pass,correct,,,23851457,23851457,23851457,23851457,high,0.95,,,0,,,
PA-00866,0,pass,correct,,,10866300,10866300,10866300,10866300,high,0.95,,,0,,,
PA-00867,0,pass,correct,,,22493371,22493371,22493371,22493371,high,0.95,,,0,,,
PA-00868,0,pass,correct,,,18512721,18512721,18512721,18512721,medium,0.75,,,0,indexed_rate_method=appendix_b_unindexed:medium,indexed_rate_method=appendix_b_unindexed:medium,
PA-00869,0,pass,correct,,,16604322,16604322,16604322,16604322,high,0.95,,,0,,,
PA-00870,0,pass,correct,,,9327750,9327750,9327750,9327750,high,0.95,,,0,,,
PA-00871,1,part-reject,corrected,rebate_incorrectly_applied,rebate_incorrectly_applied,8522447,8494143,8494143,8494143,high,0.95,,,1,,,
PA-00872,0,pass,correct,,,11924454,11924454,11924454,11924454,medium,0.75,,,0,indexed_rate_method=appendix_b_unindexed:medium,indexed_rate_method=appendix_b_unindexed:medium,
PA-00873,0,pass,correct,,,11444907,11444907,11444907,11444907,high,0.95,,,0,,,
PA-00874,1,part-reject,corrected,duplicate_record,duplicate_record,8372291,8197793,8197793,8197793,high,0.95,,,1,,,
PA-00875,0,pass,correct,,,12155675,12155675,12155675,12155675,high,0.95,,,0,,,
PA-00876,0,pass,correct,,,45156500,45156500,45156500,45156500,high,0.95,,,0,,,
PA-00877,0,pass,correct,,,43004206,43004206,43004206,43004206,medium,0.75,,,0,indexed_rate_method=appendix_b_unindexed:medium;measurement_order=application_number:medium;monthly_rate_treatment=final_rate:medium,indexed_rate_method=appendix_b_unindexed:medium;measurement_order=application_number:medium;monthly_rate_treatment=final_rate:medium,
PA-00878,0,pass,correct,,,3863749,3863749,3863749,3863749,high,0.95,,,0,,,
PA-00879,0,pass,correct,,,18473709,18473709,18473709,18473709,medium,0.75,,,0,indexed_rate_method=appendix_b_unindexed:medium,indexed_rate_method=appendix_b_unindexed:medium,
PA-00880,1,part-reject,corrected,duplicate_record,duplicate_record,24242724,24047652,24047652,24047652,high,0.95,,,1,,,
PA-00881,0,pass,correct,,,22002759,22002759,22002759,22002759,medium,0.75,,,0,survey_quantity_rule=exact_33:medium,survey_quantity_rule=exact_33:medium,
PA-00882,0,pass,correct,,,6999225,6999225,6999225,6999225,high,0.95,,,0,,,
PA-00883,0,pass,correct,,,10634820,10634820,10634820,10634820,high,0.95,,,0,,,
PA-00884,0,pass,correct,,,31251623,31251623,31251623,31251623,high,0.95,,,0,,,
PA-00885,0,pass,correct,,,6291315,6291315,6291315,6291315,high,0.95,,,0,,,
PA-00886,0,pass,correct,,,22875060,22875060,22875060,22875060,high,0.95,,,0,,,
PA-00887,0,pass,correct,,,27157219,27157219,27157219,27157219,medium,0.75,,,0,indexed_rate_method=appendix_b_unindexed:medium,indexed_rate_method=appendix_b_unindexed:medium,
PA-00888,0,pass,correct,,,20043507,20043507,20043507,20043507,medium,0.75,,,0,indexed_rate_method=appendix_b_unindexed:medium,indexed_rate_method=appendix_b_unindexed:medium,
PA-00889,1,part-reject,undetermined,unit_rate_mismatch,unit_rate_mismatch,31149048,,31157868,31157868,high,0.95,unresolved_interpretation:indexed_rate_method,unresolved_interpretation:indexed_rate_method,1,indexed_rate_method=appendix_b_unindexed:medium,,
PA-00890,0,pass,correct,,,28620396,28620396,28620396,28620396,high,0.95,,,0,,,
PA-00891,0,pass,correct,,,1640530,1640530,1640530,1640530,high,0.95,,,0,,,
PA-00892,1,part-reject,undetermined,unit_mismatch,unit_mismatch,7520133,,7322310,7322310,high,0.95,unresolved_interpretation:indexed_rate_method,unresolved_interpretation:indexed_rate_method,1,indexed_rate_method=appendix_b_unindexed:medium,,
PA-00893,0,pass,correct,,,25938876,25938876,25938876,25938876,high,0.95,,,0,,,
PA-00894,0,pass,correct,,,6142337,6142337,6142337,6142337,high,0.95,,,0,,,
PA-00895,0,pass,correct,,,29958182,29958182,29958182,29958182,medium,0.75,,,0,indexed_rate_method=appendix_b_unindexed:medium,indexed_rate_method=appendix_b_unindexed:medium,
PA-00896,0,pass,correct,,,14409716,14409716,14409716,14409716,medium,0.75,,,0,measurement_order=application_number:medium,measurement_order=application_number:medium,
PA-00897,0,pass,correct,,,67089146,67089146,67089146,67089146,medium,0.75,,,0,indexed_rate_method=appendix_b_unindexed:medium;monthly_rate_treatment=final_rate:medium,indexed_rate_method=appendix_b_unindexed:medium;monthly_rate_treatment=final_rate:medium,
PA-00898,1,part-reject,corrected,unit_rate_mismatch,unit_rate_mismatch,6275666,6053354,6053354,6053354,high,0.95,,,1,,,
PA-00899,0,pass,correct,,,7321334,7321334,7321334,7321334,high,0.95,,,0,,,
PA-00900,0,pass,correct,,,10903110,10903110,10903110,10903110,high,0.95,,,0,,,
