invoice_no,flagged,outcome,total_status,primary_category,categories,billed_total_cents,expected_total_cents,contract_total_cents,conditional_total_cents,confidence_band,confidence,blank_reasons,flagging_findings,entitlement_queries,entitlement_services,total_depends_on,would_flag_under,would_unflag_under,observations
MDS-00001,0,query,conditional,,,11479341,,11479341,11479341,medium,0.75,entitlement_unverified:AMB-13,0,4,MW-310,record_signatories;report_vocabulary,record_signatories=FORM_SIGNATORIES_REQUIRED;report_vocabulary=CODES_REQUIRED,,
MDS-00002,0,query,conditional,,,10726689,,10726689,10726689,medium,0.75,entitlement_unverified:AMB-13,0,4,MW-310,record_signatories;report_vocabulary,record_signatories=FORM_SIGNATORIES_REQUIRED;report_vocabulary=CODES_REQUIRED,,
MDS-00003,0,query,conditional,,,11583616,,11583616,11583616,medium,0.75,entitlement_unverified:AMB-13,0,4,MW-310,record_signatories;report_vocabulary,record_signatories=FORM_SIGNATORIES_REQUIRED;report_vocabulary=CODES_REQUIRED,,
MDS-00004,0,query,conditional,,,14465123,,14465123,14465123,medium,0.75,entitlement_unverified:AMB-13,0,6,MW-310,record_signatories;report_vocabulary,record_signatories=FORM_SIGNATORIES_REQUIRED;report_vocabulary=CODES_REQUIRED,,
MDS-00005,0,query,conditional,,,11728473,,11728473,11728473,medium,0.75,entitlement_unverified:AMB-13,0,5,MW-310,standby_section_factor;record_signatories;report_vocabulary,standby_section_factor=APPLY;record_signatories=FORM_SIGNATORIES_REQUIRED;report_vocabulary=CODES_REQUIRED,,
MDS-00006,0,query,conditional,,,4860988,,4860988,4860988,medium,0.75,entitlement_unverified:AMB-13,0,3,MW-310,report_vocabulary,report_vocabulary=CODES_REQUIRED,,
MDS-00007,0,query,conditional,,,8382954,,8382954,8382954,medium,0.75,entitlement_unverified:AMB-13,0,5,MW-310,record_signatories;report_vocabulary,record_signatories=FORM_SIGNATORIES_REQUIRED;report_vocabulary=CODES_REQUIRED,,
MDS-00008,0,query,conditional,,,10665843,,10665843,10665843,medium,0.75,entitlement_unverified:AMB-13,0,4,MW-310,record_signatories;report_vocabulary,record_signatories=FORM_SIGNATORIES_REQUIRED;report_vocabulary=CODES_REQUIRED,,
MDS-00009,0,query,conditional,,,14408270,,14408270,14408270,medium,0.75,entitlement_unverified:AMB-13,0,6,MW-310,record_signatories;report_vocabulary,record_signatories=FORM_SIGNATORIES_REQUIRED;report_vocabulary=CODES_REQUIRED,,
MDS-00010,0,query,conditional,,,13723633,,13723633,13723633,medium,0.75,entitlement_unverified:AMB-13,0,5,MW-310,record_signatories;report_vocabulary,record_signatories=FORM_SIGNATORIES_REQUIRED;report_vocabulary=CODES_REQUIRED,,
MDS-00011,0,query,conditional,,,5430625,,5430625,5430625,medium,0.75,entitlement_unverified:AMB-13,0,3,MW-310,record_signatories;report_vocabulary,record_signatories=FORM_SIGNATORIES_REQUIRED;report_vocabulary=CODES_REQUIRED,,
MDS-00012,0,query,conditional,,,7043932,,7043932,7043932,medium,0.75,entitlement_unverified:AMB-13,0,4,MW-310,record_signatories;report_vocabulary,record_signatories=FORM_SIGNATORIES_REQUIRED;report_vocabulary=CODES_REQUIRED,,
MDS-00013,0,query,conditional,,,10865477,,10865477,10865477,medium,0.75,entitlement_unverified:AMB-13,0,4,MW-310,record_signatories;report_vocabulary,record_signatories=FORM_SIGNATORIES_REQUIRED;report_vocabulary=CODES_REQUIRED,,
MDS-00014,0,query,conditional,,,9223820,,9223820,9223820,medium,0.75,entitlement_unverified:AMB-13,0,3,MW-310,record_signatories;report_vocabulary,record_signatories=FORM_SIGNATORIES_REQUIRED;report_vocabulary=CODES_REQUIRED,,
MDS-00015,0,query,conditional,,,4860988,,4860988,4860988,medium,0.75,entitlement_unverified:AMB-13,0,3,MW-310,report_vocabulary,report_vocabulary=CODES_REQUIRED,,
MDS-00016,0,query,conditional,,,9639662,,9639662,9639662,medium,0.75,entitlement_unverified:AMB-13,0,5,MW-310,record_signatories;report_vocabulary,record_signatories=FORM_SIGNATORIES_REQUIRED;report_vocabulary=CODES_REQUIRED,,
MDS-00017,0,query,conditional,,,5149318,,5149318,5149318,medium,0.75,entitlement_unverified:AMB-13,0,3,MW-310,report_vocabulary,report_vocabulary=CODES_REQUIRED,,
MDS-00018,0,query,conditional,,,153252731,,153252731,153252731,medium,0.75,entitlement_unverified:AMB-13,0,16,DD-120;MW-310;MW-320;PD-201;PD-210,metre_source;record_signatories;report_vocabulary,metre_source=PART_B_RUN_METRES;record_signatories=FORM_SIGNATORIES_REQUIRED;report_vocabulary=CODES_REQUIRED,,
MDS-00019,0,query,conditional,,,6274547,,6274547,6274547,medium,0.75,entitlement_unverified:AMB-13,0,3,MW-310,record_signatories;report_vocabulary,record_signatories=FORM_SIGNATORIES_REQUIRED;report_vocabulary=CODES_REQUIRED,,
MDS-00020,0,query,conditional,,,14209638,,14209638,14209638,medium,0.75,entitlement_unverified:AMB-13,0,6,MW-310,record_signatories;report_vocabulary,record_signatories=FORM_SIGNATORIES_REQUIRED;report_vocabulary=CODES_REQUIRED,,
MDS-00021,0,query,conditional,,,8929204,,8929204,8929204,medium,0.75,entitlement_unverified:AMB-13,0,5,MW-310,standby_section_factor;record_signatories;report_vocabulary,standby_section_factor=APPLY;record_signatories=FORM_SIGNATORIES_REQUIRED;report_vocabulary=CODES_REQUIRED,,
MDS-00022,0,query,conditional,,,20637516,,20637516,20637516,medium,0.75,entitlement_unverified:AMB-13,0,22,DD-120;MW-310;MW-320;PD-201;PD-210,metre_source;record_signatories;report_vocabulary,metre_source=PART_B_RUN_METRES;record_signatories=FORM_SIGNATORIES_REQUIRED;report_vocabulary=CODES_REQUIRED,,
MDS-00023,0,query,conditional,,,6825988,,6825988,6825988,medium,0.75,entitlement_unverified:AMB-13,0,4,MW-310,standby_section_factor;record_signatories;report_vocabulary,standby_section_factor=APPLY;record_signatories=FORM_SIGNATORIES_REQUIRED;report_vocabulary=CODES_REQUIRED,,
MDS-00024,0,query,conditional,,,7250936,,7250936,7250936,medium,0.75,entitlement_unverified:AMB-13,0,4,MW-310,record_signatories;report_vocabulary,record_signatories=FORM_SIGNATORIES_REQUIRED;report_vocabulary=CODES_REQUIRED,,
MDS-00025,0,query,conditional,,,10257915,,10257915,10257915,medium,0.75,entitlement_unverified:AMB-13,0,8,DD-120;MW-310;MW-320;PD-201;PD-210,record_signatories;report_vocabulary,record_signatories=FORM_SIGNATORIES_REQUIRED;report_vocabulary=CODES_REQUIRED,,
MDS-00026,0,query,conditional,,,8860048,,8860048,8860048,medium,0.75,entitlement_unverified:AMB-13,0,5,MW-310,record_signatories;report_vocabulary,record_signatories=FORM_SIGNATORIES_REQUIRED;report_vocabulary=CODES_REQUIRED,,
MDS-00027,0,query,conditional,,,9015090,,9015090,9015090,medium,0.75,entitlement_unverified:AMB-13,0,3,MW-310,record_signatories;report_vocabulary,record_signatories=FORM_SIGNATORIES_REQUIRED;report_vocabulary=CODES_REQUIRED,,
MDS-00028,0,query,conditional,,,11686129,,11686129,11686129,medium,0.75,entitlement_unverified:AMB-13,0,4,MW-310,record_signatories;report_vocabulary,record_signatories=FORM_SIGNATORIES_REQUIRED;report_vocabulary=CODES_REQUIRED,,
MDS-00029,0,query,conditional,,,13729683,,13729683,13729683,medium,0.75,entitlement_unverified:AMB-13,0,12,DD-120;MW-310;MW-320;PD-201;PD-210,metre_source;pd210_class_factor;record_signatories;report_vocabulary,metre_source=PART_B_RUN_METRES;pd210_class_factor=APPLY;record_signatories=FORM_SIGNATORIES_REQUIRED;report_vocabulary=CODES_REQUIRED,,
MDS-00030,0,query,conditional,,,11953703,,11953703,11953703,medium,0.75,entitlement_unverified:AMB-13,0,11,DD-120;MW-310;MW-320,record_signatories;report_vocabulary,record_signatories=FORM_SIGNATORIES_REQUIRED;report_vocabulary=CODES_REQUIRED,,
MDS-00031,0,query,conditional,,,18854262,,18854262,18854262,medium,0.75,entitlement_unverified:AMB-13,0,20,DD-120;MW-310;MW-320;PD-201;PD-210,metre_source;record_signatories;report_vocabulary,metre_source=PART_B_RUN_METRES;record_signatories=FORM_SIGNATORIES_REQUIRED;report_vocabulary=CODES_REQUIRED,,
MDS-00032,0,query,conditional,,,10280286,,10280286,10280286,medium,0.75,entitlement_unverified:AMB-13,0,8,DD-120;MW-310;MW-320,metre_source;record_signatories;report_vocabulary,metre_source=PART_B_RUN_METRES;record_signatories=FORM_SIGNATORIES_REQUIRED;report_vocabulary=CODES_REQUIRED,,
MDS-00033,0,query,conditional,,,10038621,,10038621,10038621,medium,0.75,entitlement_unverified:AMB-13,0,6,MW-310,standby_section_factor;record_signatories;report_vocabulary,standby_section_factor=APPLY;record_signatories=FORM_SIGNATORIES_REQUIRED;report_vocabulary=CODES_REQUIRED,,
MDS-00034,0,query,conditional,,,6551681,,6551681,6551681,medium,0.75,entitlement_unverified:AMB-13,0,5,DD-120;MW-310;MW-320,record_signatories;report_vocabulary,record_signatories=FORM_SIGNATORIES_REQUIRED;report_vocabulary=CODES_REQUIRED,,
MDS-00035,0,query,conditional,,,10135401,,10135401,10135401,medium,0.75,entitlement_unverified:AMB-13,0,8,DD-120;MW-310;MW-320;PD-201;PD-210,pd210_class_factor;record_signatories;report_vocabulary,pd210_class_factor=APPLY;record_signatories=FORM_SIGNATORIES_REQUIRED;report_vocabulary=CODES_REQUIRED,,
MDS-00036,0,query,conditional,,,13329122,,13329122,13329122,medium,0.75,entitlement_unverified:AMB-13,0,8,DD-120;MW-310;MW-320,record_signatories;report_vocabulary,record_signatories=FORM_SIGNATORIES_REQUIRED;report_vocabulary=CODES_REQUIRED,,
MDS-00037,0,query,conditional,,,23519783,,23519783,23519783,medium,0.75,entitlement_unverified:AMB-13,0,31,DD-120;MW-310;MW-320;PD-201;PD-210,report_vocabulary,report_vocabulary=CODES_REQUIRED,,
MDS-00038,0,query,conditional,,,9752052,,9752052,9752052,medium,0.75,entitlement_unverified:AMB-13,0,5,MW-310,record_signatories;report_vocabulary,record_signatories=FORM_SIGNATORIES_REQUIRED;submission_date=INVOICE_DATE_IS_SUBMISSION;report_vocabulary=CODES_REQUIRED,,"invoice dated 2025-03-17, 55 days after its period ended on 2025-01-21; the submission date is not in the data (AMB-25), so Clause 33 is not judged"
MDS-00039,0,query,conditional,,,5149318,,5149318,5149318,medium,0.75,entitlement_unverified:AMB-13,0,3,MW-310,report_vocabulary,report_vocabulary=CODES_REQUIRED,,
MDS-00040,0,query,conditional,,,19714123,,19714123,19714123,medium,0.75,entitlement_unverified:AMB-13,0,20,DD-120;MW-310;MW-320;PD-201;PD-210,metre_source;pd210_class_factor;record_signatories;report_vocabulary,metre_source=PART_B_RUN_METRES;pd210_class_factor=APPLY;record_signatories=FORM_SIGNATORIES_REQUIRED;report_vocabulary=CODES_REQUIRED,,
MDS-00041,0,query,conditional,,,11225368,,11225368,11225368,medium,0.75,entitlement_unverified:AMB-13,0,15,DD-120;MW-310;MW-320,report_vocabulary,report_vocabulary=CODES_REQUIRED,,
MDS-00042,1,part-reject,conditional,standby_rate_misapplied,standby_rate_misapplied,21319429,,21240129,21240129,high,0.95,entitlement_unverified:AMB-13,1,24,DD-120;MW-310;MW-320;PD-201;PD-210,metre_source;record_signatories;report_vocabulary,,,
MDS-00043,0,query,conditional,,,18981336,,18981336,18981336,medium,0.75,entitlement_unverified:AMB-13,0,24,DD-120;LW-410;LW-411;LW-412;LW-413;MW-310;MW-320;PD-201;PD-210,appendix_g_reading;metre_source;record_signatories;report_vocabulary,appendix_g_reading=LWD_ROWS_SHIFTED;metre_source=PART_B_RUN_METRES;record_signatories=FORM_SIGNATORIES_REQUIRED;report_vocabulary=CODES_REQUIRED,,
MDS-00044,0,query,conditional,,,13496053,,13496053,13496053,medium,0.75,entitlement_unverified:AMB-13,0,14,DD-120;MW-310;MW-320,metre_source;record_signatories;report_vocabulary,metre_source=PART_B_RUN_METRES;record_signatories=FORM_SIGNATORIES_REQUIRED;report_vocabulary=CODES_REQUIRED,,
MDS-00045,0,query,conditional,,,9029556,,9029556,9029556,medium,0.75,entitlement_unverified:AMB-13,0,11,DD-120;MW-310;MW-320,report_vocabulary,report_vocabulary=CODES_REQUIRED,,
MDS-00046,0,query,conditional,,,9226082,,9226082,9226082,medium,0.75,entitlement_unverified:AMB-13,0,12,DD-120;MW-310;MW-320,report_vocabulary,report_vocabulary=CODES_REQUIRED,,
MDS-00047,0,query,conditional,,,20891727,,20891727,20891727,medium,0.75,entitlement_unverified:AMB-13,0,29,DD-120;MW-310;MW-320;PD-201;PD-210,pd210_class_factor;volume_tier_scope;report_vocabulary,pd210_class_factor=APPLY;volume_tier_scope=CONTRACT_WIDE;report_vocabulary=CODES_REQUIRED,,
MDS-00048,0,query,conditional,,,13377063,,13377063,13377063,medium,0.75,entitlement_unverified:AMB-13,0,10,DD-120;MW-310;MW-320;PD-201;PD-210,pd210_class_factor;volume_tier_scope;record_signatories;report_vocabulary,pd210_class_factor=APPLY;volume_tier_scope=CONTRACT_WIDE;record_signatories=FORM_SIGNATORIES_REQUIRED;report_vocabulary=CODES_REQUIRED,,
MDS-00049,0,query,conditional,,,21799280,,21799280,21799280,medium,0.75,entitlement_unverified:AMB-13,0,21,DD-120;MW-310;MW-320;PD-201;PD-210,metre_source;pd210_class_factor;volume_tier_scope;record_signatories;report_vocabulary,metre_source=PART_B_RUN_METRES;pd210_class_factor=APPLY;record_signatories=FORM_SIGNATORIES_REQUIRED;report_vocabulary=CODES_REQUIRED,,
MDS-00050,0,query,conditional,,,6749099,,6749099,6749099,medium,0.75,entitlement_unverified:AMB-13,0,7,DD-120;MW-310;MW-320,record_signatories;report_vocabulary,record_signatories=FORM_SIGNATORIES_REQUIRED;report_vocabulary=CODES_REQUIRED,,
MDS-00051,0,query,conditional,,,12553524,,12553524,12553524,medium,0.75,entitlement_unverified:AMB-13,0,12,DD-120;MW-310;MW-320,metre_source;record_signatories;report_vocabulary,metre_source=PART_B_RUN_METRES;record_signatories=FORM_SIGNATORIES_REQUIRED;report_vocabulary=CODES_REQUIRED,,
MDS-00052,0,query,conditional,,,18283024,,18283024,18283024,medium,0.75,entitlement_unverified:AMB-13,0,17,DD-120;MW-310;MW-320,metre_source;record_signatories;report_vocabulary,metre_source=PART_B_RUN_METRES;record_signatories=FORM_SIGNATORIES_REQUIRED;report_vocabulary=CODES_REQUIRED,,
MDS-00053,0,query,conditional,,,10372040,,10372040,10372040,medium,0.75,entitlement_unverified:AMB-13,0,14,DD-120;MW-310;MW-320;PD-201;PD-210,report_vocabulary,report_vocabulary=CODES_REQUIRED,,
MDS-00054,0,query,conditional,,,14748298,,14748298,14748298,medium,0.75,entitlement_unverified:AMB-13,0,28,DD-120;LW-410;LW-411;LW-412;LW-413;MW-310;MW-320;PD-201;PD-210,appendix_g_reading;metre_source;standby_section_factor;volume_tier_scope;record_signatories;report_vocabulary,appendix_g_reading=LWD_ROWS_SHIFTED;metre_source=PART_B_RUN_METRES;standby_section_factor=APPLY;volume_tier_scope=CONTRACT_WIDE;record_signatories=FORM_SIGNATORIES_REQUIRED;report_vocabulary=CODES_REQUIRED,,
MDS-00055,0,query,conditional,,,10259149,,10259149,10259149,medium,0.75,entitlement_unverified:AMB-13,0,16,DD-120;LW-410;LW-411;MW-310;MW-320,appendix_g_reading;metre_source;record_signatories;report_vocabulary,appendix_g_reading=LWD_ROWS_SHIFTED;metre_source=PART_B_RUN_METRES;record_signatories=FORM_SIGNATORIES_REQUIRED;report_vocabulary=CODES_REQUIRED,,
MDS-00056,0,query,conditional,,,10021279,,10021279,10021279,medium,0.75,entitlement_unverified:AMB-13,0,12,DD-120;MW-310;MW-320,report_vocabulary,report_vocabulary=CODES_REQUIRED,,
MDS-00057,0,query,conditional,,,15460809,,15460809,15460809,medium,0.75,entitlement_unverified:AMB-13,0,22,DD-120;LW-410;LW-411;LW-412;MW-310;MW-320;PD-201;PD-210,appendix_g_reading;metre_source;volume_tier_scope;record_signatories;report_vocabulary,appendix_g_reading=LWD_ROWS_SHIFTED;metre_source=PART_B_RUN_METRES;volume_tier_scope=CONTRACT_WIDE;record_signatories=FORM_SIGNATORIES_REQUIRED;report_vocabulary=CODES_REQUIRED,,
MDS-00058,0,query,conditional,,,10056621,,10056621,10056621,medium,0.75,entitlement_unverified:AMB-13,0,12,DD-120;MW-310;MW-320,report_vocabulary,report_vocabulary=CODES_REQUIRED,,
MDS-00059,0,query,conditional,,,9121328,,9121328,9121328,medium,0.75,entitlement_unverified:AMB-13,0,9,DD-120;MW-310;MW-320,metre_source;record_signatories;report_vocabulary,metre_source=PART_B_RUN_METRES;record_signatories=FORM_SIGNATORIES_REQUIRED;report_vocabulary=CODES_REQUIRED,,
MDS-00060,0,query,conditional,,,6708715,,6708715,6708715,medium,0.75,entitlement_unverified:AMB-13,0,9,DD-120;MW-310;MW-320,report_vocabulary,report_vocabulary=CODES_REQUIRED,,
MDS-00061,0,query,conditional,,,18423748,,18423748,18423748,medium,0.75,entitlement_unverified:AMB-13,0,25,DD-120;LW-410;LW-411;LW-412;MW-310;MW-320;PD-201;PD-210,appendix_g_reading;metre_source;pd210_class_factor;volume_tier_scope;record_signatories;report_vocabulary,appendix_g_reading=LWD_ROWS_SHIFTED;metre_source=PART_B_RUN_METRES;pd210_class_factor=APPLY;volume_tier_scope=CONTRACT_WIDE;record_signatories=FORM_SIGNATORIES_REQUIRED;report_vocabulary=CODES_REQUIRED,,
MDS-00062,1,part-reject,conditional,quantity_exceeds_record,quantity_exceeds_record,13458498,,13398351,13398351,high,0.95,entitlement_unverified:AMB-13,1,25,DD-120;LW-410;LW-411;LW-412;LW-413;MW-310;MW-320;PD-201;PD-210,appendix_g_reading;metre_source;volume_tier_scope;record_signatories;report_vocabulary,,,
MDS-00063,0,query,conditional,,,17618558,,17618558,17618558,medium,0.75,entitlement_unverified:AMB-13,0,23,DD-120;LW-410;LW-411;LW-412;LW-413;MW-310;MW-320;PD-201;PD-210,appendix_g_reading;pd210_class_factor;volume_tier_scope;record_signatories;report_vocabulary,appendix_g_reading=LWD_ROWS_SHIFTED;pd210_class_factor=APPLY;volume_tier_scope=CONTRACT_WIDE;record_signatories=FORM_SIGNATORIES_REQUIRED;report_vocabulary=CODES_REQUIRED,,
MDS-00064,0,query,conditional,,,12864604,,12864604,12864604,medium,0.75,entitlement_unverified:AMB-13,0,13,DD-120;MW-310;MW-320,metre_source;record_signatories;report_vocabulary,metre_source=PART_B_RUN_METRES;record_signatories=FORM_SIGNATORIES_REQUIRED;report_vocabulary=CODES_REQUIRED,,
MDS-00065,0,query,conditional,,,14487932,,14487932,14487932,medium,0.75,entitlement_unverified:AMB-13,0,18,DD-120;MW-310;MW-320;PD-201;PD-210,pd210_class_factor;volume_tier_scope;report_vocabulary,pd210_class_factor=APPLY;volume_tier_scope=CONTRACT_WIDE;report_vocabulary=CODES_REQUIRED,,
MDS-00066,0,query,conditional,,,29127903,,29127903,29127903,medium,0.75,entitlement_unverified:AMB-13,0,51,DD-120;LW-410;LW-411;LW-412;LW-413;MW-310;MW-320;PD-201;PD-210,appendix_g_reading;metre_source;volume_tier_scope;record_signatories;report_vocabulary,appendix_g_reading=LWD_ROWS_SHIFTED;metre_source=PART_B_RUN_METRES;volume_tier_scope=CONTRACT_WIDE;record_signatories=FORM_SIGNATORIES_REQUIRED;report_vocabulary=CODES_REQUIRED,,
MDS-00067,0,query,conditional,,,10159250,,10159250,10159250,medium,0.75,entitlement_unverified:AMB-13,0,18,DD-120;LW-410;LW-411;LW-413;MW-310;MW-320,appendix_g_reading;metre_source;standby_section_factor;record_signatories;report_vocabulary,appendix_g_reading=LWD_ROWS_SHIFTED;metre_source=PART_B_RUN_METRES;standby_section_factor=APPLY;record_signatories=FORM_SIGNATORIES_REQUIRED;report_vocabulary=CODES_REQUIRED,,
MDS-00068,0,query,conditional,,,11798960,,11798960,11798960,medium,0.75,entitlement_unverified:AMB-13,0,16,DD-120;LW-410;LW-411;MW-310;MW-320,appendix_g_reading;metre_source;record_signatories;report_vocabulary,appendix_g_reading=LWD_ROWS_SHIFTED;metre_source=PART_B_RUN_METRES;record_signatories=FORM_SIGNATORIES_REQUIRED;report_vocabulary=CODES_REQUIRED,,
MDS-00069,0,query,conditional,,,16560598,,16560598,16560598,medium,0.75,entitlement_unverified:AMB-13,0,23,DD-120;LW-410;LW-411;MW-310;MW-320,appendix_g_reading;metre_source;record_signatories;report_vocabulary,appendix_g_reading=LWD_ROWS_SHIFTED;metre_source=PART_B_RUN_METRES;record_signatories=FORM_SIGNATORIES_REQUIRED;report_vocabulary=CODES_REQUIRED,,
MDS-00070,0,query,conditional,,,20851268,,20851268,20851268,medium,0.75,entitlement_unverified:AMB-13,0,41,DD-120;LW-410;LW-411;LW-412;LW-413;MW-310;MW-320;PD-201;PD-210,appendix_g_reading;metre_source;volume_tier_scope;record_signatories;report_vocabulary,appendix_g_reading=LWD_ROWS_SHIFTED;metre_source=PART_B_RUN_METRES;volume_tier_scope=CONTRACT_WIDE;record_signatories=FORM_SIGNATORIES_REQUIRED;report_vocabulary=CODES_REQUIRED,,
MDS-00071,0,query,conditional,,,15503201,,15503201,15503201,medium,0.75,entitlement_unverified:AMB-13,0,22,DD-120;LW-410;LW-411;MW-310;MW-320,appendix_g_reading;metre_source;rig_services_index;record_signatories;report_vocabulary,appendix_g_reading=LWD_ROWS_SHIFTED;metre_source=PART_B_RUN_METRES;rig_services_index=NOT_APPLIED;record_signatories=FORM_SIGNATORIES_REQUIRED;report_vocabulary=CODES_REQUIRED,,
MDS-00072,1,part-reject,conditional,invoice_discount_error,invoice_discount_error,150368526,,145503784,145503784,high,0.95,entitlement_unverified:AMB-13,1,18,DD-120;MW-310;MW-320,rig_services_index;record_signatories;report_vocabulary,,,
MDS-00073,0,query,conditional,,,19886152,,19886152,19886152,medium,0.75,entitlement_unverified:AMB-13,0,28,DD-120;LW-410;LW-411;LW-412;LW-413;MW-310;MW-320,appendix_g_reading;metre_source;rig_services_index;record_signatories;report_vocabulary,appendix_g_reading=LWD_ROWS_SHIFTED;metre_source=PART_B_RUN_METRES;rig_services_index=NOT_APPLIED;record_signatories=FORM_SIGNATORIES_REQUIRED;report_vocabulary=CODES_REQUIRED,,
MDS-00074,0,query,conditional,,,21357170,,21357170,21357170,medium,0.75,entitlement_unverified:AMB-13,0,41,DD-120;LW-410;LW-411;LW-412;LW-413;MW-310;MW-320;PD-201;PD-210,appendix_g_reading;metre_source;rig_services_index;volume_tier_scope;record_signatories;report_vocabulary,appendix_g_reading=LWD_ROWS_SHIFTED;metre_source=PART_B_RUN_METRES;rig_services_index=NOT_APPLIED;volume_tier_scope=CONTRACT_WIDE;record_signatories=FORM_SIGNATORIES_REQUIRED;report_vocabulary=CODES_REQUIRED,,
MDS-00075,0,query,conditional,,,24843394,,24843394,24843394,medium,0.75,entitlement_unverified:AMB-13,0,42,DD-120;LW-410;LW-411;LW-412;LW-413;MW-310;MW-320;PD-201;PD-210,appendix_g_reading;metre_source;pd210_class_factor;rig_services_index;volume_tier_scope;record_signatories;report_vocabulary,appendix_g_reading=LWD_ROWS_SHIFTED;metre_source=PART_B_RUN_METRES;pd210_class_factor=APPLY;rig_services_index=NOT_APPLIED;volume_tier_scope=CONTRACT_WIDE;record_signatories=FORM_SIGNATORIES_REQUIRED;report_vocabulary=CODES_REQUIRED,,
MDS-00076,0,query,conditional,,,18842364,,18842364,18842364,medium,0.75,entitlement_unverified:AMB-13,0,33,DD-120;LW-410;LW-411;LW-412;LW-413;MW-310;MW-320;PD-201;PD-210,appendix_g_reading;metre_source;pd210_class_factor;rig_services_index;volume_tier_scope;record_signatories;report_vocabulary,appendix_g_reading=LWD_ROWS_SHIFTED;metre_source=PART_B_RUN_METRES;pd210_class_factor=APPLY;rig_services_index=NOT_APPLIED;volume_tier_scope=CONTRACT_WIDE;record_signatories=FORM_SIGNATORIES_REQUIRED;report_vocabulary=CODES_REQUIRED,,
MDS-00077,0,query,conditional,,,27568180,,27568180,27568180,medium,0.75,entitlement_unverified:AMB-13,0,37,DD-120;LW-410;LW-411;LW-412;LW-413;MW-310;MW-320;PD-201;PD-210,appendix_g_reading;metre_source;pd210_class_factor;rig_services_index;volume_tier_scope;record_signatories;report_vocabulary,appendix_g_reading=LWD_ROWS_SHIFTED;metre_source=PART_B_RUN_METRES;pd210_class_factor=APPLY;rig_services_index=NOT_APPLIED;volume_tier_scope=CONTRACT_WIDE;record_signatories=FORM_SIGNATORIES_REQUIRED;report_vocabulary=CODES_REQUIRED,,
MDS-00078,1,part-reject,conditional,standby_rate_misapplied,standby_rate_misapplied,13666115,,13621284,13621284,high,0.95,entitlement_unverified:AMB-13,1,23,DD-120;LW-410;LW-411;LW-413;MW-310;MW-320,appendix_g_reading;metre_source;standby_section_factor;rig_services_index;record_signatories;report_vocabulary,,,
MDS-00079,0,query,conditional,,,16497880,,16497880,16497880,medium,0.75,entitlement_unverified:AMB-13,0,29,DD-120;LW-410;LW-411;LW-413;MW-310;MW-320,appendix_g_reading;metre_source;rig_services_index;record_signatories;report_vocabulary,appendix_g_reading=LWD_ROWS_SHIFTED;metre_source=PART_B_RUN_METRES;rig_services_index=NOT_APPLIED;record_signatories=FORM_SIGNATORIES_REQUIRED;report_vocabulary=CODES_REQUIRED,,
MDS-00080,0,query,conditional,,,20859431,,20859431,20859431,medium,0.75,entitlement_unverified:AMB-13,0,25,DD-120;LW-410;LW-411;LW-412;LW-413;MW-310;MW-320,appendix_g_reading;metre_source;rig_services_index;record_signatories;report_vocabulary,appendix_g_reading=LWD_ROWS_SHIFTED;metre_source=PART_B_RUN_METRES;rig_services_index=NOT_APPLIED;record_signatories=FORM_SIGNATORIES_REQUIRED;report_vocabulary=CODES_REQUIRED,,
MDS-00081,0,query,conditional,,,11403947,,11403947,11403947,medium,0.75,entitlement_unverified:AMB-13,0,17,DD-120;LW-410;LW-411;MW-310;MW-320,appendix_g_reading;metre_source;standby_section_factor;rig_services_index;record_signatories;report_vocabulary,appendix_g_reading=LWD_ROWS_SHIFTED;metre_source=PART_B_RUN_METRES;standby_section_factor=APPLY;rig_services_index=NOT_APPLIED;record_signatories=FORM_SIGNATORIES_REQUIRED;report_vocabulary=CODES_REQUIRED,,
MDS-00082,0,query,conditional,,,5721389,,5721389,5721389,medium,0.75,entitlement_unverified:AMB-13,0,4,DD-120;MW-310;MW-320;PD-201,rig_services_index;report_vocabulary,rig_services_index=NOT_APPLIED;report_vocabulary=CODES_REQUIRED,,
MDS-00083,0,query,conditional,,,22405141,,22405141,22405141,medium,0.75,entitlement_unverified:AMB-13,0,37,DD-120;LW-410;LW-411;LW-412;LW-413;MW-310;MW-320;PD-201;PD-210,appendix_g_reading;metre_source;rig_services_index;volume_tier_scope;record_signatories;report_vocabulary,appendix_g_reading=LWD_ROWS_SHIFTED;metre_source=PART_B_RUN_METRES;rig_services_index=NOT_APPLIED;volume_tier_scope=CONTRACT_WIDE;record_signatories=FORM_SIGNATORIES_REQUIRED;report_vocabulary=CODES_REQUIRED,,
MDS-00084,0,query,conditional,,,16076271,,16076271,16076271,medium,0.75,entitlement_unverified:AMB-13,0,26,DD-120;LW-410;LW-411;LW-413;MW-310;MW-320,appendix_g_reading;metre_source;rig_services_index;record_signatories;report_vocabulary,appendix_g_reading=LWD_ROWS_SHIFTED;metre_source=PART_B_RUN_METRES;rig_services_index=NOT_APPLIED;record_signatories=FORM_SIGNATORIES_REQUIRED;report_vocabulary=CODES_REQUIRED,,
MDS-00085,0,query,conditional,,,9450383,,9450383,9450383,medium,0.75,entitlement_unverified:AMB-13,0,19,DD-120;LW-410;LW-411;LW-412;MW-310;MW-320;PD-201;PD-210,appendix_g_reading;metre_source;standby_section_factor;rig_services_index;volume_tier_scope;record_signatories;report_vocabulary,appendix_g_reading=LWD_ROWS_SHIFTED;metre_source=PART_B_RUN_METRES;standby_section_factor=APPLY;rig_services_index=NOT_APPLIED;volume_tier_scope=CONTRACT_WIDE;record_signatories=FORM_SIGNATORIES_REQUIRED;report_vocabulary=CODES_REQUIRED,,
MDS-00086,0,query,conditional,,,17921996,,17921996,17921996,medium,0.75,entitlement_unverified:AMB-13,0,37,DD-120;LW-410;LW-411;LW-412;LW-413;MW-310;MW-320,appendix_g_reading;metre_source;rig_services_index;record_signatories;report_vocabulary,appendix_g_reading=LWD_ROWS_SHIFTED;metre_source=PART_B_RUN_METRES;rig_services_index=NOT_APPLIED;record_signatories=FORM_SIGNATORIES_REQUIRED;report_vocabulary=CODES_REQUIRED,,
MDS-00087,0,query,conditional,,,26138539,,26138539,26138539,medium,0.75,entitlement_unverified:AMB-13,0,49,DD-120;LW-410;LW-411;LW-412;MW-310;MW-320;PD-201;PD-210,appendix_g_reading;metre_source;pd210_class_factor;rig_services_index;volume_tier_scope;record_signatories;report_vocabulary,appendix_g_reading=LWD_ROWS_SHIFTED;metre_source=PART_B_RUN_METRES;pd210_class_factor=APPLY;rig_services_index=NOT_APPLIED;volume_tier_scope=CONTRACT_WIDE;record_signatories=FORM_SIGNATORIES_REQUIRED;report_vocabulary=CODES_REQUIRED,,
MDS-00088,0,query,conditional,,,11229373,,11229373,11229373,medium,0.75,entitlement_unverified:AMB-13,0,19,DD-120;LW-410;LW-411;LW-412;LW-413;MW-310;MW-320,appendix_g_reading;metre_source;rig_services_index;record_signatories;report_vocabulary,appendix_g_reading=LWD_ROWS_SHIFTED;metre_source=PART_B_RUN_METRES;rig_services_index=NOT_APPLIED;record_signatories=FORM_SIGNATORIES_REQUIRED;report_vocabulary=CODES_REQUIRED,,
MDS-00089,0,query,conditional,,,10175730,,10175730,10175730,medium,0.75,entitlement_unverified:AMB-13,0,13,DD-120;LW-410;LW-411;LW-412;LW-413;MW-310;MW-320;PD-201;PD-210,appendix_g_reading;metre_source;pd210_class_factor;rig_services_index;volume_tier_scope;record_signatories;report_vocabulary,appendix_g_reading=LWD_ROWS_SHIFTED;metre_source=PART_B_RUN_METRES;pd210_class_factor=APPLY;rig_services_index=NOT_APPLIED;volume_tier_scope=CONTRACT_WIDE;record_signatories=FORM_SIGNATORIES_REQUIRED;report_vocabulary=CODES_REQUIRED,,
MDS-00090,0,query,conditional,,,8827738,,8827738,8827738,medium,0.75,entitlement_unverified:AMB-13,0,3,MW-310,rig_services_index;record_signatories;report_vocabulary,rig_services_index=NOT_APPLIED;record_signatories=FORM_SIGNATORIES_REQUIRED;report_vocabulary=CODES_REQUIRED,,
MDS-00091,0,query,conditional,,,15360764,,15360764,15360764,medium,0.75,entitlement_unverified:AMB-13,0,30,DD-120;LW-410;LW-411;MW-310;MW-320,appendix_g_reading;metre_source;rig_services_index;record_signatories;report_vocabulary,appendix_g_reading=LWD_ROWS_SHIFTED;metre_source=PART_B_RUN_METRES;rig_services_index=NOT_APPLIED;record_signatories=FORM_SIGNATORIES_REQUIRED;report_vocabulary=CODES_REQUIRED,,
MDS-00092,0,query,conditional,,,11984065,,11984065,11984065,medium,0.75,entitlement_unverified:AMB-13,0,13,DD-120;LW-410;LW-411;MW-310;MW-320,appendix_g_reading;metre_source;rig_services_index;record_signatories;report_vocabulary,appendix_g_reading=LWD_ROWS_SHIFTED;metre_source=PART_B_RUN_METRES;rig_services_index=NOT_APPLIED;record_signatories=FORM_SIGNATORIES_REQUIRED;report_vocabulary=CODES_REQUIRED,,
MDS-00093,0,query,conditional,,,15519644,,15519644,15519644,medium,0.75,entitlement_unverified:AMB-13,0,25,DD-120;LW-410;LW-411;LW-412;LW-413;MW-310;MW-320;PD-201;PD-210,appendix_g_reading;metre_source;pd210_class_factor;rig_services_index;volume_tier_scope;record_signatories;report_vocabulary,appendix_g_reading=LWD_ROWS_SHIFTED;metre_source=PART_B_RUN_METRES;pd210_class_factor=APPLY;rig_services_index=NOT_APPLIED;volume_tier_scope=CONTRACT_WIDE;record_signatories=FORM_SIGNATORIES_REQUIRED;report_vocabulary=CODES_REQUIRED,,
MDS-00094,0,query,conditional,,,13262920,,13262920,13262920,medium,0.75,entitlement_unverified:AMB-13,0,25,DD-120;LW-410;LW-411;LW-412;MW-310;MW-320;PD-201;PD-210,appendix_g_reading;metre_source;rig_services_index;volume_tier_scope;record_signatories;report_vocabulary,appendix_g_reading=LWD_ROWS_SHIFTED;metre_source=PART_B_RUN_METRES;rig_services_index=NOT_APPLIED;volume_tier_scope=CONTRACT_WIDE;record_signatories=FORM_SIGNATORIES_REQUIRED;report_vocabulary=CODES_REQUIRED,,
MDS-00095,0,query,conditional,,,8704396,,8704396,8704396,medium,0.75,entitlement_unverified:AMB-13,0,10,LW-410;MW-310,appendix_g_reading;metre_source;rig_services_index;record_signatories;report_vocabulary,appendix_g_reading=LWD_ROWS_SHIFTED;metre_source=PART_B_RUN_METRES;rig_services_index=NOT_APPLIED;record_signatories=FORM_SIGNATORIES_REQUIRED;report_vocabulary=CODES_REQUIRED,,
MDS-00096,0,query,conditional,,,19162386,,19162386,19162386,medium,0.75,entitlement_unverified:AMB-13,0,33,DD-120;LW-410;LW-411;LW-412;LW-413;MW-310;MW-320,appendix_g_reading;metre_source;standby_section_factor;rig_services_index;record_signatories;report_vocabulary,appendix_g_reading=LWD_ROWS_SHIFTED;metre_source=PART_B_RUN_METRES;standby_section_factor=APPLY;rig_services_index=NOT_APPLIED;record_signatories=FORM_SIGNATORIES_REQUIRED;report_vocabulary=CODES_REQUIRED,,
MDS-00097,0,query,conditional,,,14945196,,14945196,14945196,medium,0.75,entitlement_unverified:AMB-13,0,30,DD-120;LW-410;LW-411;LW-412;MW-310;MW-320,appendix_g_reading;metre_source;rig_services_index;record_signatories;report_vocabulary,appendix_g_reading=LWD_ROWS_SHIFTED;metre_source=PART_B_RUN_METRES;rig_services_index=NOT_APPLIED;record_signatories=FORM_SIGNATORIES_REQUIRED;report_vocabulary=CODES_REQUIRED,,
MDS-00098,0,query,conditional,,,7133264,,7133264,7133264,medium,0.75,entitlement_unverified:AMB-13,0,4,MW-310,rig_services_index;record_signatories;report_vocabulary,rig_services_index=NOT_APPLIED;record_signatories=FORM_SIGNATORIES_REQUIRED;report_vocabulary=CODES_REQUIRED,,
MDS-00099,0,query,conditional,,,14171673,,14171673,14171673,medium,0.75,entitlement_unverified:AMB-13,0,6,MW-310,standby_section_factor;rig_services_index;record_signatories;report_vocabulary,standby_section_factor=APPLY;rig_services_index=NOT_APPLIED;record_signatories=FORM_SIGNATORIES_REQUIRED;report_vocabulary=CODES_REQUIRED,,
MDS-00100,0,query,conditional,,,11480968,,11480968,11480968,medium,0.75,entitlement_unverified:AMB-13,0,13,DD-120;LW-410;LW-411;MW-310;MW-320,appendix_g_reading;metre_source;rig_services_index;record_signatories;report_vocabulary,appendix_g_reading=LWD_ROWS_SHIFTED;metre_source=PART_B_RUN_METRES;rig_services_index=NOT_APPLIED;record_signatories=FORM_SIGNATORIES_REQUIRED;report_vocabulary=CODES_REQUIRED,,
MDS-00101,0,query,conditional,,,14208977,,14208977,14208977,medium,0.75,entitlement_unverified:AMB-13,0,6,MW-310,rig_services_index;record_signatories;report_vocabulary,rig_services_index=NOT_APPLIED;record_signatories=FORM_SIGNATORIES_REQUIRED;report_vocabulary=CODES_REQUIRED,,
MDS-00102,0,query,conditional,,,21108626,,21108626,21108626,medium,0.75,entitlement_unverified:AMB-13,0,29,DD-120;LW-410;LW-411;LW-412;LW-413;MW-310;MW-320;PD-201;PD-210,appendix_g_reading;metre_source;pd210_class_factor;rig_services_index;volume_tier_scope;record_signatories;report_vocabulary,appendix_g_reading=LWD_ROWS_SHIFTED;metre_source=PART_B_RUN_METRES;pd210_class_factor=APPLY;rig_services_index=NOT_APPLIED;volume_tier_scope=CONTRACT_WIDE;record_signatories=FORM_SIGNATORIES_REQUIRED;report_vocabulary=CODES_REQUIRED,,
MDS-00103,0,query,conditional,,,14657579,,14657579,14657579,medium,0.75,entitlement_unverified:AMB-13,0,21,DD-120;LW-410;LW-411;LW-412;LW-413;MW-310;MW-320;PD-201;PD-210,appendix_g_reading;metre_source;rig_services_index;volume_tier_scope;record_signatories;report_vocabulary,appendix_g_reading=LWD_ROWS_SHIFTED;metre_source=PART_B_RUN_METRES;rig_services_index=NOT_APPLIED;volume_tier_scope=CONTRACT_WIDE;record_signatories=FORM_SIGNATORIES_REQUIRED;report_vocabulary=CODES_REQUIRED,,
MDS-00104,0,query,conditional,,,14252312,,14252312,14252312,medium,0.75,entitlement_unverified:AMB-13,0,22,DD-120;LW-410;LW-411;LW-412;LW-413;MW-310;MW-320,appendix_g_reading;metre_source;rig_services_index;record_signatories;report_vocabulary,appendix_g_reading=LWD_ROWS_SHIFTED;metre_source=PART_B_RUN_METRES;rig_services_index=NOT_APPLIED;record_signatories=FORM_SIGNATORIES_REQUIRED;report_vocabulary=CODES_REQUIRED,,
MDS-00105,0,query,conditional,,,18055704,,18055704,18055704,medium,0.75,entitlement_unverified:AMB-13,0,24,DD-120;LW-410;LW-411;LW-412;LW-413;MW-310;MW-320;PD-201;PD-210,appendix_g_reading;metre_source;pd210_class_factor;rig_services_index;volume_tier_scope;record_signatories;report_vocabulary,appendix_g_reading=LWD_ROWS_SHIFTED;metre_source=PART_B_RUN_METRES;pd210_class_factor=APPLY;rig_services_index=NOT_APPLIED;volume_tier_scope=CONTRACT_WIDE;record_signatories=FORM_SIGNATORIES_REQUIRED;report_vocabulary=CODES_REQUIRED,,
MDS-00106,0,query,conditional,,,9263924,,9263924,9263924,medium,0.75,entitlement_unverified:AMB-13,0,3,MW-310,rig_services_index;record_signatories;report_vocabulary,rig_services_index=NOT_APPLIED;record_signatories=FORM_SIGNATORIES_REQUIRED;report_vocabulary=CODES_REQUIRED,,
MDS-00107,0,query,conditional,,,4339844,,4339844,4339844,medium,0.75,entitlement_unverified:AMB-13,0,3,MW-310,standby_section_factor;rig_services_index;report_vocabulary,standby_section_factor=APPLY;rig_services_index=NOT_APPLIED;report_vocabulary=CODES_REQUIRED,,
MDS-00108,0,query,conditional,,,6289815,,6289815,6289815,medium,0.75,entitlement_unverified:AMB-13,0,7,DD-120;LW-410;MW-310;MW-320,appendix_g_reading;metre_source;rig_services_index;record_signatories;report_vocabulary,appendix_g_reading=LWD_ROWS_SHIFTED;metre_source=PART_B_RUN_METRES;rig_services_index=NOT_APPLIED;record_signatories=FORM_SIGNATORIES_REQUIRED;report_vocabulary=CODES_REQUIRED,,
MDS-00109,0,query,conditional,,,10030915,,10030915,10030915,medium,0.75,entitlement_unverified:AMB-13,0,7,LW-410;MW-310,appendix_g_reading;metre_source;rig_services_index;record_signatories;report_vocabulary,appendix_g_reading=LWD_ROWS_SHIFTED;metre_source=PART_B_RUN_METRES;rig_services_index=NOT_APPLIED;record_signatories=FORM_SIGNATORIES_REQUIRED;report_vocabulary=CODES_REQUIRED,,
MDS-00110,0,query,conditional,,,8926762,,8926762,8926762,medium,0.75,entitlement_unverified:AMB-13,0,9,DD-120;LW-410;LW-411;LW-412;MW-310;MW-320,appendix_g_reading;metre_source;rig_services_index;record_signatories;report_vocabulary,appendix_g_reading=LWD_ROWS_SHIFTED;metre_source=PART_B_RUN_METRES;rig_services_index=NOT_APPLIED;record_signatories=FORM_SIGNATORIES_REQUIRED;report_vocabulary=CODES_REQUIRED,,
MDS-00111,0,query,conditional,,,18458252,,18458252,18458252,medium,0.75,entitlement_unverified:AMB-13,0,33,DD-120;LW-410;LW-411;LW-412;LW-413;MW-310;MW-320,appendix_g_reading;metre_source;standby_section_factor;rig_services_index;record_signatories;report_vocabulary,appendix_g_reading=LWD_ROWS_SHIFTED;metre_source=PART_B_RUN_METRES;standby_section_factor=APPLY;rig_services_index=NOT_APPLIED;record_signatories=FORM_SIGNATORIES_REQUIRED;report_vocabulary=CODES_REQUIRED,,
MDS-00112,0,query,conditional,,,5868764,,5868764,5868764,medium,0.75,entitlement_unverified:AMB-13,0,3,MW-310,rig_services_index;record_signatories;report_vocabulary,rig_services_index=NOT_APPLIED;record_signatories=FORM_SIGNATORIES_REQUIRED;report_vocabulary=CODES_REQUIRED,,
MDS-00113,0,query,conditional,,,5868764,,5868764,5868764,medium,0.75,entitlement_unverified:AMB-13,0,3,MW-310,rig_services_index;record_signatories;report_vocabulary,rig_services_index=NOT_APPLIED;record_signatories=FORM_SIGNATORIES_REQUIRED;report_vocabulary=CODES_REQUIRED,,
MDS-00114,0,query,conditional,,,11269821,,11269821,11269821,medium,0.75,entitlement_unverified:AMB-13,0,4,MW-310,rig_services_index;record_signatories;report_vocabulary,rig_services_index=NOT_APPLIED;record_signatories=FORM_SIGNATORIES_REQUIRED;report_vocabulary=CODES_REQUIRED,,
MDS-00115,0,query,conditional,,,7160834,,7160834,7160834,medium,0.75,entitlement_unverified:AMB-13,0,8,LW-410;MW-310,appendix_g_reading;metre_source;rig_services_index;record_signatories;report_vocabulary,appendix_g_reading=LWD_ROWS_SHIFTED;metre_source=PART_B_RUN_METRES;rig_services_index=NOT_APPLIED;record_signatories=FORM_SIGNATORIES_REQUIRED;report_vocabulary=CODES_REQUIRED,,
MDS-00116,0,query,conditional,,,4752630,,4752630,4752630,medium,0.75,entitlement_unverified:AMB-13,0,3,MW-310,standby_section_factor;rig_services_index;record_signatories;report_vocabulary,standby_section_factor=APPLY;rig_services_index=NOT_APPLIED;record_signatories=FORM_SIGNATORIES_REQUIRED;report_vocabulary=CODES_REQUIRED,,
MDS-00117,0,query,conditional,,,5225253,,5225253,5225253,medium,0.75,entitlement_unverified:AMB-13,0,6,LW-410;MW-310,appendix_g_reading;metre_source;rig_services_index;record_signatories;report_vocabulary,appendix_g_reading=LWD_ROWS_SHIFTED;metre_source=PART_B_RUN_METRES;rig_services_index=NOT_APPLIED;record_signatories=FORM_SIGNATORIES_REQUIRED;report_vocabulary=CODES_REQUIRED,,
MDS-00118,0,query,conditional,,,5712424,,5712424,5712424,medium,0.75,entitlement_unverified:AMB-13,0,3,MW-310,rig_services_index;record_signatories;report_vocabulary,rig_services_index=NOT_APPLIED;record_signatories=FORM_SIGNATORIES_REQUIRED;report_vocabulary=CODES_REQUIRED,,
MDS-00119,0,query,conditional,,,12764442,,12764442,12764442,medium,0.75,entitlement_unverified:AMB-13,0,4,MW-310,rig_services_index;record_signatories;report_vocabulary,rig_services_index=NOT_APPLIED;record_signatories=FORM_SIGNATORIES_REQUIRED;report_vocabulary=CODES_REQUIRED,,
MDS-00120,0,query,conditional,,,15047680,,15047680,15047680,medium,0.75,entitlement_unverified:AMB-13,0,6,MW-310,rig_services_index;record_signatories;report_vocabulary,rig_services_index=NOT_APPLIED;record_signatories=FORM_SIGNATORIES_REQUIRED;report_vocabulary=CODES_REQUIRED,,
MDS-00121,1,part-reject,conditional,discount_misapplied,discount_misapplied,12967201,,12993711,12993711,high,0.95,entitlement_unverified:AMB-13,1,5,MW-310,rig_services_index;record_signatories;report_vocabulary,,,
MDS-00122,0,query,conditional,,,13277287,,13277287,13277287,medium,0.75,entitlement_unverified:AMB-13,0,12,DD-120;MW-310;MW-320,rig_services_index;record_signatories;report_vocabulary,rig_services_index=NOT_APPLIED;record_signatories=FORM_SIGNATORIES_REQUIRED;report_vocabulary=CODES_REQUIRED,,
MDS-00123,0,query,conditional,,,13270756,,13270756,13270756,medium,0.75,entitlement_unverified:AMB-13,0,13,DD-120;MW-310;MW-320;PD-201;PD-210,pd210_class_factor;rig_services_index;volume_tier_scope;record_signatories;report_vocabulary,pd210_class_factor=APPLY;rig_services_index=NOT_APPLIED;volume_tier_scope=CONTRACT_WIDE;record_signatories=FORM_SIGNATORIES_REQUIRED;report_vocabulary=CODES_REQUIRED,,
MDS-00124,0,query,conditional,,,11672448,,11672448,11672448,medium,0.75,entitlement_unverified:AMB-13,0,10,DD-120;MW-310;MW-320,metre_source;rig_services_index;record_signatories;report_vocabulary,metre_source=PART_B_RUN_METRES;rig_services_index=NOT_APPLIED;record_signatories=FORM_SIGNATORIES_REQUIRED;report_vocabulary=CODES_REQUIRED,,
MDS-00125,0,query,conditional,,,10105096,,10105096,10105096,medium,0.75,entitlement_unverified:AMB-13,0,7,LW-410;MW-310,appendix_g_reading;metre_source;rig_services_index;record_signatories;report_vocabulary,appendix_g_reading=LWD_ROWS_SHIFTED;metre_source=PART_B_RUN_METRES;rig_services_index=NOT_APPLIED;record_signatories=FORM_SIGNATORIES_REQUIRED;report_vocabulary=CODES_REQUIRED,,
MDS-00126,0,query,conditional,,,4339844,,4339844,4339844,medium,0.75,entitlement_unverified:AMB-13,0,3,MW-310,standby_section_factor;rig_services_index;report_vocabulary,standby_section_factor=APPLY;rig_services_index=NOT_APPLIED;report_vocabulary=CODES_REQUIRED,,
MDS-00127,0,query,conditional,,,6833699,,6833699,6833699,medium,0.75,entitlement_unverified:AMB-13,0,3,LW-410;MW-310,appendix_g_reading;metre_source;rig_services_index;record_signatories;report_vocabulary,appendix_g_reading=LWD_ROWS_SHIFTED;metre_source=PART_B_RUN_METRES;rig_services_index=NOT_APPLIED;record_signatories=FORM_SIGNATORIES_REQUIRED;report_vocabulary=CODES_REQUIRED,,
MDS-00128,1,part-reject,conditional,duplicate_charge,duplicate_charge;record_line_mismatch,5562596,,5183890,5183890,high,0.95,entitlement_unverified:AMB-13,2,3,MW-310,rig_services_index;record_signatories;report_vocabulary,,,
MDS-00129,0,query,conditional,,,14227920,,14227920,14227920,medium,0.75,entitlement_unverified:AMB-13,0,6,MW-310,rig_services_index;record_signatories;report_vocabulary,rig_services_index=NOT_APPLIED;record_signatories=FORM_SIGNATORIES_REQUIRED;report_vocabulary=CODES_REQUIRED,,
MDS-00130,0,query,conditional,,,11213023,,11213023,11213023,medium,0.75,entitlement_unverified:AMB-13,0,15,DD-120;LW-410;LW-411;LW-412;MW-310;MW-320,appendix_g_reading;metre_source;rig_services_index;record_signatories;report_vocabulary,appendix_g_reading=LWD_ROWS_SHIFTED;metre_source=PART_B_RUN_METRES;rig_services_index=NOT_APPLIED;record_signatories=FORM_SIGNATORIES_REQUIRED;report_vocabulary=CODES_REQUIRED,,
MDS-00131,0,query,conditional,,,6284080,,6284080,6284080,medium,0.75,entitlement_unverified:AMB-13,0,3,MW-310,rig_services_index;record_signatories;report_vocabulary,rig_services_index=NOT_APPLIED;record_signatories=FORM_SIGNATORIES_REQUIRED;report_vocabulary=CODES_REQUIRED,,
MDS-00132,0,query,conditional,,,9184302,,9184302,9184302,medium,0.75,entitlement_unverified:AMB-13,0,5,MW-310,rig_services_index;record_signatories;report_vocabulary,rig_services_index=NOT_APPLIED;record_signatories=FORM_SIGNATORIES_REQUIRED;report_vocabulary=CODES_REQUIRED,,
MDS-00133,0,query,conditional,,,26934644,,26934644,26934644,medium,0.75,entitlement_unverified:AMB-13,0,27,DD-120;MW-310;MW-320;PD-201;PD-210,metre_source;rig_services_index;volume_tier_scope;record_signatories;report_vocabulary,metre_source=PART_B_RUN_METRES;rig_services_index=NOT_APPLIED;volume_tier_scope=CONTRACT_WIDE;record_signatories=FORM_SIGNATORIES_REQUIRED;report_vocabulary=CODES_REQUIRED,,
MDS-00134,0,query,conditional,,,9737004,,9737004,9737004,medium,0.75,entitlement_unverified:AMB-13,0,6,MW-310,rig_services_index;report_vocabulary,rig_services_index=NOT_APPLIED;report_vocabulary=CODES_REQUIRED,,
MDS-00135,0,query,conditional,,,5962678,,5962678,5962678,medium,0.75,entitlement_unverified:AMB-13,0,4,MW-310,standby_section_factor;rig_services_index;report_vocabulary,standby_section_factor=APPLY;rig_services_index=NOT_APPLIED;report_vocabulary=CODES_REQUIRED,,
MDS-00136,0,query,conditional,,,11096187,,11096187,11096187,medium,0.75,entitlement_unverified:AMB-13,0,4,MW-310,rig_services_index;record_signatories;report_vocabulary,rig_services_index=NOT_APPLIED;record_signatories=FORM_SIGNATORIES_REQUIRED;report_vocabulary=CODES_REQUIRED,,
MDS-00137,0,query,conditional,,,15279538,,15279538,15279538,medium,0.75,entitlement_unverified:AMB-13,0,15,DD-120;MW-310;MW-320,metre_source;rig_services_index;record_signatories;report_vocabulary,metre_source=PART_B_RUN_METRES;rig_services_index=NOT_APPLIED;record_signatories=FORM_SIGNATORIES_REQUIRED;report_vocabulary=CODES_REQUIRED,,
MDS-00138,0,query,conditional,,,11817444,,11817444,11817444,medium,0.75,entitlement_unverified:AMB-13,0,15,DD-120;MW-310;MW-320;PD-201;PD-210,pd210_class_factor;rig_services_index;volume_tier_scope;report_vocabulary,pd210_class_factor=APPLY;rig_services_index=NOT_APPLIED;volume_tier_scope=CONTRACT_WIDE;report_vocabulary=CODES_REQUIRED,,
MDS-00139,0,query,conditional,,,11300244,,11300244,11300244,medium,0.75,entitlement_unverified:AMB-13,0,4,MW-310,rig_services_index;record_signatories;report_vocabulary,rig_services_index=NOT_APPLIED;record_signatories=FORM_SIGNATORIES_REQUIRED;report_vocabulary=CODES_REQUIRED,,
MDS-00140,0,query,conditional,,,5721465,,5721465,5721465,medium,0.75,entitlement_unverified:AMB-13,0,3,MW-310,rig_services_index;record_signatories;report_vocabulary,rig_services_index=NOT_APPLIED;record_signatories=FORM_SIGNATORIES_REQUIRED;report_vocabulary=CODES_REQUIRED,,
MDS-00141,0,query,conditional,,,13395606,,13395606,13395606,medium,0.75,entitlement_unverified:AMB-13,0,17,DD-120;MW-310;MW-320,rig_services_index;report_vocabulary,rig_services_index=NOT_APPLIED;report_vocabulary=CODES_REQUIRED,,
MDS-00142,0,query,conditional,,,7466073,,7466073,7466073,medium,0.75,entitlement_unverified:AMB-13,0,8,LW-410;MW-310,appendix_g_reading;metre_source;rig_services_index;record_signatories;report_vocabulary,appendix_g_reading=LWD_ROWS_SHIFTED;metre_source=PART_B_RUN_METRES;rig_services_index=NOT_APPLIED;record_signatories=FORM_SIGNATORIES_REQUIRED;report_vocabulary=CODES_REQUIRED,,
MDS-00143,0,query,conditional,,,8666394,,8666394,8666394,medium,0.75,entitlement_unverified:AMB-13,0,5,MW-310,standby_section_factor;rig_services_index;record_signatories;report_vocabulary,standby_section_factor=APPLY;rig_services_index=NOT_APPLIED;record_signatories=FORM_SIGNATORIES_REQUIRED;report_vocabulary=CODES_REQUIRED,,
MDS-00144,0,query,conditional,,,14827219,,14827219,14827219,medium,0.75,entitlement_unverified:AMB-13,0,6,MW-310,rig_services_index;record_signatories;report_vocabulary,rig_services_index=NOT_APPLIED;record_signatories=FORM_SIGNATORIES_REQUIRED;report_vocabulary=CODES_REQUIRED,,
MDS-00145,0,query,conditional,,,24800820,,24800820,24800820,medium,0.75,entitlement_unverified:AMB-13,0,31,DD-120;MW-310;MW-320;PD-201;PD-210,pd210_class_factor;rig_services_index;volume_tier_scope;report_vocabulary,pd210_class_factor=APPLY;rig_services_index=NOT_APPLIED;volume_tier_scope=CONTRACT_WIDE;report_vocabulary=CODES_REQUIRED,,
MDS-00146,0,query,conditional,,,10512649,,10512649,10512649,medium,0.75,entitlement_unverified:AMB-13,0,11,DD-120;MW-310;MW-320;PD-201;PD-210,pd210_class_factor;rig_services_index;volume_tier_scope;record_signatories;report_vocabulary,pd210_class_factor=APPLY;rig_services_index=NOT_APPLIED;volume_tier_scope=CONTRACT_WIDE;record_signatories=FORM_SIGNATORIES_REQUIRED;report_vocabulary=CODES_REQUIRED,,
MDS-00147,0,query,conditional,,,9592242,,9592242,9592242,medium,0.75,entitlement_unverified:AMB-13,0,8,DD-120;MW-310;MW-320;PD-201;PD-210,rig_services_index;volume_tier_scope;record_signatories;report_vocabulary,rig_services_index=NOT_APPLIED;volume_tier_scope=CONTRACT_WIDE;record_signatories=FORM_SIGNATORIES_REQUIRED;report_vocabulary=CODES_REQUIRED,,
MDS-00148,0,query,conditional,,,7291254,,7291254,7291254,medium,0.75,entitlement_unverified:AMB-13,0,4,MW-310,rig_services_index;record_signatories;report_vocabulary,rig_services_index=NOT_APPLIED;record_signatories=FORM_SIGNATORIES_REQUIRED;report_vocabulary=CODES_REQUIRED,,
MDS-00149,0,query,conditional,,,6450379,,6450379,6450379,medium,0.75,entitlement_unverified:AMB-13,0,9,DD-120;MW-310;MW-320,rig_services_index;report_vocabulary,rig_services_index=NOT_APPLIED;report_vocabulary=CODES_REQUIRED,,
MDS-00150,0,query,conditional,,,5712424,,5712424,5712424,medium,0.75,entitlement_unverified:AMB-13,0,3,MW-310,rig_services_index;record_signatories;report_vocabulary,rig_services_index=NOT_APPLIED;record_signatories=FORM_SIGNATORIES_REQUIRED;report_vocabulary=CODES_REQUIRED,,
MDS-00151,0,query,conditional,,,15219138,,15219138,15219138,medium,0.75,entitlement_unverified:AMB-13,0,24,DD-120;LW-410;LW-411;LW-413;MW-310;MW-320,appendix_g_reading;metre_source;rig_services_index;record_signatories;report_vocabulary,appendix_g_reading=LWD_ROWS_SHIFTED;metre_source=PART_B_RUN_METRES;rig_services_index=NOT_APPLIED;record_signatories=FORM_SIGNATORIES_REQUIRED;report_vocabulary=CODES_REQUIRED,,
MDS-00152,0,query,conditional,,,25282912,,25282912,25282912,medium,0.75,entitlement_unverified:AMB-13,0,31,DD-120;LW-410;LW-411;MW-310;MW-320;PD-201;PD-210,appendix_g_reading;metre_source;rig_services_index;volume_tier_scope;record_signatories;report_vocabulary,appendix_g_reading=LWD_ROWS_SHIFTED;metre_source=PART_B_RUN_METRES;rig_services_index=NOT_APPLIED;volume_tier_scope=CONTRACT_WIDE;record_signatories=FORM_SIGNATORIES_REQUIRED;report_vocabulary=CODES_REQUIRED,,
MDS-00153,0,query,conditional,,,25668660,,25668660,25668660,medium,0.75,entitlement_unverified:AMB-13,0,27,DD-120;MW-310;MW-320;PD-201;PD-210,metre_source;rig_services_index;volume_tier_scope;record_signatories;report_vocabulary,metre_source=PART_B_RUN_METRES;rig_services_index=NOT_APPLIED;volume_tier_scope=CONTRACT_WIDE;record_signatories=FORM_SIGNATORIES_REQUIRED;report_vocabulary=CODES_REQUIRED,,
MDS-00154,0,query,conditional,,,8496183,,8496183,8496183,medium,0.75,entitlement_unverified:AMB-13,0,5,LW-410;MW-310,appendix_g_reading;metre_source;rig_services_index;record_signatories;report_vocabulary,appendix_g_reading=LWD_ROWS_SHIFTED;metre_source=PART_B_RUN_METRES;rig_services_index=NOT_APPLIED;record_signatories=FORM_SIGNATORIES_REQUIRED;report_vocabulary=CODES_REQUIRED,,
MDS-00155,0,query,conditional,,,10282204,,10282204,10282204,medium,0.75,entitlement_unverified:AMB-13,0,13,DD-120;MW-310;MW-320;PD-201;PD-210,pd210_class_factor;rig_services_index;volume_tier_scope;report_vocabulary,pd210_class_factor=APPLY;rig_services_index=NOT_APPLIED;volume_tier_scope=CONTRACT_WIDE;report_vocabulary=CODES_REQUIRED,,
MDS-00156,0,query,conditional,,,7597058,,7597058,7597058,medium,0.75,entitlement_unverified:AMB-13,0,9,DD-120;MW-310;MW-320,rig_services_index;report_vocabulary,rig_services_index=NOT_APPLIED;report_vocabulary=CODES_REQUIRED,,
MDS-00157,0,query,conditional,,,6941453,,6941453,6941453,medium,0.75,entitlement_unverified:AMB-13,0,9,DD-120;MW-310;MW-320,rig_services_index;report_vocabulary,rig_services_index=NOT_APPLIED;report_vocabulary=CODES_REQUIRED,,
MDS-00158,0,query,conditional,,,5718146,,5718146,5718146,medium,0.75,entitlement_unverified:AMB-13,0,3,MW-310,rig_services_index;record_signatories;report_vocabulary,rig_services_index=NOT_APPLIED;record_signatories=FORM_SIGNATORIES_REQUIRED;report_vocabulary=CODES_REQUIRED,,
MDS-00159,0,query,conditional,,,19951496,,19951496,19951496,medium,0.75,entitlement_unverified:AMB-13,0,18,DD-120;MW-310;MW-320,metre_source;rig_services_index;record_signatories;report_vocabulary,metre_source=PART_B_RUN_METRES;rig_services_index=NOT_APPLIED;record_signatories=FORM_SIGNATORIES_REQUIRED;report_vocabulary=CODES_REQUIRED,,
MDS-00160,0,query,conditional,,,17700378,,17700378,17700378,medium,0.75,entitlement_unverified:AMB-13,0,24,DD-120;MW-310;MW-320;PD-201;PD-210,rig_services_index;volume_tier_scope;report_vocabulary,rig_services_index=NOT_APPLIED;volume_tier_scope=CONTRACT_WIDE;report_vocabulary=CODES_REQUIRED,,
MDS-00161,0,query,conditional,,,8149526,,8149526,8149526,medium,0.75,entitlement_unverified:AMB-13,0,4,MW-310,rig_services_index;record_signatories;report_vocabulary,rig_services_index=NOT_APPLIED;record_signatories=FORM_SIGNATORIES_REQUIRED;report_vocabulary=CODES_REQUIRED,,
MDS-00162,0,query,conditional,,,7103521,,7103521,7103521,medium,0.75,entitlement_unverified:AMB-13,0,4,MW-310,standby_section_factor;rig_services_index;record_signatories;report_vocabulary,standby_section_factor=APPLY;rig_services_index=NOT_APPLIED;record_signatories=FORM_SIGNATORIES_REQUIRED;report_vocabulary=CODES_REQUIRED,,
MDS-00163,0,query,conditional,,,22486017,,22486017,22486017,medium,0.75,entitlement_unverified:AMB-13,0,34,DD-120;LW-410;LW-411;LW-413;MW-310;MW-320;PD-201;PD-210,appendix_g_reading;metre_source;pd210_class_factor;rig_services_index;volume_tier_scope;record_signatories;report_vocabulary,appendix_g_reading=LWD_ROWS_SHIFTED;metre_source=PART_B_RUN_METRES;pd210_class_factor=APPLY;rig_services_index=NOT_APPLIED;volume_tier_scope=CONTRACT_WIDE;record_signatories=FORM_SIGNATORIES_REQUIRED;report_vocabulary=CODES_REQUIRED,,
MDS-00164,1,part-reject,conditional,record_line_mismatch,record_line_mismatch;line_outside_invoice_period,22047294,,21806386,21806386,high,0.95,entitlement_unverified:AMB-13,2,25,DD-120;MW-310;MW-320;PD-201;PD-210,pd210_class_factor;rig_services_index;volume_tier_scope;missing_record_consequence;report_vocabulary,,,
MDS-00165,0,query,conditional,,,19817431,,19817431,19817431,medium,0.75,entitlement_unverified:AMB-13,0,33,DD-120;LW-410;LW-411;LW-412;LW-413;MW-310;MW-320,appendix_g_reading;metre_source;standby_section_factor;rig_services_index;record_signatories;report_vocabulary,appendix_g_reading=LWD_ROWS_SHIFTED;metre_source=PART_B_RUN_METRES;standby_section_factor=APPLY;rig_services_index=NOT_APPLIED;record_signatories=FORM_SIGNATORIES_REQUIRED;report_vocabulary=CODES_REQUIRED,,
MDS-00166,0,query,conditional,,,12885139,,12885139,12885139,medium,0.75,entitlement_unverified:AMB-13,0,21,DD-120;LW-410;LW-411;LW-413;MW-310;MW-320,appendix_g_reading;metre_source;rig_services_index;record_signatories;report_vocabulary,appendix_g_reading=LWD_ROWS_SHIFTED;metre_source=PART_B_RUN_METRES;rig_services_index=NOT_APPLIED;record_signatories=FORM_SIGNATORIES_REQUIRED;report_vocabulary=CODES_REQUIRED,,
MDS-00167,0,query,conditional,,,12342500,,12342500,12342500,medium,0.75,entitlement_unverified:AMB-13,0,18,DD-120;LW-410;LW-411;LW-412;LW-413;MW-310;MW-320,appendix_g_reading;standby_section_factor;rig_services_index;record_signatories;report_vocabulary,appendix_g_reading=LWD_ROWS_SHIFTED;standby_section_factor=APPLY;rig_services_index=NOT_APPLIED;record_signatories=FORM_SIGNATORIES_REQUIRED;report_vocabulary=CODES_REQUIRED,,
MDS-00168,0,query,conditional,,,12294636,,12294636,12294636,medium,0.75,entitlement_unverified:AMB-13,0,14,DD-120;MW-310;MW-320,rig_services_index;record_signatories;report_vocabulary,rig_services_index=NOT_APPLIED;record_signatories=FORM_SIGNATORIES_REQUIRED;report_vocabulary=CODES_REQUIRED,,
MDS-00169,0,query,conditional,,,12197530,,12197530,12197530,medium,0.75,entitlement_unverified:AMB-13,0,5,MW-310,standby_section_factor;rig_services_index;record_signatories;report_vocabulary,standby_section_factor=APPLY;rig_services_index=NOT_APPLIED;record_signatories=FORM_SIGNATORIES_REQUIRED;report_vocabulary=CODES_REQUIRED,,
MDS-00170,0,query,conditional,,,13225444,,13225444,13225444,medium,0.75,entitlement_unverified:AMB-13,0,22,DD-120;LW-410;LW-411;LW-413;MW-310;MW-320;PD-201;PD-210,appendix_g_reading;metre_source;rig_services_index;volume_tier_scope;record_signatories;report_vocabulary,appendix_g_reading=LWD_ROWS_SHIFTED;metre_source=PART_B_RUN_METRES;rig_services_index=NOT_APPLIED;volume_tier_scope=CONTRACT_WIDE;record_signatories=FORM_SIGNATORIES_REQUIRED;report_vocabulary=CODES_REQUIRED,,
MDS-00171,0,query,conditional,,,21171646,,21171646,21171646,medium,0.75,entitlement_unverified:AMB-13,0,30,DD-120;LW-410;LW-411;LW-412;MW-310;MW-320;PD-201;PD-210,appendix_g_reading;metre_source;rig_services_index;volume_tier_scope;record_signatories;report_vocabulary,appendix_g_reading=LWD_ROWS_SHIFTED;metre_source=PART_B_RUN_METRES;rig_services_index=NOT_APPLIED;volume_tier_scope=CONTRACT_WIDE;record_signatories=FORM_SIGNATORIES_REQUIRED;report_vocabulary=CODES_REQUIRED,,
MDS-00172,0,query,conditional,,,21676313,,21676313,21676313,medium,0.75,entitlement_unverified:AMB-13,0,21,DD-120;MW-310;MW-320;PD-201;PD-210,metre_source;pd210_class_factor;rig_services_index;volume_tier_scope;record_signatories;report_vocabulary,metre_source=PART_B_RUN_METRES;pd210_class_factor=APPLY;rig_services_index=NOT_APPLIED;volume_tier_scope=CONTRACT_WIDE;record_signatories=FORM_SIGNATORIES_REQUIRED;report_vocabulary=CODES_REQUIRED,,
MDS-00173,0,query,conditional,,,15724060,,15724060,15724060,medium,0.75,entitlement_unverified:AMB-13,0,22,DD-120;LW-410;LW-411;LW-412;MW-310;MW-320;PD-201;PD-210,appendix_g_reading;rig_services_index;volume_tier_scope;record_signatories;report_vocabulary,appendix_g_reading=LWD_ROWS_SHIFTED;rig_services_index=NOT_APPLIED;volume_tier_scope=CONTRACT_WIDE;record_signatories=FORM_SIGNATORIES_REQUIRED;report_vocabulary=CODES_REQUIRED,,
MDS-00174,0,query,conditional,,,16238805,,16238805,16238805,medium,0.75,entitlement_unverified:AMB-13,0,15,DD-120;MW-310;MW-320,metre_source;rig_services_index;record_signatories;report_vocabulary,metre_source=PART_B_RUN_METRES;rig_services_index=NOT_APPLIED;record_signatories=FORM_SIGNATORIES_REQUIRED;report_vocabulary=CODES_REQUIRED,,
MDS-00175,0,query,conditional,,,8257921,,8257921,8257921,medium,0.75,entitlement_unverified:AMB-13,0,8,DD-120;MW-310;MW-320,metre_source;rig_services_index;record_signatories;report_vocabulary,metre_source=PART_B_RUN_METRES;rig_services_index=NOT_APPLIED;record_signatories=FORM_SIGNATORIES_REQUIRED;report_vocabulary=CODES_REQUIRED,,
MDS-00176,0,query,conditional,,,8961457,,8961457,8961457,medium,0.75,entitlement_unverified:AMB-13,0,16,DD-120;LW-410;LW-411;LW-413;MW-310;MW-320,appendix_g_reading;metre_source;rig_services_index;record_signatories;report_vocabulary,appendix_g_reading=LWD_ROWS_SHIFTED;metre_source=PART_B_RUN_METRES;rig_services_index=NOT_APPLIED;record_signatories=FORM_SIGNATORIES_REQUIRED;report_vocabulary=CODES_REQUIRED,,
MDS-00177,0,query,conditional,,,11828963,,11828963,11828963,medium,0.75,entitlement_unverified:AMB-13,0,21,DD-120;LW-410;LW-411;MW-310;MW-320;PD-201;PD-210,appendix_g_reading;metre_source;pd210_class_factor;rig_services_index;volume_tier_scope;record_signatories;report_vocabulary,appendix_g_reading=LWD_ROWS_SHIFTED;metre_source=PART_B_RUN_METRES;pd210_class_factor=APPLY;rig_services_index=NOT_APPLIED;volume_tier_scope=CONTRACT_WIDE;record_signatories=FORM_SIGNATORIES_REQUIRED;report_vocabulary=CODES_REQUIRED,,
MDS-00178,0,query,conditional,,,12709419,,12709419,12709419,medium,0.75,entitlement_unverified:AMB-13,0,18,DD-120;LW-410;LW-411;MW-310;MW-320;PD-201;PD-210,appendix_g_reading;metre_source;rig_services_index;volume_tier_scope;record_signatories;report_vocabulary,appendix_g_reading=LWD_ROWS_SHIFTED;metre_source=PART_B_RUN_METRES;rig_services_index=NOT_APPLIED;volume_tier_scope=CONTRACT_WIDE;record_signatories=FORM_SIGNATORIES_REQUIRED;report_vocabulary=CODES_REQUIRED,,
MDS-00179,0,query,conditional,,,19766237,,19766237,19766237,medium,0.75,entitlement_unverified:AMB-13,0,24,DD-120;LW-410;LW-411;LW-413;MW-310;MW-320;PD-201;PD-210,appendix_g_reading;metre_source;pd210_class_factor;rig_services_index;volume_tier_scope;record_signatories;report_vocabulary,appendix_g_reading=LWD_ROWS_SHIFTED;metre_source=PART_B_RUN_METRES;pd210_class_factor=APPLY;rig_services_index=NOT_APPLIED;volume_tier_scope=CONTRACT_WIDE;record_signatories=FORM_SIGNATORIES_REQUIRED;report_vocabulary=CODES_REQUIRED,,
MDS-00180,0,query,conditional,,,20817468,,20817468,20817468,medium,0.75,entitlement_unverified:AMB-13,0,38,DD-120;LW-410;LW-411;LW-412;LW-413;MW-310;MW-320,appendix_g_reading;metre_source;rig_services_index;record_signatories;report_vocabulary,appendix_g_reading=LWD_ROWS_SHIFTED;metre_source=PART_B_RUN_METRES;rig_services_index=NOT_APPLIED;record_signatories=FORM_SIGNATORIES_REQUIRED;report_vocabulary=CODES_REQUIRED,,
MDS-00181,0,query,conditional,,,26554249,,26554249,26554249,medium,0.75,entitlement_unverified:AMB-13,0,29,DD-120;LW-410;LW-411;LW-413;MW-310;MW-320;PD-201;PD-210,appendix_g_reading;metre_source;pd210_class_factor;rig_services_index;volume_tier_scope;record_signatories;report_vocabulary,appendix_g_reading=LWD_ROWS_SHIFTED;metre_source=PART_B_RUN_METRES;pd210_class_factor=APPLY;rig_services_index=NOT_APPLIED;volume_tier_scope=CONTRACT_WIDE;record_signatories=FORM_SIGNATORIES_REQUIRED;report_vocabulary=CODES_REQUIRED,,
MDS-00182,0,query,conditional,,,11739028,,11739028,11739028,medium,0.75,entitlement_unverified:AMB-13,0,19,DD-120;LW-410;LW-411;LW-412;LW-413;MW-310;MW-320,appendix_g_reading;metre_source;rig_services_index;record_signatories;report_vocabulary,appendix_g_reading=LWD_ROWS_SHIFTED;metre_source=PART_B_RUN_METRES;rig_services_index=NOT_APPLIED;record_signatories=FORM_SIGNATORIES_REQUIRED;report_vocabulary=CODES_REQUIRED,,
MDS-00183,0,query,conditional,,,8409783,,8409783,8409783,medium,0.75,entitlement_unverified:AMB-13,0,5,MW-310,rig_services_index;record_signatories;report_vocabulary,rig_services_index=NOT_APPLIED;record_signatories=FORM_SIGNATORIES_REQUIRED;report_vocabulary=CODES_REQUIRED,,
MDS-00184,0,query,conditional,,,11542528,,11542528,11542528,medium,0.75,entitlement_unverified:AMB-13,0,24,DD-120;LW-410;LW-411;LW-412;MW-310;MW-320;PD-201;PD-210,appendix_g_reading;metre_source;rig_services_index;volume_tier_scope;record_signatories;report_vocabulary,appendix_g_reading=LWD_ROWS_SHIFTED;metre_source=PART_B_RUN_METRES;rig_services_index=NOT_APPLIED;volume_tier_scope=CONTRACT_WIDE;record_signatories=FORM_SIGNATORIES_REQUIRED;report_vocabulary=CODES_REQUIRED,,
MDS-00185,0,query,conditional,,,14239068,,14239068,14239068,medium,0.75,entitlement_unverified:AMB-13,0,20,DD-120;LW-410;LW-411;MW-310;MW-320,appendix_g_reading;rig_services_index;record_signatories;report_vocabulary,appendix_g_reading=LWD_ROWS_SHIFTED;rig_services_index=NOT_APPLIED;record_signatories=FORM_SIGNATORIES_REQUIRED;report_vocabulary=CODES_REQUIRED,,
MDS-00186,0,query,conditional,,,18889937,,18889937,18889937,medium,0.75,entitlement_unverified:AMB-13,0,22,DD-120;LW-410;LW-411;MW-310;MW-320,appendix_g_reading;metre_source;rig_services_index;record_signatories;report_vocabulary,appendix_g_reading=LWD_ROWS_SHIFTED;metre_source=PART_B_RUN_METRES;rig_services_index=NOT_APPLIED;record_signatories=FORM_SIGNATORIES_REQUIRED;report_vocabulary=CODES_REQUIRED,,
MDS-00187,0,query,conditional,,,13882348,,13882348,13882348,medium,0.75,entitlement_unverified:AMB-13,0,27,DD-120;LW-410;LW-411;LW-412;MW-310;MW-320;PD-201;PD-210,appendix_g_reading;metre_source;standby_section_factor;rig_services_index;volume_tier_scope;record_signatories;report_vocabulary,appendix_g_reading=LWD_ROWS_SHIFTED;metre_source=PART_B_RUN_METRES;standby_section_factor=APPLY;rig_services_index=NOT_APPLIED;volume_tier_scope=CONTRACT_WIDE;record_signatories=FORM_SIGNATORIES_REQUIRED;report_vocabulary=CODES_REQUIRED,,
MDS-00188,0,query,conditional,,,7064826,,7064826,7064826,medium,0.75,entitlement_unverified:AMB-13,0,10,DD-120;LW-410;LW-411;MW-310;MW-320,appendix_g_reading;metre_source;rig_services_index;record_signatories;report_vocabulary,appendix_g_reading=LWD_ROWS_SHIFTED;metre_source=PART_B_RUN_METRES;rig_services_index=NOT_APPLIED;record_signatories=FORM_SIGNATORIES_REQUIRED;report_vocabulary=CODES_REQUIRED,,
MDS-00189,0,query,conditional,,,8902516,,8902516,8902516,medium,0.75,entitlement_unverified:AMB-13,0,11,DD-120;LW-410;LW-411;MW-310;MW-320;PD-201;PD-210,appendix_g_reading;metre_source;pd210_class_factor;rig_services_index;volume_tier_scope;record_signatories;report_vocabulary,appendix_g_reading=LWD_ROWS_SHIFTED;metre_source=PART_B_RUN_METRES;pd210_class_factor=APPLY;rig_services_index=NOT_APPLIED;volume_tier_scope=CONTRACT_WIDE;record_signatories=FORM_SIGNATORIES_REQUIRED;report_vocabulary=CODES_REQUIRED,,
MDS-00190,0,query,conditional,,,8839646,,8839646,8839646,medium,0.75,entitlement_unverified:AMB-13,0,9,DD-120;MW-310;MW-320,metre_source;rig_services_index;record_signatories;report_vocabulary,metre_source=PART_B_RUN_METRES;rig_services_index=NOT_APPLIED;record_signatories=FORM_SIGNATORIES_REQUIRED;report_vocabulary=CODES_REQUIRED,,
MDS-00191,0,query,conditional,,,26032222,,26032222,26032222,medium,0.75,entitlement_unverified:AMB-13,0,39,DD-120;LW-410;LW-411;LW-413;MW-310;MW-320;PD-201;PD-210,appendix_g_reading;metre_source;pd210_class_factor;standby_section_factor;rig_services_index;volume_tier_scope;record_signatories;report_vocabulary,appendix_g_reading=LWD_ROWS_SHIFTED;metre_source=PART_B_RUN_METRES;pd210_class_factor=APPLY;standby_section_factor=APPLY;rig_services_index=NOT_APPLIED;volume_tier_scope=CONTRACT_WIDE;record_signatories=FORM_SIGNATORIES_REQUIRED;report_vocabulary=CODES_REQUIRED,,
MDS-00192,0,query,conditional,,,19260941,,19260941,19260941,medium,0.75,entitlement_unverified:AMB-13,0,28,DD-120;LW-410;LW-411;LW-412;LW-413;MW-310;MW-320,appendix_g_reading;metre_source;rig_services_index;record_signatories;report_vocabulary,appendix_g_reading=LWD_ROWS_SHIFTED;metre_source=PART_B_RUN_METRES;rig_services_index=NOT_APPLIED;record_signatories=FORM_SIGNATORIES_REQUIRED;report_vocabulary=CODES_REQUIRED,,
MDS-00193,0,query,conditional,,,16403626,,16403626,16403626,medium,0.75,entitlement_unverified:AMB-13,0,26,DD-120;LW-410;LW-411;LW-412;LW-413;MW-310;MW-320;PD-201;PD-210,appendix_g_reading;metre_source;rig_services_index;volume_tier_scope;record_signatories;report_vocabulary,appendix_g_reading=LWD_ROWS_SHIFTED;metre_source=PART_B_RUN_METRES;rig_services_index=NOT_APPLIED;volume_tier_scope=CONTRACT_WIDE;record_signatories=FORM_SIGNATORIES_REQUIRED;report_vocabulary=CODES_REQUIRED,,
MDS-00194,0,query,conditional,,,11603842,,11603842,11603842,medium,0.75,entitlement_unverified:AMB-13,0,4,MW-310,rig_services_index;record_signatories;report_vocabulary,rig_services_index=NOT_APPLIED;record_signatories=FORM_SIGNATORIES_REQUIRED;report_vocabulary=CODES_REQUIRED,,
MDS-00195,0,query,conditional,,,10626323,,10626323,10626323,medium,0.75,entitlement_unverified:AMB-13,0,11,LW-410;MW-310,appendix_g_reading;metre_source;standby_section_factor;rig_services_index;record_signatories;report_vocabulary,appendix_g_reading=LWD_ROWS_SHIFTED;metre_source=PART_B_RUN_METRES;standby_section_factor=APPLY;rig_services_index=NOT_APPLIED;record_signatories=FORM_SIGNATORIES_REQUIRED;report_vocabulary=CODES_REQUIRED,,
MDS-00196,0,query,conditional,,,27685275,,27685275,27685275,medium,0.75,entitlement_unverified:AMB-13,0,51,DD-120;LW-410;LW-411;LW-412;LW-413;MW-310;MW-320;PD-201;PD-210,appendix_g_reading;metre_source;rig_services_index;volume_tier_scope;record_signatories;report_vocabulary,appendix_g_reading=LWD_ROWS_SHIFTED;metre_source=PART_B_RUN_METRES;rig_services_index=NOT_APPLIED;volume_tier_scope=CONTRACT_WIDE;record_signatories=FORM_SIGNATORIES_REQUIRED;report_vocabulary=CODES_REQUIRED,,
MDS-00197,0,query,conditional,,,19879584,,19879584,19879584,medium,0.75,entitlement_unverified:AMB-13,0,29,DD-120;LW-410;LW-411;LW-413;MW-310;MW-320;PD-201;PD-210,appendix_g_reading;metre_source;pd210_class_factor;rig_services_index;volume_tier_scope;record_signatories;report_vocabulary,appendix_g_reading=LWD_ROWS_SHIFTED;metre_source=PART_B_RUN_METRES;pd210_class_factor=APPLY;rig_services_index=NOT_APPLIED;volume_tier_scope=CONTRACT_WIDE;record_signatories=FORM_SIGNATORIES_REQUIRED;report_vocabulary=CODES_REQUIRED,,
MDS-00198,0,query,conditional,,,18310912,,18310912,18310912,medium,0.75,entitlement_unverified:AMB-13,0,21,DD-120;LW-410;LW-411;LW-412;MW-310;MW-320,appendix_g_reading;metre_source;rig_services_index;record_signatories;report_vocabulary,appendix_g_reading=LWD_ROWS_SHIFTED;metre_source=PART_B_RUN_METRES;rig_services_index=NOT_APPLIED;record_signatories=FORM_SIGNATORIES_REQUIRED;report_vocabulary=CODES_REQUIRED,,
MDS-00199,0,query,conditional,,,12920661,,12920661,12920661,medium,0.75,entitlement_unverified:AMB-13,0,25,DD-120;LW-410;LW-411;LW-412;LW-413;MW-310;MW-320,appendix_g_reading;metre_source;rig_services_index;record_signatories;report_vocabulary,appendix_g_reading=LWD_ROWS_SHIFTED;metre_source=PART_B_RUN_METRES;rig_services_index=NOT_APPLIED;record_signatories=FORM_SIGNATORIES_REQUIRED;submission_date=INVOICE_DATE_IS_SUBMISSION;report_vocabulary=CODES_REQUIRED,,"invoice dated 2025-05-07, 51 days after its period ended on 2025-03-17; the submission date is not in the data (AMB-25), so Clause 33 is not judged"
MDS-00200,0,query,conditional,,,9065964,,9065964,9065964,medium,0.75,entitlement_unverified:AMB-13,0,10,DD-120;MW-310;MW-320,rig_services_index;record_signatories;report_vocabulary,rig_services_index=NOT_APPLIED;record_signatories=FORM_SIGNATORIES_REQUIRED;report_vocabulary=CODES_REQUIRED,,
MDS-00201,0,query,conditional,,,26458426,,26458426,26458426,medium,0.75,entitlement_unverified:AMB-13,0,39,DD-120;LW-410;LW-411;LW-412;LW-413;MW-310;MW-320;PD-201;PD-210,appendix_g_reading;metre_source;rig_services_index;volume_tier_scope;record_signatories;report_vocabulary,appendix_g_reading=LWD_ROWS_SHIFTED;metre_source=PART_B_RUN_METRES;rig_services_index=NOT_APPLIED;volume_tier_scope=CONTRACT_WIDE;record_signatories=FORM_SIGNATORIES_REQUIRED;report_vocabulary=CODES_REQUIRED,,
MDS-00202,0,query,conditional,,,8060058,,8060058,8060058,medium,0.75,entitlement_unverified:AMB-13,0,15,DD-120;LW-410;LW-411;MW-310;MW-320,appendix_g_reading;metre_source;rig_services_index;record_signatories;report_vocabulary,appendix_g_reading=LWD_ROWS_SHIFTED;metre_source=PART_B_RUN_METRES;rig_services_index=NOT_APPLIED;record_signatories=FORM_SIGNATORIES_REQUIRED;report_vocabulary=CODES_REQUIRED,,
MDS-00203,0,query,conditional,,,14114285,,14114285,14114285,medium,0.75,entitlement_unverified:AMB-13,0,21,DD-120;LW-410;LW-411;LW-413;MW-310;MW-320,appendix_g_reading;metre_source;rig_services_index;record_signatories;report_vocabulary,appendix_g_reading=LWD_ROWS_SHIFTED;metre_source=PART_B_RUN_METRES;rig_services_index=NOT_APPLIED;record_signatories=FORM_SIGNATORIES_REQUIRED;report_vocabulary=CODES_REQUIRED,,
MDS-00204,1,part-reject,conditional,factor_misapplied,factor_misapplied,6574627,,6535157,6535157,high,0.95,entitlement_unverified:AMB-13,1,4,MW-310,standby_section_factor;rig_services_index;record_signatories;report_vocabulary,,,
MDS-00205,0,query,conditional,,,11251901,,11251901,11251901,medium,0.75,entitlement_unverified:AMB-13,0,4,MW-310,rig_services_index;record_signatories;report_vocabulary,rig_services_index=NOT_APPLIED;record_signatories=FORM_SIGNATORIES_REQUIRED;report_vocabulary=CODES_REQUIRED,,
MDS-00206,0,query,conditional,,,13849407,,13849407,13849407,medium,0.75,entitlement_unverified:AMB-13,0,6,MW-310,rig_services_index;record_signatories;report_vocabulary,rig_services_index=NOT_APPLIED;record_signatories=FORM_SIGNATORIES_REQUIRED;report_vocabulary=CODES_REQUIRED,,
MDS-00207,0,query,conditional,,,7065133,,7065133,7065133,medium,0.75,entitlement_unverified:AMB-13,0,8,DD-120;LW-410;MW-310;MW-320;PD-201,appendix_g_reading;metre_source;rig_services_index;record_signatories;report_vocabulary,appendix_g_reading=LWD_ROWS_SHIFTED;metre_source=PART_B_RUN_METRES;rig_services_index=NOT_APPLIED;record_signatories=FORM_SIGNATORIES_REQUIRED;report_vocabulary=CODES_REQUIRED,,
MDS-00208,0,query,conditional,,,30399616,,30399616,30399616,medium,0.75,entitlement_unverified:AMB-13,0,44,DD-120;LW-410;LW-411;LW-413;MW-310;MW-320;PD-201;PD-210,appendix_g_reading;metre_source;pd210_class_factor;rig_services_index;volume_tier_scope;record_signatories;report_vocabulary,appendix_g_reading=LWD_ROWS_SHIFTED;metre_source=PART_B_RUN_METRES;pd210_class_factor=APPLY;rig_services_index=NOT_APPLIED;volume_tier_scope=CONTRACT_WIDE;record_signatories=FORM_SIGNATORIES_REQUIRED;report_vocabulary=CODES_REQUIRED,,
MDS-00209,0,query,conditional,,,14133047,,14133047,14133047,medium,0.75,entitlement_unverified:AMB-13,0,21,DD-120;LW-410;LW-411;LW-412;MW-310;MW-320,appendix_g_reading;metre_source;rig_services_index;record_signatories;report_vocabulary,appendix_g_reading=LWD_ROWS_SHIFTED;metre_source=PART_B_RUN_METRES;rig_services_index=NOT_APPLIED;record_signatories=FORM_SIGNATORIES_REQUIRED;report_vocabulary=CODES_REQUIRED,,
MDS-00210,0,query,conditional,,,5765664,,5765664,5765664,medium,0.75,entitlement_unverified:AMB-13,0,8,DD-120;MW-310;MW-320,rig_services_index;report_vocabulary,rig_services_index=NOT_APPLIED;report_vocabulary=CODES_REQUIRED,,
MDS-00211,0,query,conditional,,,8310228,,8310228,8310228,medium,0.75,entitlement_unverified:AMB-13,0,15,DD-120;LW-410;LW-411;MW-310;MW-320,appendix_g_reading;metre_source;rig_services_index;record_signatories;report_vocabulary,appendix_g_reading=LWD_ROWS_SHIFTED;metre_source=PART_B_RUN_METRES;rig_services_index=NOT_APPLIED;record_signatories=FORM_SIGNATORIES_REQUIRED;report_vocabulary=CODES_REQUIRED,,
MDS-00212,0,query,conditional,,,10157633,,10157633,10157633,medium,0.75,entitlement_unverified:AMB-13,0,7,LW-410;MW-310,appendix_g_reading;metre_source;rig_services_index;record_signatories;report_vocabulary,appendix_g_reading=LWD_ROWS_SHIFTED;metre_source=PART_B_RUN_METRES;rig_services_index=NOT_APPLIED;record_signatories=FORM_SIGNATORIES_REQUIRED;report_vocabulary=CODES_REQUIRED,,
MDS-00213,0,query,conditional,,,11200225,,11200225,11200225,medium,0.75,entitlement_unverified:AMB-13,0,14,DD-120;LW-410;LW-411;MW-310;MW-320,appendix_g_reading;metre_source;rig_services_index;record_signatories;report_vocabulary,appendix_g_reading=LWD_ROWS_SHIFTED;metre_source=PART_B_RUN_METRES;rig_services_index=NOT_APPLIED;record_signatories=FORM_SIGNATORIES_REQUIRED;report_vocabulary=CODES_REQUIRED,,
MDS-00214,1,part-reject,conditional,index_misapplied,index_misapplied,5478855,,5476904,5476904,high,0.95,entitlement_unverified:AMB-13,1,4,DD-120;MW-310;MW-320;PD-201,rig_services_index;report_vocabulary,,,
MDS-00215,0,query,conditional,,,8821453,,8773264,8773264,medium,0.75,entitlement_unverified:AMB-13,0,19,DD-120;LW-410;LW-411;LW-412;MW-310;MW-320,appendix_g_reading;metre_source;rig_services_index;record_signatories;report_vocabulary,appendix_g_reading=LWD_ROWS_SHIFTED;metre_source=PART_B_RUN_METRES;rig_services_index=NOT_APPLIED;record_signatories=FORM_SIGNATORIES_REQUIRED;report_vocabulary=CODES_REQUIRED,,
MDS-00216,0,query,conditional,,,6703598,,6703598,6703598,medium,0.75,entitlement_unverified:AMB-13,0,7,LW-410;MW-310,appendix_g_reading;metre_source;standby_section_factor;rig_services_index;record_signatories;report_vocabulary,appendix_g_reading=LWD_ROWS_SHIFTED;metre_source=PART_B_RUN_METRES;standby_section_factor=APPLY;rig_services_index=NOT_APPLIED;record_signatories=FORM_SIGNATORIES_REQUIRED;report_vocabulary=CODES_REQUIRED,,
MDS-00217,0,query,conditional,,,5439700,,5439700,5439700,medium,0.75,entitlement_unverified:AMB-13,0,3,MW-310,rig_services_index;record_signatories;report_vocabulary,rig_services_index=NOT_APPLIED;record_signatories=FORM_SIGNATORIES_REQUIRED;report_vocabulary=CODES_REQUIRED,,
MDS-00218,0,query,conditional,,,9505240,,9505240,9505240,medium,0.75,entitlement_unverified:AMB-13,0,6,MW-310,standby_section_factor;rig_services_index;record_signatories;report_vocabulary,standby_section_factor=APPLY;rig_services_index=NOT_APPLIED;record_signatories=FORM_SIGNATORIES_REQUIRED;report_vocabulary=CODES_REQUIRED,,
MDS-00219,0,query,conditional,,,13490435,,13490435,13490435,medium,0.75,entitlement_unverified:AMB-13,0,18,DD-120;MW-310;MW-320,rig_services_index;report_vocabulary,rig_services_index=NOT_APPLIED;report_vocabulary=CODES_REQUIRED,,
MDS-00220,0,query,conditional,,,7530213,,7530213,7530213,medium,0.75,entitlement_unverified:AMB-13,0,8,DD-120;LW-410;LW-411;MW-310;MW-320,appendix_g_reading;metre_source;rig_services_index;record_signatories;report_vocabulary,appendix_g_reading=LWD_ROWS_SHIFTED;metre_source=PART_B_RUN_METRES;rig_services_index=NOT_APPLIED;record_signatories=FORM_SIGNATORIES_REQUIRED;report_vocabulary=CODES_REQUIRED,,
MDS-00221,0,query,conditional,,,11685558,,11685558,11685558,medium,0.75,entitlement_unverified:AMB-13,0,4,MW-310,rig_services_index;record_signatories;report_vocabulary,rig_services_index=NOT_APPLIED;record_signatories=FORM_SIGNATORIES_REQUIRED;report_vocabulary=CODES_REQUIRED,,
MDS-00222,0,query,conditional,,,13294317,,13294317,13294317,medium,0.75,entitlement_unverified:AMB-13,0,6,MW-310,standby_section_factor;rig_services_index;record_signatories;report_vocabulary,standby_section_factor=APPLY;rig_services_index=NOT_APPLIED;record_signatories=FORM_SIGNATORIES_REQUIRED;report_vocabulary=CODES_REQUIRED,,
MDS-00223,0,query,conditional,,,8741059,,8741059,8741059,medium,0.75,entitlement_unverified:AMB-13,0,18,DD-120;LW-410;LW-411;LW-412;MW-310;MW-320,appendix_g_reading;metre_source;rig_services_index;record_signatories;report_vocabulary,appendix_g_reading=LWD_ROWS_SHIFTED;metre_source=PART_B_RUN_METRES;rig_services_index=NOT_APPLIED;record_signatories=FORM_SIGNATORIES_REQUIRED;report_vocabulary=CODES_REQUIRED,,
MDS-00224,0,query,conditional,,,4877086,,4877086,4877086,medium,0.75,entitlement_unverified:AMB-13,0,3,MW-310,rig_services_index;report_vocabulary,rig_services_index=NOT_APPLIED;report_vocabulary=CODES_REQUIRED,,
MDS-00225,0,query,conditional,,,9254833,,9254833,9254833,medium,0.75,entitlement_unverified:AMB-13,0,10,DD-120;LW-410;MW-310;MW-320;PD-201,appendix_g_reading;metre_source;rig_services_index;record_signatories;report_vocabulary,appendix_g_reading=LWD_ROWS_SHIFTED;metre_source=PART_B_RUN_METRES;rig_services_index=NOT_APPLIED;record_signatories=FORM_SIGNATORIES_REQUIRED;report_vocabulary=CODES_REQUIRED,,
MDS-00226,0,query,conditional,,,16456019,,16456019,16456019,medium,0.75,entitlement_unverified:AMB-13,0,16,DD-120;MW-310;MW-320;PD-201;PD-210,metre_source;rig_services_index;volume_tier_scope;record_signatories;report_vocabulary,metre_source=PART_B_RUN_METRES;rig_services_index=NOT_APPLIED;volume_tier_scope=CONTRACT_WIDE;record_signatories=FORM_SIGNATORIES_REQUIRED;report_vocabulary=CODES_REQUIRED,,
MDS-00227,0,query,conditional,,,11685558,,11685558,11685558,medium,0.75,entitlement_unverified:AMB-13,0,4,MW-310,rig_services_index;record_signatories;report_vocabulary,rig_services_index=NOT_APPLIED;record_signatories=FORM_SIGNATORIES_REQUIRED;report_vocabulary=CODES_REQUIRED,,
MDS-00228,0,query,conditional,,,8658485,,8658485,8658485,medium,0.75,entitlement_unverified:AMB-13,0,10,LW-410;MW-310,appendix_g_reading;metre_source;rig_services_index;record_signatories;report_vocabulary,appendix_g_reading=LWD_ROWS_SHIFTED;metre_source=PART_B_RUN_METRES;rig_services_index=NOT_APPLIED;record_signatories=FORM_SIGNATORIES_REQUIRED;report_vocabulary=CODES_REQUIRED,,
MDS-00229,0,query,conditional,,,13791168,,13791168,13791168,medium,0.75,entitlement_unverified:AMB-13,0,5,MW-310,rig_services_index;record_signatories;report_vocabulary,rig_services_index=NOT_APPLIED;record_signatories=FORM_SIGNATORIES_REQUIRED;report_vocabulary=CODES_REQUIRED,,
MDS-00230,0,query,conditional,,,9134433,,9134433,9134433,medium,0.75,entitlement_unverified:AMB-13,0,10,LW-410;MW-310,appendix_g_reading;metre_source;rig_services_index;record_signatories;report_vocabulary,appendix_g_reading=LWD_ROWS_SHIFTED;metre_source=PART_B_RUN_METRES;rig_services_index=NOT_APPLIED;record_signatories=FORM_SIGNATORIES_REQUIRED;report_vocabulary=CODES_REQUIRED,,
MDS-00231,0,query,conditional,,,6936499,,6936499,6936499,medium,0.75,entitlement_unverified:AMB-13,0,7,LW-410;MW-310,appendix_g_reading;metre_source;standby_section_factor;rig_services_index;record_signatories;report_vocabulary,appendix_g_reading=LWD_ROWS_SHIFTED;metre_source=PART_B_RUN_METRES;standby_section_factor=APPLY;rig_services_index=NOT_APPLIED;record_signatories=FORM_SIGNATORIES_REQUIRED;report_vocabulary=CODES_REQUIRED,,
MDS-00232,0,query,conditional,,,125507622,,125507622,125507622,medium,0.75,entitlement_unverified:AMB-13,0,11,DD-120;LW-410;LW-411;LW-412;MW-310;MW-320,appendix_g_reading;metre_source;rig_services_index;record_signatories;report_vocabulary,appendix_g_reading=LWD_ROWS_SHIFTED;metre_source=PART_B_RUN_METRES;rig_services_index=NOT_APPLIED;record_signatories=FORM_SIGNATORIES_REQUIRED;report_vocabulary=CODES_REQUIRED,,
MDS-00233,0,query,conditional,,,11464706,,11464706,11464706,medium,0.75,entitlement_unverified:AMB-13,0,6,MW-310,rig_services_index;record_signatories;report_vocabulary,rig_services_index=NOT_APPLIED;record_signatories=FORM_SIGNATORIES_REQUIRED;report_vocabulary=CODES_REQUIRED,,
MDS-00234,0,query,conditional,,,10256850,,10256850,10256850,medium,0.75,entitlement_unverified:AMB-13,0,8,DD-120;MW-310;MW-320,rig_services_index;record_signatories;report_vocabulary,rig_services_index=NOT_APPLIED;record_signatories=FORM_SIGNATORIES_REQUIRED;report_vocabulary=CODES_REQUIRED,,
MDS-00235,0,query,conditional,,,11580132,,11580132,11580132,medium,0.75,entitlement_unverified:AMB-13,0,9,DD-120;MW-310;MW-320,metre_source;rig_services_index;record_signatories;report_vocabulary,metre_source=PART_B_RUN_METRES;rig_services_index=NOT_APPLIED;record_signatories=FORM_SIGNATORIES_REQUIRED;report_vocabulary=CODES_REQUIRED,,
MDS-00236,0,query,conditional,,,13482379,,13482379,13482379,medium,0.75,entitlement_unverified:AMB-13,0,21,DD-120;LW-410;LW-411;MW-310;MW-320,appendix_g_reading;metre_source;rig_services_index;record_signatories;report_vocabulary,appendix_g_reading=LWD_ROWS_SHIFTED;metre_source=PART_B_RUN_METRES;rig_services_index=NOT_APPLIED;record_signatories=FORM_SIGNATORIES_REQUIRED;report_vocabulary=CODES_REQUIRED,,
MDS-00237,0,query,conditional,,,9583614,,9583614,9583614,medium,0.75,entitlement_unverified:AMB-13,0,10,LW-410;MW-310,appendix_g_reading;metre_source;rig_services_index;record_signatories;report_vocabulary,appendix_g_reading=LWD_ROWS_SHIFTED;metre_source=PART_B_RUN_METRES;rig_services_index=NOT_APPLIED;record_signatories=FORM_SIGNATORIES_REQUIRED;report_vocabulary=CODES_REQUIRED,,
MDS-00238,0,query,conditional,,,20400778,,20400778,20400778,medium,0.75,entitlement_unverified:AMB-13,0,21,DD-120;MW-310;MW-320;PD-201;PD-210,metre_source;rig_services_index;volume_tier_scope;record_signatories;report_vocabulary,metre_source=PART_B_RUN_METRES;rig_services_index=NOT_APPLIED;volume_tier_scope=CONTRACT_WIDE;record_signatories=FORM_SIGNATORIES_REQUIRED;report_vocabulary=CODES_REQUIRED,,
MDS-00239,0,query,conditional,,,5995312,,5995312,5995312,medium,0.75,entitlement_unverified:AMB-13,0,3,MW-310,rig_services_index;record_signatories;report_vocabulary,rig_services_index=NOT_APPLIED;record_signatories=FORM_SIGNATORIES_REQUIRED;report_vocabulary=CODES_REQUIRED,,
MDS-00240,0,query,conditional,,,10263515,,10263515,10263515,medium,0.75,entitlement_unverified:AMB-13,0,7,LW-410;MW-310,appendix_g_reading;metre_source;rig_services_index;record_signatories;report_vocabulary,appendix_g_reading=LWD_ROWS_SHIFTED;metre_source=PART_B_RUN_METRES;rig_services_index=NOT_APPLIED;record_signatories=FORM_SIGNATORIES_REQUIRED;report_vocabulary=CODES_REQUIRED,,
MDS-00241,0,query,conditional,,,11453489,,11453489,11453489,medium,0.75,entitlement_unverified:AMB-13,0,6,MW-310,rig_services_index;record_signatories;report_vocabulary,rig_services_index=NOT_APPLIED;record_signatories=FORM_SIGNATORIES_REQUIRED;report_vocabulary=CODES_REQUIRED,,
MDS-00242,0,query,conditional,,,5253146,,5253146,5253146,medium,0.75,entitlement_unverified:AMB-13,0,6,LW-410;MW-310,appendix_g_reading;metre_source;rig_services_index;record_signatories;report_vocabulary,appendix_g_reading=LWD_ROWS_SHIFTED;metre_source=PART_B_RUN_METRES;rig_services_index=NOT_APPLIED;record_signatories=FORM_SIGNATORIES_REQUIRED;report_vocabulary=CODES_REQUIRED,,
MDS-00243,0,query,conditional,,,4931854,,4931854,4931854,medium,0.75,entitlement_unverified:AMB-13,0,1,MW-310,rig_services_index;record_signatories;report_vocabulary,rig_services_index=NOT_APPLIED;record_signatories=FORM_SIGNATORIES_REQUIRED;report_vocabulary=CODES_REQUIRED,,
MDS-00244,0,query,conditional,,,7740538,,7740538,7740538,medium,0.75,entitlement_unverified:AMB-13,0,4,MW-310,rig_services_index;record_signatories;report_vocabulary,rig_services_index=NOT_APPLIED;record_signatories=FORM_SIGNATORIES_REQUIRED;report_vocabulary=CODES_REQUIRED,,
MDS-00245,0,query,conditional,,,5037677,,5037677,5037677,medium,0.75,entitlement_unverified:AMB-13,0,1,MW-310,rig_services_index;record_signatories;report_vocabulary,rig_services_index=NOT_APPLIED;record_signatories=FORM_SIGNATORIES_REQUIRED;report_vocabulary=CODES_REQUIRED,,
MDS-00246,0,query,conditional,,,5173370,,5173370,5173370,medium,0.75,entitlement_unverified:AMB-13,0,3,MW-310,rig_services_index;report_vocabulary,rig_services_index=NOT_APPLIED;report_vocabulary=CODES_REQUIRED,,
MDS-00247,0,query,conditional,,,12458417,,12458417,12458417,medium,0.75,entitlement_unverified:AMB-13,0,12,DD-120;MW-310;MW-320,metre_source;rig_services_index;record_signatories;report_vocabulary,metre_source=PART_B_RUN_METRES;rig_services_index=NOT_APPLIED;record_signatories=FORM_SIGNATORIES_REQUIRED;report_vocabulary=CODES_REQUIRED,,
MDS-00248,0,query,conditional,,,19082802,,19082802,19082802,medium,0.75,entitlement_unverified:AMB-13,0,20,DD-120;MW-310;MW-320;PD-201;PD-210,metre_source;rig_services_index;volume_tier_scope;record_signatories;report_vocabulary,metre_source=PART_B_RUN_METRES;rig_services_index=NOT_APPLIED;volume_tier_scope=CONTRACT_WIDE;record_signatories=FORM_SIGNATORIES_REQUIRED;report_vocabulary=CODES_REQUIRED,,
MDS-00249,0,query,conditional,,,10106377,,10106377,10106377,medium,0.75,entitlement_unverified:AMB-13,0,7,LW-410;MW-310,appendix_g_reading;metre_source;rig_services_index;record_signatories;report_vocabulary,appendix_g_reading=LWD_ROWS_SHIFTED;metre_source=PART_B_RUN_METRES;rig_services_index=NOT_APPLIED;record_signatories=FORM_SIGNATORIES_REQUIRED;report_vocabulary=CODES_REQUIRED,,
MDS-00250,0,query,conditional,,,13789605,,13789605,13789605,medium,0.75,entitlement_unverified:AMB-13,0,14,DD-120;MW-310;MW-320,metre_source;rig_services_index;record_signatories;report_vocabulary,metre_source=PART_B_RUN_METRES;rig_services_index=NOT_APPLIED;record_signatories=FORM_SIGNATORIES_REQUIRED;report_vocabulary=CODES_REQUIRED,,
MDS-00251,0,query,conditional,,,28949209,,28949209,28949209,medium,0.75,entitlement_unverified:AMB-13,0,5,MW-310,rig_services_index;lih_replacement_value;record_signatories;report_vocabulary,rig_services_index=NOT_APPLIED;lih_replacement_value=SCHEDULE_6_USD;record_signatories=FORM_SIGNATORIES_REQUIRED;report_vocabulary=CODES_REQUIRED,,
MDS-00252,0,query,conditional,,,13178549,,13178549,13178549,medium,0.75,entitlement_unverified:AMB-13,0,15,DD-120;LW-410;LW-411;LW-413;MW-310;MW-320,appendix_g_reading;metre_source;rig_services_index;record_signatories;report_vocabulary,appendix_g_reading=LWD_ROWS_SHIFTED;metre_source=PART_B_RUN_METRES;rig_services_index=NOT_APPLIED;record_signatories=FORM_SIGNATORIES_REQUIRED;report_vocabulary=CODES_REQUIRED,,
MDS-00253,0,query,conditional,,,20428079,,20428079,20428079,medium,0.75,entitlement_unverified:AMB-13,0,22,DD-120;MW-310;MW-320;PD-201;PD-210,metre_source;pd210_class_factor;rig_services_index;volume_tier_scope;record_signatories;report_vocabulary,metre_source=PART_B_RUN_METRES;pd210_class_factor=APPLY;rig_services_index=NOT_APPLIED;volume_tier_scope=CONTRACT_WIDE;record_signatories=FORM_SIGNATORIES_REQUIRED;report_vocabulary=CODES_REQUIRED,,
MDS-00254,0,query,conditional,,,8644752,,8644752,8644752,medium,0.75,entitlement_unverified:AMB-13,0,5,LW-410;MW-310,appendix_g_reading;metre_source;rig_services_index;record_signatories;report_vocabulary,appendix_g_reading=LWD_ROWS_SHIFTED;metre_source=PART_B_RUN_METRES;rig_services_index=NOT_APPLIED;record_signatories=FORM_SIGNATORIES_REQUIRED;report_vocabulary=CODES_REQUIRED,,
MDS-00255,0,query,conditional,,,9012381,,9012381,9012381,medium,0.75,entitlement_unverified:AMB-13,0,3,MW-310,rig_services_index;record_signatories;report_vocabulary,rig_services_index=NOT_APPLIED;record_signatories=FORM_SIGNATORIES_REQUIRED;report_vocabulary=CODES_REQUIRED,,
MDS-00256,0,query,conditional,,,18794509,,18794509,18794509,medium,0.75,entitlement_unverified:AMB-13,0,18,DD-120;MW-310;MW-320;PD-201;PD-210,pd210_class_factor;rig_services_index;volume_tier_scope;record_signatories;report_vocabulary,pd210_class_factor=APPLY;rig_services_index=NOT_APPLIED;volume_tier_scope=CONTRACT_WIDE;record_signatories=FORM_SIGNATORIES_REQUIRED;report_vocabulary=CODES_REQUIRED,,
MDS-00257,0,query,conditional,,,10778921,,10778921,10778921,medium,0.75,entitlement_unverified:AMB-13,0,10,DD-120;MW-310;MW-320,rig_services_index;record_signatories;report_vocabulary,rig_services_index=NOT_APPLIED;record_signatories=FORM_SIGNATORIES_REQUIRED;report_vocabulary=CODES_REQUIRED,,
MDS-00258,0,query,conditional,,,6377397,,6377397,6377397,medium,0.75,entitlement_unverified:AMB-13,0,9,DD-120;MW-310;MW-320,rig_services_index;report_vocabulary,rig_services_index=NOT_APPLIED;report_vocabulary=CODES_REQUIRED,,
MDS-00259,0,query,conditional,,,17492162,,17492162,17492162,medium,0.75,entitlement_unverified:AMB-13,0,24,DD-120;LW-410;LW-411;MW-310;MW-320,appendix_g_reading;metre_source;rig_services_index;record_signatories;report_vocabulary,appendix_g_reading=LWD_ROWS_SHIFTED;metre_source=PART_B_RUN_METRES;rig_services_index=NOT_APPLIED;record_signatories=FORM_SIGNATORIES_REQUIRED;report_vocabulary=CODES_REQUIRED,,
MDS-00260,0,query,conditional,,,17624753,,17624753,17624753,medium,0.75,entitlement_unverified:AMB-13,0,27,DD-120;LW-410;LW-411;LW-413;MW-310;MW-320;PD-201;PD-210,appendix_g_reading;metre_source;rig_services_index;volume_tier_scope;record_signatories;report_vocabulary,appendix_g_reading=LWD_ROWS_SHIFTED;metre_source=PART_B_RUN_METRES;rig_services_index=NOT_APPLIED;volume_tier_scope=CONTRACT_WIDE;record_signatories=FORM_SIGNATORIES_REQUIRED;report_vocabulary=CODES_REQUIRED,,
MDS-00261,0,query,conditional,,,4885673,,4885673,4885673,medium,0.75,entitlement_unverified:AMB-13,0,3,MW-310,rig_services_index;report_vocabulary,rig_services_index=NOT_APPLIED;report_vocabulary=CODES_REQUIRED,,
MDS-00262,0,query,conditional,,,14992859,,14992859,14992859,medium,0.75,entitlement_unverified:AMB-13,0,6,MW-310,rig_services_index;record_signatories;report_vocabulary,rig_services_index=NOT_APPLIED;record_signatories=FORM_SIGNATORIES_REQUIRED;report_vocabulary=CODES_REQUIRED,,
MDS-00263,0,query,conditional,,,12929363,,12929363,12929363,medium,0.75,entitlement_unverified:AMB-13,0,12,DD-120;MW-310;MW-320,metre_source;rig_services_index;record_signatories;report_vocabulary,metre_source=PART_B_RUN_METRES;rig_services_index=NOT_APPLIED;record_signatories=FORM_SIGNATORIES_REQUIRED;report_vocabulary=CODES_REQUIRED,,
MDS-00264,0,query,conditional,,,12031842,,12031842,12031842,medium,0.75,entitlement_unverified:AMB-13,0,8,DD-120;MW-310;MW-320,rig_services_index;record_signatories;report_vocabulary,rig_services_index=NOT_APPLIED;record_signatories=FORM_SIGNATORIES_REQUIRED;report_vocabulary=CODES_REQUIRED,,
MDS-00265,0,query,conditional,,,9723710,,9723710,9723710,medium,0.75,entitlement_unverified:AMB-13,0,3,MW-310,rig_services_index;record_signatories;report_vocabulary,rig_services_index=NOT_APPLIED;record_signatories=FORM_SIGNATORIES_REQUIRED;report_vocabulary=CODES_REQUIRED,,
MDS-00266,0,query,conditional,,,11085494,,11085494,11085494,medium,0.75,entitlement_unverified:AMB-13,0,15,DD-120;MW-310;MW-320,rig_services_index;report_vocabulary,rig_services_index=NOT_APPLIED;report_vocabulary=CODES_REQUIRED,,
MDS-00267,0,query,conditional,,,10877960,,10877960,10877960,medium,0.75,entitlement_unverified:AMB-13,0,12,DD-120;MW-310;MW-320,rig_services_index;report_vocabulary,rig_services_index=NOT_APPLIED;report_vocabulary=CODES_REQUIRED,,
MDS-00268,0,query,conditional,,,16151896,,16151896,16151896,medium,0.75,entitlement_unverified:AMB-13,0,15,DD-120;MW-310;MW-320;PD-201;PD-210,metre_source;pd210_class_factor;rig_services_index;volume_tier_scope;record_signatories;report_vocabulary,metre_source=PART_B_RUN_METRES;pd210_class_factor=APPLY;rig_services_index=NOT_APPLIED;volume_tier_scope=CONTRACT_WIDE;record_signatories=FORM_SIGNATORIES_REQUIRED;report_vocabulary=CODES_REQUIRED,,
MDS-00269,0,query,conditional,,,14432533,,14432533,14432533,medium,0.75,entitlement_unverified:AMB-13,0,6,MW-310,rig_services_index;record_signatories;report_vocabulary,rig_services_index=NOT_APPLIED;record_signatories=FORM_SIGNATORIES_REQUIRED;report_vocabulary=CODES_REQUIRED,,
MDS-00270,0,query,conditional,,,9411980,,9411980,9411980,medium,0.75,entitlement_unverified:AMB-13,0,3,MW-310,rig_services_index;record_signatories;report_vocabulary,rig_services_index=NOT_APPLIED;record_signatories=FORM_SIGNATORIES_REQUIRED;report_vocabulary=CODES_REQUIRED,,
MDS-00271,0,query,conditional,,,5729594,,5729594,5729594,medium,0.75,entitlement_unverified:AMB-13,0,3,MW-310,rig_services_index;record_signatories;report_vocabulary,rig_services_index=NOT_APPLIED;record_signatories=FORM_SIGNATORIES_REQUIRED;report_vocabulary=CODES_REQUIRED,,
MDS-00272,0,query,conditional,,,24838717,,24838717,24838717,medium,0.75,entitlement_unverified:AMB-13,0,30,DD-120;MW-310;MW-320;PD-201;PD-210,pd210_class_factor;rig_services_index;volume_tier_scope;report_vocabulary,pd210_class_factor=APPLY;rig_services_index=NOT_APPLIED;volume_tier_scope=CONTRACT_WIDE;report_vocabulary=CODES_REQUIRED,,
MDS-00273,0,query,conditional,,,18543819,,18543819,18543819,medium,0.75,entitlement_unverified:AMB-13,0,30,DD-120;LW-410;LW-411;LW-413;MW-310;MW-320;PD-201;PD-210,appendix_g_reading;metre_source;rig_services_index;volume_tier_scope;record_signatories;report_vocabulary,appendix_g_reading=LWD_ROWS_SHIFTED;metre_source=PART_B_RUN_METRES;rig_services_index=NOT_APPLIED;volume_tier_scope=CONTRACT_WIDE;record_signatories=FORM_SIGNATORIES_REQUIRED;report_vocabulary=CODES_REQUIRED,,
MDS-00274,0,query,conditional,,,6907512,,6907512,6907512,medium,0.75,entitlement_unverified:AMB-13,0,4,MW-310,rig_services_index;report_vocabulary,rig_services_index=NOT_APPLIED;report_vocabulary=CODES_REQUIRED,,
MDS-00275,0,query,conditional,,,15259950,,15259950,15259950,medium,0.75,entitlement_unverified:AMB-13,0,22,DD-120;LW-410;LW-411;LW-413;MW-310;MW-320,appendix_g_reading;metre_source;rig_services_index;record_signatories;report_vocabulary,appendix_g_reading=LWD_ROWS_SHIFTED;metre_source=PART_B_RUN_METRES;rig_services_index=NOT_APPLIED;record_signatories=FORM_SIGNATORIES_REQUIRED;report_vocabulary=CODES_REQUIRED,,
MDS-00276,0,query,conditional,,,33249266,,33249266,33249266,medium,0.75,entitlement_unverified:AMB-13,0,37,DD-120;LW-410;LW-411;LW-412;LW-413;MW-310;MW-320;PD-201;PD-210,appendix_g_reading;metre_source;pd210_class_factor;rig_services_index;volume_tier_scope;record_signatories;report_vocabulary,appendix_g_reading=LWD_ROWS_SHIFTED;metre_source=PART_B_RUN_METRES;pd210_class_factor=APPLY;rig_services_index=NOT_APPLIED;volume_tier_scope=CONTRACT_WIDE;record_signatories=FORM_SIGNATORIES_REQUIRED;report_vocabulary=CODES_REQUIRED,,
MDS-00277,0,query,conditional,,,12600643,,12600643,12600643,medium,0.75,entitlement_unverified:AMB-13,0,21,DD-120;LW-410;LW-411;LW-413;MW-310;MW-320,appendix_g_reading;metre_source;rig_services_index;record_signatories;report_vocabulary,appendix_g_reading=LWD_ROWS_SHIFTED;metre_source=PART_B_RUN_METRES;rig_services_index=NOT_APPLIED;record_signatories=FORM_SIGNATORIES_REQUIRED;report_vocabulary=CODES_REQUIRED,,
MDS-00278,0,query,conditional,,,15067805,,15067805,15067805,medium,0.75,entitlement_unverified:AMB-13,0,19,DD-120;LW-410;LW-411;LW-413;MW-310;MW-320,appendix_g_reading;metre_source;rig_services_index;record_signatories;report_vocabulary,appendix_g_reading=LWD_ROWS_SHIFTED;metre_source=PART_B_RUN_METRES;rig_services_index=NOT_APPLIED;record_signatories=FORM_SIGNATORIES_REQUIRED;report_vocabulary=CODES_REQUIRED,,
MDS-00279,0,query,conditional,,,10361268,,10361268,10361268,medium,0.75,entitlement_unverified:AMB-13,0,6,MW-310,rig_services_index;report_vocabulary,rig_services_index=NOT_APPLIED;report_vocabulary=CODES_REQUIRED,,
MDS-00280,0,query,conditional,,,10372772,,10372772,10372772,medium,0.75,entitlement_unverified:AMB-13,0,8,DD-120;MW-310;MW-320;PD-201;PD-210,rig_services_index;volume_tier_scope;record_signatories;report_vocabulary,rig_services_index=NOT_APPLIED;volume_tier_scope=CONTRACT_WIDE;record_signatories=FORM_SIGNATORIES_REQUIRED;report_vocabulary=CODES_REQUIRED,,
MDS-00281,0,query,conditional,,,6907524,,6907524,6907524,medium,0.75,entitlement_unverified:AMB-13,0,9,DD-120;MW-310;MW-320,rig_services_index;report_vocabulary,rig_services_index=NOT_APPLIED;report_vocabulary=CODES_REQUIRED,,
MDS-00282,1,part-reject,conditional,invoice_discount_error,invoice_discount_error,53103985,,52129825,52129825,high,0.95,entitlement_unverified:AMB-13,1,6,MW-310,rig_services_index;lih_replacement_value;record_signatories;report_vocabulary,,,
MDS-00283,0,query,conditional,,,12502885,,12502885,12502885,medium,0.75,entitlement_unverified:AMB-13,0,17,DD-120;MW-310;MW-320,rig_services_index;report_vocabulary,rig_services_index=NOT_APPLIED;report_vocabulary=CODES_REQUIRED,,
MDS-00284,0,query,conditional,,,14666517,,14666517,14666517,medium,0.75,entitlement_unverified:AMB-13,0,19,DD-120;LW-410;LW-411;LW-413;MW-310;MW-320;PD-201;PD-210,appendix_g_reading;metre_source;rig_services_index;volume_tier_scope;record_signatories;report_vocabulary,appendix_g_reading=LWD_ROWS_SHIFTED;metre_source=PART_B_RUN_METRES;rig_services_index=NOT_APPLIED;volume_tier_scope=CONTRACT_WIDE;record_signatories=FORM_SIGNATORIES_REQUIRED;report_vocabulary=CODES_REQUIRED,,
MDS-00285,0,query,conditional,,,6471227,,6471227,6471227,medium,0.75,entitlement_unverified:AMB-13,0,3,MW-310,rig_services_index;record_signatories;report_vocabulary,rig_services_index=NOT_APPLIED;record_signatories=FORM_SIGNATORIES_REQUIRED;report_vocabulary=CODES_REQUIRED,,
MDS-00286,0,query,conditional,,,5329254,,5329254,5329254,medium,0.75,entitlement_unverified:AMB-13,0,3,MW-310,standby_section_factor;rig_services_index;record_signatories;report_vocabulary,standby_section_factor=APPLY;rig_services_index=NOT_APPLIED;record_signatories=FORM_SIGNATORIES_REQUIRED;report_vocabulary=CODES_REQUIRED,,
MDS-00287,1,part-reject,conditional,unsupported_service,unsupported_service,33510012,,33366128,33366128,high,0.95,entitlement_unverified:AMB-13,1,44,DD-120;LW-410;LW-411;LW-413;MW-310;MW-320;PD-201;PD-210,appendix_g_reading;metre_source;pd210_class_factor;rig_services_index;volume_tier_scope;record_signatories;report_vocabulary,,,
MDS-00288,0,query,conditional,,,17377128,,17377128,17377128,medium,0.75,entitlement_unverified:AMB-13,0,31,DD-120;LW-410;LW-411;LW-413;MW-310;MW-320,appendix_g_reading;metre_source;rig_services_index;record_signatories;report_vocabulary,appendix_g_reading=LWD_ROWS_SHIFTED;metre_source=PART_B_RUN_METRES;rig_services_index=NOT_APPLIED;record_signatories=FORM_SIGNATORIES_REQUIRED;report_vocabulary=CODES_REQUIRED,,
MDS-00289,0,query,conditional,,,16368001,,16368001,16368001,medium,0.75,entitlement_unverified:AMB-13,0,26,DD-120;LW-410;LW-411;MW-310;MW-320,appendix_g_reading;metre_source;rig_services_index;record_signatories;report_vocabulary,appendix_g_reading=LWD_ROWS_SHIFTED;metre_source=PART_B_RUN_METRES;rig_services_index=NOT_APPLIED;record_signatories=FORM_SIGNATORIES_REQUIRED;report_vocabulary=CODES_REQUIRED,,
MDS-00290,0,query,conditional,,,20507723,,20507723,20507723,medium,0.75,entitlement_unverified:AMB-13,0,31,DD-120;LW-410;LW-411;LW-413;MW-310;MW-320,appendix_g_reading;metre_source;rig_services_index;record_signatories;report_vocabulary,appendix_g_reading=LWD_ROWS_SHIFTED;metre_source=PART_B_RUN_METRES;rig_services_index=NOT_APPLIED;record_signatories=FORM_SIGNATORIES_REQUIRED;report_vocabulary=CODES_REQUIRED,,
MDS-00291,0,query,conditional,,,18108228,,18108228,18108228,medium,0.75,entitlement_unverified:AMB-13,0,25,DD-120;MW-310;MW-320;PD-201;PD-210,rig_services_index;volume_tier_scope;report_vocabulary,rig_services_index=NOT_APPLIED;volume_tier_scope=CONTRACT_WIDE;report_vocabulary=CODES_REQUIRED,,
MDS-00292,0,query,conditional,,,137664149,,137664149,137664149,medium,0.75,entitlement_unverified:AMB-13,0,24,DD-120;LW-410;LW-411;LW-413;MW-310;MW-320,appendix_g_reading;metre_source;rig_services_index;lih_replacement_value;record_signatories;report_vocabulary,appendix_g_reading=LWD_ROWS_SHIFTED;metre_source=PART_B_RUN_METRES;rig_services_index=NOT_APPLIED;lih_replacement_value=SCHEDULE_6_USD;record_signatories=FORM_SIGNATORIES_REQUIRED;report_vocabulary=CODES_REQUIRED,,
MDS-00293,0,query,conditional,,,32393912,,32393912,32393912,medium,0.75,entitlement_unverified:AMB-13,0,51,DD-120;LW-410;LW-411;LW-412;LW-413;MW-310;MW-320;PD-201;PD-210,appendix_g_reading;metre_source;pd210_class_factor;rig_services_index;volume_tier_scope;record_signatories;report_vocabulary,appendix_g_reading=LWD_ROWS_SHIFTED;metre_source=PART_B_RUN_METRES;pd210_class_factor=APPLY;rig_services_index=NOT_APPLIED;volume_tier_scope=CONTRACT_WIDE;record_signatories=FORM_SIGNATORIES_REQUIRED;report_vocabulary=CODES_REQUIRED,,
MDS-00294,0,query,conditional,,,7558487,,7558487,7558487,medium,0.75,entitlement_unverified:AMB-13,0,9,DD-120;MW-310;MW-320,rig_services_index;report_vocabulary,rig_services_index=NOT_APPLIED;report_vocabulary=CODES_REQUIRED,,
MDS-00295,0,query,conditional,,,5982410,,5982410,5982410,medium,0.75,entitlement_unverified:AMB-13,0,4,MW-310,standby_section_factor;rig_services_index;report_vocabulary,standby_section_factor=APPLY;rig_services_index=NOT_APPLIED;report_vocabulary=CODES_REQUIRED,,
MDS-00296,0,query,conditional,,,13142354,,13142354,13142354,medium,0.75,entitlement_unverified:AMB-13,0,12,DD-120;MW-310;MW-320;PD-201;PD-210,pd210_class_factor;rig_services_index;volume_tier_scope;record_signatories;report_vocabulary,pd210_class_factor=APPLY;rig_services_index=NOT_APPLIED;volume_tier_scope=CONTRACT_WIDE;record_signatories=FORM_SIGNATORIES_REQUIRED;report_vocabulary=CODES_REQUIRED,,
MDS-00297,0,query,conditional,,,19226235,,19226235,19226235,medium,0.75,entitlement_unverified:AMB-13,0,26,DD-120;MW-310;MW-320;PD-201;PD-210,rig_services_index;volume_tier_scope;report_vocabulary,rig_services_index=NOT_APPLIED;volume_tier_scope=CONTRACT_WIDE;report_vocabulary=CODES_REQUIRED,,
MDS-00298,0,query,conditional,,,8532648,,8532648,8532648,medium,0.75,entitlement_unverified:AMB-13,0,12,DD-120;MW-310;MW-320,rig_services_index;report_vocabulary,rig_services_index=NOT_APPLIED;report_vocabulary=CODES_REQUIRED,,
MDS-00299,0,query,conditional,,,14941368,,14941368,14941368,medium,0.75,entitlement_unverified:AMB-13,0,18,DD-120;MW-310;MW-320,rig_services_index;report_vocabulary,rig_services_index=NOT_APPLIED;report_vocabulary=CODES_REQUIRED,,
MDS-00300,0,query,conditional,,,13543652,,13543652,13543652,medium,0.75,entitlement_unverified:AMB-13,0,25,DD-120;LW-410;LW-411;LW-412;LW-413;MW-310;MW-320;PD-201;PD-210,appendix_g_reading;metre_source;rig_services_index;volume_tier_scope;record_signatories;report_vocabulary,appendix_g_reading=LWD_ROWS_SHIFTED;metre_source=PART_B_RUN_METRES;rig_services_index=NOT_APPLIED;volume_tier_scope=CONTRACT_WIDE;record_signatories=FORM_SIGNATORIES_REQUIRED;report_vocabulary=CODES_REQUIRED,,
MDS-00301,0,query,conditional,,,20052356,,20052356,20052356,medium,0.75,entitlement_unverified:AMB-13,0,33,DD-120;LW-410;LW-411;LW-413;MW-310;MW-320;PD-201;PD-210,appendix_g_reading;metre_source;pd210_class_factor;standby_section_factor;rig_services_index;volume_tier_scope;record_signatories;report_vocabulary,appendix_g_reading=LWD_ROWS_SHIFTED;metre_source=PART_B_RUN_METRES;pd210_class_factor=APPLY;standby_section_factor=APPLY;rig_services_index=NOT_APPLIED;volume_tier_scope=CONTRACT_WIDE;record_signatories=FORM_SIGNATORIES_REQUIRED;report_vocabulary=CODES_REQUIRED,,
MDS-00302,0,query,conditional,,,5432308,,5432308,5432308,medium,0.75,entitlement_unverified:AMB-13,0,3,DD-120;MW-310;MW-320,rig_services_index;report_vocabulary,rig_services_index=NOT_APPLIED;report_vocabulary=CODES_REQUIRED,,
MDS-00303,0,query,conditional,,,14430245,,14430245,14430245,medium,0.75,entitlement_unverified:AMB-13,0,6,MW-310,rig_services_index;record_signatories;report_vocabulary,rig_services_index=NOT_APPLIED;record_signatories=FORM_SIGNATORIES_REQUIRED;report_vocabulary=CODES_REQUIRED,,
MDS-00304,0,query,conditional,,,13927996,,13927996,13927996,medium,0.75,entitlement_unverified:AMB-13,0,23,DD-120;LW-410;LW-411;LW-413;MW-310;MW-320,appendix_g_reading;metre_source;standby_section_factor;rig_services_index;record_signatories;report_vocabulary,appendix_g_reading=LWD_ROWS_SHIFTED;metre_source=PART_B_RUN_METRES;standby_section_factor=APPLY;rig_services_index=NOT_APPLIED;record_signatories=FORM_SIGNATORIES_REQUIRED;report_vocabulary=CODES_REQUIRED,,
MDS-00305,0,query,conditional,,,14285794,,14285794,14285794,medium,0.75,entitlement_unverified:AMB-13,0,16,DD-120;MW-310;MW-320;PD-201;PD-210,rig_services_index;volume_tier_scope;record_signatories;report_vocabulary,rig_services_index=NOT_APPLIED;volume_tier_scope=CONTRACT_WIDE;record_signatories=FORM_SIGNATORIES_REQUIRED;report_vocabulary=CODES_REQUIRED,,
MDS-00306,0,query,conditional,,,13076318,,13076318,13076318,medium,0.75,entitlement_unverified:AMB-13,0,14,DD-120;LW-410;LW-411;LW-413;MW-310;MW-320,appendix_g_reading;metre_source;rig_services_index;record_signatories;report_vocabulary,appendix_g_reading=LWD_ROWS_SHIFTED;metre_source=PART_B_RUN_METRES;rig_services_index=NOT_APPLIED;record_signatories=FORM_SIGNATORIES_REQUIRED;report_vocabulary=CODES_REQUIRED,,
MDS-00307,1,part-reject,conditional,lost_in_hole_valuation,lost_in_hole_valuation,152613208,,152577114,152577114,high,0.95,entitlement_unverified:AMB-13,1,21,DD-120;MW-310;MW-320;PD-201;PD-210,pd210_class_factor;rig_services_index;volume_tier_scope;lih_replacement_value;record_signatories;report_vocabulary,,,
MDS-00308,0,query,conditional,,,7743729,,7743729,7743729,medium,0.75,entitlement_unverified:AMB-13,0,3,MW-310,standby_section_factor;rig_services_index;report_vocabulary,standby_section_factor=APPLY;rig_services_index=NOT_APPLIED;report_vocabulary=CODES_REQUIRED,,
MDS-00309,0,query,conditional,,,9293688,,9293688,9293688,medium,0.75,entitlement_unverified:AMB-13,0,3,MW-310,rig_services_index;record_signatories;report_vocabulary,rig_services_index=NOT_APPLIED;record_signatories=FORM_SIGNATORIES_REQUIRED;report_vocabulary=CODES_REQUIRED,,
MDS-00310,1,part-reject,conditional,quantity_exceeds_record,quantity_exceeds_record,12022270,,12000980,12000980,high,0.95,entitlement_unverified:AMB-13,1,19,DD-120;LW-410;LW-411;LW-412;LW-413;MW-310;MW-320,appendix_g_reading;metre_source;rig_services_index;record_signatories;report_vocabulary,,,
MDS-00311,0,query,conditional,,,19443526,,19443526,19443526,medium,0.75,entitlement_unverified:AMB-13,0,29,DD-120;LW-410;LW-411;LW-412;MW-310;MW-320;PD-201;PD-210,appendix_g_reading;metre_source;pd210_class_factor;rig_services_index;volume_tier_scope;record_signatories;report_vocabulary,appendix_g_reading=LWD_ROWS_SHIFTED;metre_source=PART_B_RUN_METRES;pd210_class_factor=APPLY;rig_services_index=NOT_APPLIED;volume_tier_scope=CONTRACT_WIDE;record_signatories=FORM_SIGNATORIES_REQUIRED;report_vocabulary=CODES_REQUIRED,,
MDS-00312,0,query,conditional,,,16500222,,16500222,16500222,medium,0.75,entitlement_unverified:AMB-13,0,20,DD-120;MW-310;MW-320;PD-201;PD-210,rig_services_index;volume_tier_scope;report_vocabulary,rig_services_index=NOT_APPLIED;volume_tier_scope=CONTRACT_WIDE;report_vocabulary=CODES_REQUIRED,,
MDS-00313,0,query,conditional,,,20102097,,20102097,20102097,medium,0.75,entitlement_unverified:AMB-13,0,34,DD-120;LW-410;LW-411;LW-412;LW-413;MW-310;MW-320;PD-201;PD-210,appendix_g_reading;metre_source;rig_services_index;volume_tier_scope;record_signatories;report_vocabulary,appendix_g_reading=LWD_ROWS_SHIFTED;metre_source=PART_B_RUN_METRES;rig_services_index=NOT_APPLIED;volume_tier_scope=CONTRACT_WIDE;record_signatories=FORM_SIGNATORIES_REQUIRED;report_vocabulary=CODES_REQUIRED,,
MDS-00314,0,query,conditional,,,8138183,,8138183,8138183,medium,0.75,entitlement_unverified:AMB-13,0,4,MW-310,rig_services_index;record_signatories;report_vocabulary,rig_services_index=NOT_APPLIED;record_signatories=FORM_SIGNATORIES_REQUIRED;report_vocabulary=CODES_REQUIRED,,
MDS-00315,0,query,conditional,,,14161795,,14161795,14161795,medium,0.75,entitlement_unverified:AMB-13,0,6,MW-310,rig_services_index;record_signatories;report_vocabulary,rig_services_index=NOT_APPLIED;record_signatories=FORM_SIGNATORIES_REQUIRED;report_vocabulary=CODES_REQUIRED,,
MDS-00316,0,query,conditional,,,23529866,,23529866,23529866,medium,0.75,entitlement_unverified:AMB-13,0,34,DD-120;LW-410;LW-411;MW-310;MW-320;PD-201;PD-210,appendix_g_reading;metre_source;rig_services_index;volume_tier_scope;record_signatories;report_vocabulary,appendix_g_reading=LWD_ROWS_SHIFTED;metre_source=PART_B_RUN_METRES;rig_services_index=NOT_APPLIED;volume_tier_scope=CONTRACT_WIDE;record_signatories=FORM_SIGNATORIES_REQUIRED;report_vocabulary=CODES_REQUIRED,,
MDS-00317,0,query,conditional,,,21803284,,21803284,21803284,medium,0.75,entitlement_unverified:AMB-13,0,26,DD-120;LW-410;LW-411;MW-310;MW-320;PD-201;PD-210,appendix_g_reading;pd210_class_factor;rig_services_index;volume_tier_scope;record_signatories;report_vocabulary,appendix_g_reading=LWD_ROWS_SHIFTED;pd210_class_factor=APPLY;rig_services_index=NOT_APPLIED;volume_tier_scope=CONTRACT_WIDE;record_signatories=FORM_SIGNATORIES_REQUIRED;report_vocabulary=CODES_REQUIRED,,
MDS-00318,0,query,conditional,,,7489631,,7489631,7489631,medium,0.75,entitlement_unverified:AMB-13,0,4,MW-310,rig_services_index;record_signatories;report_vocabulary,rig_services_index=NOT_APPLIED;record_signatories=FORM_SIGNATORIES_REQUIRED;report_vocabulary=CODES_REQUIRED,,
MDS-00319,0,query,conditional,,,14526151,,14526151,14526151,medium,0.75,entitlement_unverified:AMB-13,0,16,DD-120;LW-410;LW-411;LW-412;LW-413;MW-310;MW-320,appendix_g_reading;rig_services_index;record_signatories;report_vocabulary,appendix_g_reading=LWD_ROWS_SHIFTED;rig_services_index=NOT_APPLIED;record_signatories=FORM_SIGNATORIES_REQUIRED;report_vocabulary=CODES_REQUIRED,,
MDS-00320,1,part-reject,conditional,once_only_exceeded,once_only_exceeded,7983301,,5856089,5856089,high,0.95,entitlement_unverified:AMB-13,1,4,DD-120;MW-310;MW-320;PD-201,rig_services_index;report_vocabulary,,,
MDS-00321,0,query,conditional,,,14975057,,14975057,14975057,medium,0.75,entitlement_unverified:AMB-13,0,19,DD-120;LW-410;LW-411;LW-413;MW-310;MW-320,appendix_g_reading;metre_source;rig_services_index;record_signatories;report_vocabulary,appendix_g_reading=LWD_ROWS_SHIFTED;metre_source=PART_B_RUN_METRES;rig_services_index=NOT_APPLIED;record_signatories=FORM_SIGNATORIES_REQUIRED;report_vocabulary=CODES_REQUIRED,,
MDS-00322,0,query,conditional,,,11040692,,11040692,11040692,medium,0.75,entitlement_unverified:AMB-13,0,24,DD-120;LW-410;LW-411;LW-412;MW-310;MW-320,appendix_g_reading;metre_source;rig_services_index;record_signatories;report_vocabulary,appendix_g_reading=LWD_ROWS_SHIFTED;metre_source=PART_B_RUN_METRES;rig_services_index=NOT_APPLIED;record_signatories=FORM_SIGNATORIES_REQUIRED;report_vocabulary=CODES_REQUIRED,,
MDS-00323,1,part-reject,conditional,factor_misapplied,factor_misapplied,3841189,,3822033,3822033,medium,0.75,entitlement_unverified:AMB-13,1,3,MW-310,standby_section_factor;rig_services_index;report_vocabulary,,,
MDS-00324,0,query,conditional,,,12080121,,12080121,12080121,medium,0.75,entitlement_unverified:AMB-13,0,17,DD-120;LW-410;LW-411;LW-413;MW-310;MW-320;PD-201;PD-210,appendix_g_reading;rig_services_index;volume_tier_scope;record_signatories;report_vocabulary,appendix_g_reading=LWD_ROWS_SHIFTED;rig_services_index=NOT_APPLIED;volume_tier_scope=CONTRACT_WIDE;record_signatories=FORM_SIGNATORIES_REQUIRED;report_vocabulary=CODES_REQUIRED,,
MDS-00325,0,query,conditional,,,23183120,,23183120,23183120,medium,0.75,entitlement_unverified:AMB-13,0,45,DD-120;LW-410;LW-411;LW-412;LW-413;MW-310;MW-320;PD-201;PD-210,appendix_g_reading;metre_source;standby_section_factor;rig_services_index;volume_tier_scope;record_signatories;report_vocabulary,appendix_g_reading=LWD_ROWS_SHIFTED;metre_source=PART_B_RUN_METRES;standby_section_factor=APPLY;rig_services_index=NOT_APPLIED;volume_tier_scope=CONTRACT_WIDE;record_signatories=FORM_SIGNATORIES_REQUIRED;report_vocabulary=CODES_REQUIRED,,
MDS-00326,0,query,conditional,,,5448287,,5448287,5448287,medium,0.75,entitlement_unverified:AMB-13,0,3,MW-310,rig_services_index;record_signatories;report_vocabulary,rig_services_index=NOT_APPLIED;record_signatories=FORM_SIGNATORIES_REQUIRED;report_vocabulary=CODES_REQUIRED,,
MDS-00327,0,query,conditional,,,6519955,,6519955,6519955,medium,0.75,entitlement_unverified:AMB-13,0,4,MW-310,rig_services_index;report_vocabulary,rig_services_index=NOT_APPLIED;report_vocabulary=CODES_REQUIRED,,
MDS-00328,0,query,conditional,,,20959886,,20959886,20959886,medium,0.75,entitlement_unverified:AMB-13,0,33,DD-120;LW-410;LW-411;LW-412;LW-413;MW-310;MW-320,appendix_g_reading;metre_source;standby_section_factor;rig_services_index;record_signatories;report_vocabulary,appendix_g_reading=LWD_ROWS_SHIFTED;metre_source=PART_B_RUN_METRES;standby_section_factor=APPLY;rig_services_index=NOT_APPLIED;record_signatories=FORM_SIGNATORIES_REQUIRED;report_vocabulary=CODES_REQUIRED,,
MDS-00329,0,query,conditional,,,5451150,,5451150,5451150,medium,0.75,entitlement_unverified:AMB-13,0,3,MW-310,rig_services_index;record_signatories;report_vocabulary,rig_services_index=NOT_APPLIED;record_signatories=FORM_SIGNATORIES_REQUIRED;report_vocabulary=CODES_REQUIRED,,
MDS-00330,0,query,conditional,,,10009115,,10009115,10009115,medium,0.75,entitlement_unverified:AMB-13,0,3,MW-310,rig_services_index;record_signatories;report_vocabulary,rig_services_index=NOT_APPLIED;record_signatories=FORM_SIGNATORIES_REQUIRED;report_vocabulary=CODES_REQUIRED,,
MDS-00331,0,query,conditional,,,15421185,,15421185,15421185,medium,0.75,entitlement_unverified:AMB-13,0,25,DD-120;LW-410;LW-411;LW-413;MW-310;MW-320;PD-201;PD-210,appendix_g_reading;metre_source;standby_section_factor;rig_services_index;volume_tier_scope;record_signatories;report_vocabulary,appendix_g_reading=LWD_ROWS_SHIFTED;metre_source=PART_B_RUN_METRES;standby_section_factor=APPLY;rig_services_index=NOT_APPLIED;volume_tier_scope=CONTRACT_WIDE;record_signatories=FORM_SIGNATORIES_REQUIRED;report_vocabulary=CODES_REQUIRED,,
MDS-00332,1,part-reject,conditional,line_arithmetic,line_arithmetic,19354324,,19353174,19353174,high,0.95,entitlement_unverified:AMB-13,1,31,DD-120;LW-410;LW-411;MW-310;MW-320;PD-201;PD-210,appendix_g_reading;metre_source;pd210_class_factor;standby_section_factor;rig_services_index;volume_tier_scope;record_signatories;report_vocabulary,,,
MDS-00333,0,query,conditional,,,9005942,,9005942,9005942,medium,0.75,entitlement_unverified:AMB-13,0,18,DD-120;LW-410;LW-411;LW-412;MW-310;MW-320,appendix_g_reading;metre_source;rig_services_index;record_signatories;report_vocabulary,appendix_g_reading=LWD_ROWS_SHIFTED;metre_source=PART_B_RUN_METRES;rig_services_index=NOT_APPLIED;record_signatories=FORM_SIGNATORIES_REQUIRED;report_vocabulary=CODES_REQUIRED,,
MDS-00334,0,query,conditional,,,9263013,,9263013,9263013,medium,0.75,entitlement_unverified:AMB-13,0,3,MW-310,rig_services_index;record_signatories;report_vocabulary,rig_services_index=NOT_APPLIED;record_signatories=FORM_SIGNATORIES_REQUIRED;report_vocabulary=CODES_REQUIRED,,
MDS-00335,0,query,conditional,,,9809760,,9809760,9809760,medium,0.75,entitlement_unverified:AMB-13,0,5,MW-310,standby_section_factor;rig_services_index;record_signatories;report_vocabulary,standby_section_factor=APPLY;rig_services_index=NOT_APPLIED;record_signatories=FORM_SIGNATORIES_REQUIRED;report_vocabulary=CODES_REQUIRED,,
MDS-00336,0,query,conditional,,,13896418,,13896418,13896418,medium,0.75,entitlement_unverified:AMB-13,0,22,DD-120;LW-410;LW-411;LW-413;MW-310;MW-320;PD-201;PD-210,appendix_g_reading;metre_source;rig_services_index;volume_tier_scope;record_signatories;report_vocabulary,appendix_g_reading=LWD_ROWS_SHIFTED;metre_source=PART_B_RUN_METRES;rig_services_index=NOT_APPLIED;volume_tier_scope=CONTRACT_WIDE;record_signatories=FORM_SIGNATORIES_REQUIRED;report_vocabulary=CODES_REQUIRED,,
MDS-00337,0,query,conditional,,,6824228,,6824228,6824228,medium,0.75,entitlement_unverified:AMB-13,0,7,DD-120;MW-310;MW-320,rig_services_index;record_signatories;report_vocabulary,rig_services_index=NOT_APPLIED;record_signatories=FORM_SIGNATORIES_REQUIRED;report_vocabulary=CODES_REQUIRED,,
MDS-00338,0,query,conditional,,,11216058,,11216058,11216058,medium,0.75,entitlement_unverified:AMB-13,0,4,MW-310,rig_services_index;record_signatories;report_vocabulary,rig_services_index=NOT_APPLIED;record_signatories=FORM_SIGNATORIES_REQUIRED;report_vocabulary=CODES_REQUIRED,,
MDS-00339,0,query,conditional,,,7683911,,7683911,7683911,medium,0.75,entitlement_unverified:AMB-13,0,7,DD-120;MW-310;MW-320;PD-201;PD-210,rig_services_index;volume_tier_scope;record_signatories;report_vocabulary,rig_services_index=NOT_APPLIED;volume_tier_scope=CONTRACT_WIDE;record_signatories=FORM_SIGNATORIES_REQUIRED;report_vocabulary=CODES_REQUIRED,,
MDS-00340,1,part-reject,conditional,unsigned_record,unsigned_record,10356447,,9215157,9215157,high,0.95,entitlement_unverified:AMB-13,9,5,MW-310,rig_services_index;record_signatories;missing_record_consequence;report_vocabulary,,,
MDS-00341,0,query,conditional,,,21501325,,21501325,21501325,medium,0.75,entitlement_unverified:AMB-13,0,37,DD-120;LW-410;LW-411;LW-412;LW-413;MW-310;MW-320;PD-201;PD-210,appendix_g_reading;metre_source;rig_services_index;volume_tier_scope;record_signatories;report_vocabulary,appendix_g_reading=LWD_ROWS_SHIFTED;metre_source=PART_B_RUN_METRES;rig_services_index=NOT_APPLIED;volume_tier_scope=CONTRACT_WIDE;record_signatories=FORM_SIGNATORIES_REQUIRED;report_vocabulary=CODES_REQUIRED,,
MDS-00342,0,query,conditional,,,15683334,,15683334,15683334,medium,0.75,entitlement_unverified:AMB-13,0,17,DD-120;MW-310;MW-320;PD-201;PD-210,rig_services_index;volume_tier_scope;record_signatories;report_vocabulary,rig_services_index=NOT_APPLIED;volume_tier_scope=CONTRACT_WIDE;record_signatories=FORM_SIGNATORIES_REQUIRED;report_vocabulary=CODES_REQUIRED,,
MDS-00343,0,query,conditional,,,9544953,,9544953,9544953,medium,0.75,entitlement_unverified:AMB-13,0,19,DD-120;LW-410;LW-411;LW-412;LW-413;MW-310;MW-320,appendix_g_reading;metre_source;rig_services_index;record_signatories;report_vocabulary,appendix_g_reading=LWD_ROWS_SHIFTED;metre_source=PART_B_RUN_METRES;rig_services_index=NOT_APPLIED;record_signatories=FORM_SIGNATORIES_REQUIRED;report_vocabulary=CODES_REQUIRED,,
MDS-00344,0,query,conditional,,,5898248,,5898248,5898248,medium,0.75,entitlement_unverified:AMB-13,0,3,MW-310,rig_services_index;record_signatories;report_vocabulary,rig_services_index=NOT_APPLIED;record_signatories=FORM_SIGNATORIES_REQUIRED;report_vocabulary=CODES_REQUIRED,,
MDS-00345,0,query,conditional,,,15952547,,15952547,15952547,medium,0.75,entitlement_unverified:AMB-13,0,31,DD-120;LW-410;LW-411;MW-310;MW-320;PD-201;PD-210,appendix_g_reading;metre_source;standby_section_factor;rig_services_index;volume_tier_scope;record_signatories;report_vocabulary,appendix_g_reading=LWD_ROWS_SHIFTED;metre_source=PART_B_RUN_METRES;standby_section_factor=APPLY;rig_services_index=NOT_APPLIED;volume_tier_scope=CONTRACT_WIDE;record_signatories=FORM_SIGNATORIES_REQUIRED;report_vocabulary=CODES_REQUIRED,,
MDS-00346,0,query,conditional,,,23882462,,23882462,23882462,medium,0.75,entitlement_unverified:AMB-13,0,38,DD-120;LW-410;LW-411;LW-413;MW-310;MW-320;PD-201;PD-210,appendix_g_reading;metre_source;rig_services_index;volume_tier_scope;record_signatories;report_vocabulary,appendix_g_reading=LWD_ROWS_SHIFTED;metre_source=PART_B_RUN_METRES;rig_services_index=NOT_APPLIED;volume_tier_scope=CONTRACT_WIDE;record_signatories=FORM_SIGNATORIES_REQUIRED;report_vocabulary=CODES_REQUIRED,,
MDS-00347,0,query,conditional,,,10359170,,10359170,10359170,medium,0.75,entitlement_unverified:AMB-13,0,14,DD-120;MW-310;MW-320,rig_services_index;report_vocabulary,rig_services_index=NOT_APPLIED;report_vocabulary=CODES_REQUIRED,,
MDS-00348,0,query,conditional,,,23795444,,23795444,23795444,medium,0.75,entitlement_unverified:AMB-13,0,34,DD-120;LW-410;LW-411;LW-413;MW-310;MW-320;PD-201;PD-210,appendix_g_reading;metre_source;pd210_class_factor;rig_services_index;volume_tier_scope;record_signatories;report_vocabulary,appendix_g_reading=LWD_ROWS_SHIFTED;metre_source=PART_B_RUN_METRES;pd210_class_factor=APPLY;rig_services_index=NOT_APPLIED;volume_tier_scope=CONTRACT_WIDE;record_signatories=FORM_SIGNATORIES_REQUIRED;report_vocabulary=CODES_REQUIRED,,
MDS-00349,0,query,conditional,,,17747947,,17747947,17747947,medium,0.75,entitlement_unverified:AMB-13,0,19,DD-120;MW-310;MW-320;PD-201;PD-210,metre_source;pd210_class_factor;rig_services_index;volume_tier_scope;record_signatories;report_vocabulary,metre_source=PART_B_RUN_METRES;pd210_class_factor=APPLY;rig_services_index=NOT_APPLIED;volume_tier_scope=CONTRACT_WIDE;record_signatories=FORM_SIGNATORIES_REQUIRED;report_vocabulary=CODES_REQUIRED,,
MDS-00350,0,query,conditional,,,9004866,,9004866,9004866,medium,0.75,entitlement_unverified:AMB-13,0,15,DD-120;LW-410;LW-411;LW-412;MW-310;MW-320,appendix_g_reading;metre_source;rig_services_index;record_signatories;report_vocabulary,appendix_g_reading=LWD_ROWS_SHIFTED;metre_source=PART_B_RUN_METRES;rig_services_index=NOT_APPLIED;record_signatories=FORM_SIGNATORIES_REQUIRED;report_vocabulary=CODES_REQUIRED,,
MDS-00351,0,query,conditional,,,7501081,,7501081,7501081,medium,0.75,entitlement_unverified:AMB-13,0,4,MW-310,rig_services_index;record_signatories;report_vocabulary,rig_services_index=NOT_APPLIED;record_signatories=FORM_SIGNATORIES_REQUIRED;report_vocabulary=CODES_REQUIRED,,
MDS-00352,0,query,conditional,,,19736867,,19736867,19736867,medium,0.75,entitlement_unverified:AMB-13,0,29,DD-120;MW-310;MW-320;PD-201;PD-210,rig_services_index;volume_tier_scope;report_vocabulary,rig_services_index=NOT_APPLIED;volume_tier_scope=CONTRACT_WIDE;report_vocabulary=CODES_REQUIRED,,
MDS-00353,0,query,conditional,,,5510477,,5510477,5510477,medium,0.75,entitlement_unverified:AMB-13,0,3,DD-120;MW-310;MW-320,rig_services_index;report_vocabulary,rig_services_index=NOT_APPLIED;report_vocabulary=CODES_REQUIRED,,
MDS-00354,0,query,conditional,,,8705184,,8705184,8705184,medium,0.75,entitlement_unverified:AMB-13,0,5,MW-310,rig_services_index;record_signatories;report_vocabulary,rig_services_index=NOT_APPLIED;record_signatories=FORM_SIGNATORIES_REQUIRED;report_vocabulary=CODES_REQUIRED,,
MDS-00355,0,query,conditional,,,9831796,,9831796,9831796,medium,0.75,entitlement_unverified:AMB-13,0,11,LW-410;MW-310,appendix_g_reading;metre_source;standby_section_factor;rig_services_index;record_signatories;report_vocabulary,appendix_g_reading=LWD_ROWS_SHIFTED;metre_source=PART_B_RUN_METRES;standby_section_factor=APPLY;rig_services_index=NOT_APPLIED;record_signatories=FORM_SIGNATORIES_REQUIRED;report_vocabulary=CODES_REQUIRED,,
MDS-00356,0,query,conditional,,,18210478,,18210478,18210478,medium,0.75,entitlement_unverified:AMB-13,0,24,DD-120;MW-310;MW-320;PD-201;PD-210,rig_services_index;volume_tier_scope;report_vocabulary,rig_services_index=NOT_APPLIED;volume_tier_scope=CONTRACT_WIDE;report_vocabulary=CODES_REQUIRED,,
MDS-00357,0,query,conditional,,,5590030,,5590030,5590030,medium,0.75,entitlement_unverified:AMB-13,0,6,LW-410;MW-310,appendix_g_reading;metre_source;rig_services_index;record_signatories;report_vocabulary,appendix_g_reading=LWD_ROWS_SHIFTED;metre_source=PART_B_RUN_METRES;rig_services_index=NOT_APPLIED;record_signatories=FORM_SIGNATORIES_REQUIRED;report_vocabulary=CODES_REQUIRED,,
MDS-00358,0,query,conditional,,,11962815,,11962815,11962815,medium,0.75,entitlement_unverified:AMB-13,0,8,DD-120;MW-310;MW-320,standby_section_factor;rig_services_index;record_signatories;report_vocabulary,standby_section_factor=APPLY;rig_services_index=NOT_APPLIED;record_signatories=FORM_SIGNATORIES_REQUIRED;report_vocabulary=CODES_REQUIRED,,
MDS-00359,0,query,conditional,,,5565296,,5565296,5565296,medium,0.75,entitlement_unverified:AMB-13,0,4,DD-120;MW-310;MW-320;PD-201,rig_services_index;report_vocabulary,rig_services_index=NOT_APPLIED;report_vocabulary=CODES_REQUIRED,,
MDS-00360,0,query,conditional,,,5698313,,5698313,5698313,medium,0.75,entitlement_unverified:AMB-13,0,4,DD-120;MW-310;MW-320;PD-201,rig_services_index;report_vocabulary,rig_services_index=NOT_APPLIED;report_vocabulary=CODES_REQUIRED,,
MDS-00361,0,query,conditional,,,7751439,,7751439,7751439,medium,0.75,entitlement_unverified:AMB-13,0,3,MW-310,standby_section_factor;rig_services_index;report_vocabulary,standby_section_factor=APPLY;rig_services_index=NOT_APPLIED;report_vocabulary=CODES_REQUIRED,,
MDS-00362,0,query,conditional,,,14486630,,14486630,14486630,medium,0.75,entitlement_unverified:AMB-13,0,22,DD-120;LW-410;LW-411;LW-412;LW-413;MW-310;MW-320,appendix_g_reading;metre_source;rig_services_index;record_signatories;report_vocabulary,appendix_g_reading=LWD_ROWS_SHIFTED;metre_source=PART_B_RUN_METRES;rig_services_index=NOT_APPLIED;record_signatories=FORM_SIGNATORIES_REQUIRED;report_vocabulary=CODES_REQUIRED,,
MDS-00363,0,query,conditional,,,14173081,,14173081,14173081,medium,0.75,entitlement_unverified:AMB-13,0,13,DD-120;MW-310;MW-320;PD-201;PD-210,metre_source;rig_services_index;volume_tier_scope;record_signatories;report_vocabulary,metre_source=PART_B_RUN_METRES;rig_services_index=NOT_APPLIED;volume_tier_scope=CONTRACT_WIDE;record_signatories=FORM_SIGNATORIES_REQUIRED;report_vocabulary=CODES_REQUIRED,,
MDS-00364,0,query,conditional,,,24509740,,24509740,24509740,medium,0.75,entitlement_unverified:AMB-13,0,26,DD-120;MW-310;MW-320;PD-201;PD-210,metre_source;pd210_class_factor;rig_services_index;volume_tier_scope;record_signatories;report_vocabulary,metre_source=PART_B_RUN_METRES;pd210_class_factor=APPLY;rig_services_index=NOT_APPLIED;volume_tier_scope=CONTRACT_WIDE;record_signatories=FORM_SIGNATORIES_REQUIRED;report_vocabulary=CODES_REQUIRED,,
MDS-00365,1,part-reject,conditional,rate_mismatch,rate_mismatch,14192324,,14067191,14067191,high,0.95,entitlement_unverified:AMB-13,1,6,MW-310,standby_section_factor;rig_services_index;record_signatories;report_vocabulary,,,
MDS-00366,0,query,conditional,,,12169218,,12169218,12169218,medium,0.75,entitlement_unverified:AMB-13,0,13,DD-120;MW-310;MW-320,rig_services_index;record_signatories;report_vocabulary,rig_services_index=NOT_APPLIED;record_signatories=FORM_SIGNATORIES_REQUIRED;report_vocabulary=CODES_REQUIRED,,
MDS-00367,0,query,conditional,,,5470450,,5470450,5470450,medium,0.75,entitlement_unverified:AMB-13,0,6,LW-410;MW-310,appendix_g_reading;metre_source;rig_services_index;record_signatories;report_vocabulary,appendix_g_reading=LWD_ROWS_SHIFTED;metre_source=PART_B_RUN_METRES;rig_services_index=NOT_APPLIED;record_signatories=FORM_SIGNATORIES_REQUIRED;report_vocabulary=CODES_REQUIRED,,
MDS-00368,0,query,conditional,,,15372949,,15372949,15372949,medium,0.75,entitlement_unverified:AMB-13,0,25,DD-120;LW-410;LW-411;LW-412;MW-310;MW-320;PD-201;PD-210,appendix_g_reading;rig_services_index;volume_tier_scope;record_signatories;report_vocabulary,appendix_g_reading=LWD_ROWS_SHIFTED;rig_services_index=NOT_APPLIED;volume_tier_scope=CONTRACT_WIDE;record_signatories=FORM_SIGNATORIES_REQUIRED;report_vocabulary=CODES_REQUIRED,,
MDS-00369,0,query,conditional,,,5763976,,5763976,5763976,medium,0.75,entitlement_unverified:AMB-13,0,3,MW-310,rig_services_index;record_signatories;report_vocabulary,rig_services_index=NOT_APPLIED;record_signatories=FORM_SIGNATORIES_REQUIRED;report_vocabulary=CODES_REQUIRED,,
MDS-00370,0,query,conditional,,,14243955,,14243955,14243955,medium,0.75,entitlement_unverified:AMB-13,0,6,MW-310,rig_services_index;record_signatories;report_vocabulary,rig_services_index=NOT_APPLIED;record_signatories=FORM_SIGNATORIES_REQUIRED;report_vocabulary=CODES_REQUIRED,,
MDS-00371,0,query,conditional,,,15856690,,15856690,15856690,medium,0.75,entitlement_unverified:AMB-13,0,22,DD-120;LW-410;LW-411;LW-412;MW-310;MW-320;PD-201;PD-210,appendix_g_reading;rig_services_index;volume_tier_scope;record_signatories;report_vocabulary,appendix_g_reading=LWD_ROWS_SHIFTED;rig_services_index=NOT_APPLIED;volume_tier_scope=CONTRACT_WIDE;record_signatories=FORM_SIGNATORIES_REQUIRED;report_vocabulary=CODES_REQUIRED,,
MDS-00372,0,query,conditional,,,7198273,,7198273,7198273,medium,0.75,entitlement_unverified:AMB-13,0,7,LW-410;MW-310,appendix_g_reading;metre_source;standby_section_factor;rig_services_index;record_signatories;report_vocabulary,appendix_g_reading=LWD_ROWS_SHIFTED;metre_source=PART_B_RUN_METRES;standby_section_factor=APPLY;rig_services_index=NOT_APPLIED;record_signatories=FORM_SIGNATORIES_REQUIRED;report_vocabulary=CODES_REQUIRED,,
MDS-00373,0,query,conditional,,,8372866,,8372866,8372866,medium,0.75,entitlement_unverified:AMB-13,0,18,DD-120;LW-410;LW-411;LW-412;MW-310;MW-320,appendix_g_reading;metre_source;rig_services_index;record_signatories;report_vocabulary,appendix_g_reading=LWD_ROWS_SHIFTED;metre_source=PART_B_RUN_METRES;rig_services_index=NOT_APPLIED;record_signatories=FORM_SIGNATORIES_REQUIRED;report_vocabulary=CODES_REQUIRED,,
MDS-00374,0,query,conditional,,,11779173,,11779173,11779173,medium,0.75,entitlement_unverified:AMB-13,0,4,MW-310,rig_services_index;record_signatories;report_vocabulary,rig_services_index=NOT_APPLIED;record_signatories=FORM_SIGNATORIES_REQUIRED;report_vocabulary=CODES_REQUIRED,,
MDS-00375,0,query,conditional,,,10947740,,10947740,10947740,medium,0.75,entitlement_unverified:AMB-13,0,7,LW-410;MW-310,appendix_g_reading;metre_source;rig_services_index;record_signatories;report_vocabulary,appendix_g_reading=LWD_ROWS_SHIFTED;metre_source=PART_B_RUN_METRES;rig_services_index=NOT_APPLIED;record_signatories=FORM_SIGNATORIES_REQUIRED;report_vocabulary=CODES_REQUIRED,,
MDS-00376,0,query,conditional,,,24722230,,24722230,24722230,medium,0.75,entitlement_unverified:AMB-13,0,29,DD-120;MW-310;MW-320;PD-201;PD-210,metre_source;rig_services_index;volume_tier_scope;record_signatories;report_vocabulary,metre_source=PART_B_RUN_METRES;rig_services_index=NOT_APPLIED;volume_tier_scope=CONTRACT_WIDE;record_signatories=FORM_SIGNATORIES_REQUIRED;report_vocabulary=CODES_REQUIRED,,
MDS-00377,0,query,conditional,,,6628737,,6628737,6628737,medium,0.75,entitlement_unverified:AMB-13,0,8,DD-120;MW-310;MW-320,rig_services_index;report_vocabulary,rig_services_index=NOT_APPLIED;report_vocabulary=CODES_REQUIRED,,
MDS-00378,0,query,conditional,,,5456874,,5456874,5456874,medium,0.75,entitlement_unverified:AMB-13,0,3,MW-310,rig_services_index;record_signatories;report_vocabulary,rig_services_index=NOT_APPLIED;record_signatories=FORM_SIGNATORIES_REQUIRED;report_vocabulary=CODES_REQUIRED,,
MDS-00379,0,query,conditional,,,12337621,,12337621,12337621,medium,0.75,entitlement_unverified:AMB-13,0,16,DD-120;LW-410;LW-411;MW-310;MW-320;PD-201;PD-210,appendix_g_reading;metre_source;pd210_class_factor;rig_services_index;volume_tier_scope;record_signatories;report_vocabulary,appendix_g_reading=LWD_ROWS_SHIFTED;metre_source=PART_B_RUN_METRES;pd210_class_factor=APPLY;rig_services_index=NOT_APPLIED;volume_tier_scope=CONTRACT_WIDE;record_signatories=FORM_SIGNATORIES_REQUIRED;report_vocabulary=CODES_REQUIRED,,
MDS-00380,0,query,conditional,,,28240245,,28240245,28240245,medium,0.75,entitlement_unverified:AMB-13,0,51,DD-120;LW-410;LW-411;LW-412;LW-413;MW-310;MW-320;PD-201;PD-210,appendix_g_reading;metre_source;rig_services_index;volume_tier_scope;record_signatories;report_vocabulary,appendix_g_reading=LWD_ROWS_SHIFTED;metre_source=PART_B_RUN_METRES;rig_services_index=NOT_APPLIED;volume_tier_scope=CONTRACT_WIDE;record_signatories=FORM_SIGNATORIES_REQUIRED;report_vocabulary=CODES_REQUIRED,,
MDS-00381,0,query,conditional,,,13779148,,13779148,13779148,medium,0.75,entitlement_unverified:AMB-13,0,18,DD-120;LW-410;LW-411;LW-412;MW-310;MW-320,appendix_g_reading;rig_services_index;record_signatories;report_vocabulary,appendix_g_reading=LWD_ROWS_SHIFTED;rig_services_index=NOT_APPLIED;record_signatories=FORM_SIGNATORIES_REQUIRED;report_vocabulary=CODES_REQUIRED,,
MDS-00382,0,query,conditional,,,6817853,,6817853,6817853,medium,0.75,entitlement_unverified:AMB-13,0,4,MW-310,standby_section_factor;rig_services_index;record_signatories;report_vocabulary,standby_section_factor=APPLY;rig_services_index=NOT_APPLIED;record_signatories=FORM_SIGNATORIES_REQUIRED;report_vocabulary=CODES_REQUIRED,,
MDS-00383,0,query,conditional,,,72061816,,72061816,72061816,medium,0.75,entitlement_unverified:AMB-13,0,30,DD-120;LW-410;LW-411;LW-412;MW-310;MW-320;PD-201;PD-210,appendix_g_reading;metre_source;rig_services_index;volume_tier_scope;lih_replacement_value;record_signatories;report_vocabulary,appendix_g_reading=LWD_ROWS_SHIFTED;metre_source=PART_B_RUN_METRES;rig_services_index=NOT_APPLIED;volume_tier_scope=CONTRACT_WIDE;lih_replacement_value=SCHEDULE_6_USD;record_signatories=FORM_SIGNATORIES_REQUIRED;report_vocabulary=CODES_REQUIRED,,
MDS-00384,0,query,conditional,,,16452519,,16452519,16452519,medium,0.75,entitlement_unverified:AMB-13,0,33,DD-120;LW-410;LW-411;LW-412;LW-413;MW-310;MW-320,appendix_g_reading;metre_source;standby_section_factor;rig_services_index;record_signatories;report_vocabulary,appendix_g_reading=LWD_ROWS_SHIFTED;metre_source=PART_B_RUN_METRES;standby_section_factor=APPLY;rig_services_index=NOT_APPLIED;record_signatories=FORM_SIGNATORIES_REQUIRED;report_vocabulary=CODES_REQUIRED,,
MDS-00385,0,query,conditional,,,14752841,,14752841,14752841,medium,0.75,entitlement_unverified:AMB-13,0,18,DD-120;LW-410;LW-411;LW-412;MW-310;MW-320,appendix_g_reading;rig_services_index;record_signatories;report_vocabulary,appendix_g_reading=LWD_ROWS_SHIFTED;rig_services_index=NOT_APPLIED;record_signatories=FORM_SIGNATORIES_REQUIRED;report_vocabulary=CODES_REQUIRED,,
MDS-00386,0,query,conditional,,,10074854,,10074854,10074854,medium,0.75,entitlement_unverified:AMB-13,0,7,LW-410;MW-310,appendix_g_reading;metre_source;rig_services_index;record_signatories;report_vocabulary,appendix_g_reading=LWD_ROWS_SHIFTED;metre_source=PART_B_RUN_METRES;rig_services_index=NOT_APPLIED;record_signatories=FORM_SIGNATORIES_REQUIRED;report_vocabulary=CODES_REQUIRED,,
MDS-00387,0,query,conditional,,,13512728,,13512728,13512728,medium,0.75,entitlement_unverified:AMB-13,0,13,DD-120;MW-310;MW-320;PD-201;PD-210,rig_services_index;volume_tier_scope;record_signatories;report_vocabulary,rig_services_index=NOT_APPLIED;volume_tier_scope=CONTRACT_WIDE;record_signatories=FORM_SIGNATORIES_REQUIRED;report_vocabulary=CODES_REQUIRED,,
MDS-00388,1,part-reject,conditional,index_misapplied,index_misapplied,10671577,,10671266,10671266,high,0.95,entitlement_unverified:AMB-13,1,6,MW-310,rig_services_index;record_signatories;report_vocabulary,,,
MDS-00389,0,query,conditional,,,25553538,,25553538,25553538,medium,0.75,entitlement_unverified:AMB-13,0,42,DD-120;LW-410;LW-411;MW-310;MW-320;PD-201;PD-210,appendix_g_reading;metre_source;pd210_class_factor;rig_services_index;volume_tier_scope;record_signatories;report_vocabulary,appendix_g_reading=LWD_ROWS_SHIFTED;metre_source=PART_B_RUN_METRES;pd210_class_factor=APPLY;rig_services_index=NOT_APPLIED;volume_tier_scope=CONTRACT_WIDE;record_signatories=FORM_SIGNATORIES_REQUIRED;report_vocabulary=CODES_REQUIRED,,
MDS-00390,0,query,conditional,,,10242751,,10242751,10242751,medium,0.75,entitlement_unverified:AMB-13,0,6,MW-310,standby_section_factor;rig_services_index;record_signatories;report_vocabulary,standby_section_factor=APPLY;rig_services_index=NOT_APPLIED;record_signatories=FORM_SIGNATORIES_REQUIRED;report_vocabulary=CODES_REQUIRED,,
MDS-00391,0,query,conditional,,,12371992,,12371992,12371992,medium,0.75,entitlement_unverified:AMB-13,0,5,MW-310,standby_section_factor;rig_services_index;record_signatories;report_vocabulary,standby_section_factor=APPLY;rig_services_index=NOT_APPLIED;record_signatories=FORM_SIGNATORIES_REQUIRED;report_vocabulary=CODES_REQUIRED,,
MDS-00392,0,query,conditional,,,11731104,,11731104,11731104,medium,0.75,entitlement_unverified:AMB-13,0,14,DD-120;MW-310;MW-320;PD-201;PD-210,metre_source;rig_services_index;volume_tier_scope;record_signatories;report_vocabulary,metre_source=PART_B_RUN_METRES;rig_services_index=NOT_APPLIED;volume_tier_scope=CONTRACT_WIDE;record_signatories=FORM_SIGNATORIES_REQUIRED;report_vocabulary=CODES_REQUIRED,,
MDS-00393,0,query,conditional,,,10810371,,10810371,10810371,medium,0.75,entitlement_unverified:AMB-13,0,8,DD-120;MW-310;MW-320;PD-201;PD-210,rig_services_index;volume_tier_scope;record_signatories;report_vocabulary,rig_services_index=NOT_APPLIED;volume_tier_scope=CONTRACT_WIDE;record_signatories=FORM_SIGNATORIES_REQUIRED;report_vocabulary=CODES_REQUIRED,,
MDS-00394,0,query,conditional,,,24280656,,24280656,24280656,medium,0.75,entitlement_unverified:AMB-13,0,38,DD-120;LW-410;LW-411;LW-412;LW-413;MW-310;MW-320,appendix_g_reading;metre_source;rig_services_index;record_signatories;report_vocabulary,appendix_g_reading=LWD_ROWS_SHIFTED;metre_source=PART_B_RUN_METRES;rig_services_index=NOT_APPLIED;record_signatories=FORM_SIGNATORIES_REQUIRED;report_vocabulary=CODES_REQUIRED,,
MDS-00395,0,query,conditional,,,27406398,,27406398,27406398,medium,0.75,entitlement_unverified:AMB-13,0,50,DD-120;LW-410;LW-411;LW-412;LW-413;MW-310;MW-320;PD-201;PD-210,appendix_g_reading;metre_source;rig_services_index;volume_tier_scope;record_signatories;report_vocabulary,appendix_g_reading=LWD_ROWS_SHIFTED;metre_source=PART_B_RUN_METRES;rig_services_index=NOT_APPLIED;volume_tier_scope=CONTRACT_WIDE;record_signatories=FORM_SIGNATORIES_REQUIRED;report_vocabulary=CODES_REQUIRED,,
MDS-00396,0,query,conditional,,,8574518,,8574518,8574518,medium,0.75,entitlement_unverified:AMB-13,0,10,LW-410;MW-310,appendix_g_reading;metre_source;rig_services_index;record_signatories;report_vocabulary,appendix_g_reading=LWD_ROWS_SHIFTED;metre_source=PART_B_RUN_METRES;rig_services_index=NOT_APPLIED;record_signatories=FORM_SIGNATORIES_REQUIRED;report_vocabulary=CODES_REQUIRED,,
MDS-00397,0,query,conditional,,,8370853,,8370853,8370853,medium,0.75,entitlement_unverified:AMB-13,0,14,DD-120;LW-410;LW-411;LW-412;MW-310;MW-320,appendix_g_reading;metre_source;standby_section_factor;rig_services_index;record_signatories;report_vocabulary,appendix_g_reading=LWD_ROWS_SHIFTED;metre_source=PART_B_RUN_METRES;standby_section_factor=APPLY;rig_services_index=NOT_APPLIED;record_signatories=FORM_SIGNATORIES_REQUIRED;report_vocabulary=CODES_REQUIRED,,
MDS-00398,1,part-reject,conditional,index_misapplied,index_misapplied,11232982,,11232671,11232671,high,0.95,entitlement_unverified:AMB-13,1,15,DD-120;MW-310;MW-320;PD-201;PD-210,rig_services_index;volume_tier_scope;report_vocabulary,,,
MDS-00399,0,query,conditional,,,15851750,,15851750,15851750,medium,0.75,entitlement_unverified:AMB-13,0,33,DD-120;LW-410;LW-411;LW-412;LW-413;MW-310;MW-320,appendix_g_reading;metre_source;standby_section_factor;rig_services_index;record_signatories;report_vocabulary,appendix_g_reading=LWD_ROWS_SHIFTED;metre_source=PART_B_RUN_METRES;standby_section_factor=APPLY;rig_services_index=NOT_APPLIED;record_signatories=FORM_SIGNATORIES_REQUIRED;report_vocabulary=CODES_REQUIRED,,
MDS-00400,0,query,conditional,,,18185844,,18185844,18185844,medium,0.75,entitlement_unverified:AMB-13,0,29,DD-120;LW-410;LW-411;LW-413;MW-310;MW-320;PD-201;PD-210,appendix_g_reading;metre_source;rig_services_index;volume_tier_scope;record_signatories;report_vocabulary,appendix_g_reading=LWD_ROWS_SHIFTED;metre_source=PART_B_RUN_METRES;rig_services_index=NOT_APPLIED;volume_tier_scope=CONTRACT_WIDE;record_signatories=FORM_SIGNATORIES_REQUIRED;report_vocabulary=CODES_REQUIRED,,
MDS-00401,0,query,conditional,,,19146480,,19146480,19146480,medium,0.75,entitlement_unverified:AMB-13,0,16,DD-120;MW-310;MW-320,metre_source;rig_services_index;record_signatories;report_vocabulary,metre_source=PART_B_RUN_METRES;rig_services_index=NOT_APPLIED;record_signatories=FORM_SIGNATORIES_REQUIRED;report_vocabulary=CODES_REQUIRED,,
MDS-00402,0,query,conditional,,,13022628,,13022628,13022628,medium,0.75,entitlement_unverified:AMB-13,0,21,DD-120;LW-410;LW-411;MW-310;MW-320;PD-201;PD-210,appendix_g_reading;metre_source;pd210_class_factor;rig_services_index;volume_tier_scope;record_signatories;report_vocabulary,appendix_g_reading=LWD_ROWS_SHIFTED;metre_source=PART_B_RUN_METRES;pd210_class_factor=APPLY;rig_services_index=NOT_APPLIED;volume_tier_scope=CONTRACT_WIDE;record_signatories=FORM_SIGNATORIES_REQUIRED;report_vocabulary=CODES_REQUIRED,,
MDS-00403,0,query,conditional,,,10069827,,10069827,10069827,medium,0.75,entitlement_unverified:AMB-13,0,6,MW-310,rig_services_index;record_signatories;report_vocabulary,rig_services_index=NOT_APPLIED;record_signatories=FORM_SIGNATORIES_REQUIRED;report_vocabulary=CODES_REQUIRED,,
MDS-00404,0,query,conditional,,,9790968,,9790968,9790968,medium,0.75,entitlement_unverified:AMB-13,0,9,DD-120;MW-310;MW-320,metre_source;rig_services_index;record_signatories;report_vocabulary,metre_source=PART_B_RUN_METRES;rig_services_index=NOT_APPLIED;record_signatories=FORM_SIGNATORIES_REQUIRED;report_vocabulary=CODES_REQUIRED,,
MDS-00405,0,query,conditional,,,13501362,,13501362,13501362,medium,0.75,entitlement_unverified:AMB-13,0,5,MW-310,rig_services_index;record_signatories;report_vocabulary,rig_services_index=NOT_APPLIED;record_signatories=FORM_SIGNATORIES_REQUIRED;report_vocabulary=CODES_REQUIRED,,
MDS-00406,1,part-reject,conditional,line_arithmetic,line_arithmetic,21348475,,21352385,21352385,high,0.95,entitlement_unverified:AMB-13,1,24,DD-120;MW-310;MW-320;PD-201;PD-210,metre_source;rig_services_index;volume_tier_scope;record_signatories;report_vocabulary,,,
MDS-00407,0,query,conditional,,,10448679,,10448679,10448679,medium,0.75,entitlement_unverified:AMB-13,0,18,DD-120;LW-410;LW-411;LW-412;MW-310;MW-320,appendix_g_reading;metre_source;rig_services_index;record_signatories;report_vocabulary,appendix_g_reading=LWD_ROWS_SHIFTED;metre_source=PART_B_RUN_METRES;rig_services_index=NOT_APPLIED;record_signatories=FORM_SIGNATORIES_REQUIRED;report_vocabulary=CODES_REQUIRED,,
MDS-00408,0,query,conditional,,,15807888,,15807888,15807888,medium,0.75,entitlement_unverified:AMB-13,0,20,DD-120;MW-310;MW-320;PD-201;PD-210,rig_services_index;volume_tier_scope;report_vocabulary,rig_services_index=NOT_APPLIED;volume_tier_scope=CONTRACT_WIDE;report_vocabulary=CODES_REQUIRED,,
MDS-00409,0,query,conditional,,,6636329,,6636329,6636329,medium,0.75,entitlement_unverified:AMB-13,0,3,LW-410;MW-310,appendix_g_reading;metre_source;rig_services_index;record_signatories;report_vocabulary,appendix_g_reading=LWD_ROWS_SHIFTED;metre_source=PART_B_RUN_METRES;rig_services_index=NOT_APPLIED;record_signatories=FORM_SIGNATORIES_REQUIRED;report_vocabulary=CODES_REQUIRED,,
MDS-00410,0,query,conditional,,,15378161,,15378161,15378161,medium,0.75,entitlement_unverified:AMB-13,0,30,DD-120;LW-410;LW-411;LW-412;MW-310;MW-320,appendix_g_reading;metre_source;rig_services_index;record_signatories;report_vocabulary,appendix_g_reading=LWD_ROWS_SHIFTED;metre_source=PART_B_RUN_METRES;rig_services_index=NOT_APPLIED;record_signatories=FORM_SIGNATORIES_REQUIRED;report_vocabulary=CODES_REQUIRED,,
MDS-00411,0,query,conditional,,,12881022,,12881022,12881022,medium,0.75,entitlement_unverified:AMB-13,0,22,DD-120;LW-410;LW-411;MW-310;MW-320;PD-201;PD-210,appendix_g_reading;metre_source;pd210_class_factor;rig_services_index;volume_tier_scope;record_signatories;report_vocabulary,appendix_g_reading=LWD_ROWS_SHIFTED;metre_source=PART_B_RUN_METRES;pd210_class_factor=APPLY;rig_services_index=NOT_APPLIED;volume_tier_scope=CONTRACT_WIDE;record_signatories=FORM_SIGNATORIES_REQUIRED;report_vocabulary=CODES_REQUIRED,,
MDS-00412,0,query,conditional,,,13585732,,13585732,13585732,medium,0.75,entitlement_unverified:AMB-13,0,24,DD-120;LW-410;LW-411;MW-310;MW-320;PD-201;PD-210,appendix_g_reading;metre_source;standby_section_factor;rig_services_index;volume_tier_scope;record_signatories;report_vocabulary,appendix_g_reading=LWD_ROWS_SHIFTED;metre_source=PART_B_RUN_METRES;standby_section_factor=APPLY;rig_services_index=NOT_APPLIED;volume_tier_scope=CONTRACT_WIDE;record_signatories=FORM_SIGNATORIES_REQUIRED;report_vocabulary=CODES_REQUIRED,,
MDS-00413,0,query,conditional,,,5675665,,5675665,5675665,medium,0.75,entitlement_unverified:AMB-13,0,4,DD-120;MW-310;MW-320;PD-201,rig_services_index;report_vocabulary,rig_services_index=NOT_APPLIED;report_vocabulary=CODES_REQUIRED,,
MDS-00414,0,query,conditional,,,16750790,,16750790,16750790,medium,0.75,entitlement_unverified:AMB-13,0,15,DD-120;MW-310;MW-320,metre_source;rig_services_index;record_signatories;report_vocabulary,metre_source=PART_B_RUN_METRES;rig_services_index=NOT_APPLIED;record_signatories=FORM_SIGNATORIES_REQUIRED;report_vocabulary=CODES_REQUIRED,,
MDS-00415,0,query,conditional,,,19893698,,19893698,19893698,medium,0.75,entitlement_unverified:AMB-13,0,32,DD-120;LW-410;LW-411;LW-412;LW-413;MW-310;MW-320,appendix_g_reading;metre_source;rig_services_index;record_signatories;report_vocabulary,appendix_g_reading=LWD_ROWS_SHIFTED;metre_source=PART_B_RUN_METRES;rig_services_index=NOT_APPLIED;record_signatories=FORM_SIGNATORIES_REQUIRED;report_vocabulary=CODES_REQUIRED,,
MDS-00416,0,query,conditional,,,13723462,,13723462,13723462,medium,0.75,entitlement_unverified:AMB-13,0,21,DD-120;LW-410;LW-411;LW-412;MW-310;MW-320,appendix_g_reading;metre_source;rig_services_index;record_signatories;report_vocabulary,appendix_g_reading=LWD_ROWS_SHIFTED;metre_source=PART_B_RUN_METRES;rig_services_index=NOT_APPLIED;record_signatories=FORM_SIGNATORIES_REQUIRED;report_vocabulary=CODES_REQUIRED,,
MDS-00417,0,query,conditional,,,10074733,,10074733,10074733,medium,0.75,entitlement_unverified:AMB-13,0,5,MW-310,rig_services_index;record_signatories;report_vocabulary,rig_services_index=NOT_APPLIED;record_signatories=FORM_SIGNATORIES_REQUIRED;report_vocabulary=CODES_REQUIRED,,
MDS-00418,0,query,conditional,,,8794351,,8794351,8794351,medium,0.75,entitlement_unverified:AMB-13,0,11,DD-120;MW-310;MW-320;PD-201;PD-210,metre_source;rig_services_index;volume_tier_scope;record_signatories;report_vocabulary,metre_source=PART_B_RUN_METRES;rig_services_index=NOT_APPLIED;volume_tier_scope=CONTRACT_WIDE;record_signatories=FORM_SIGNATORIES_REQUIRED;report_vocabulary=CODES_REQUIRED,,
MDS-00419,0,query,conditional,,,23571716,,23571716,23571716,medium,0.75,entitlement_unverified:AMB-13,0,39,DD-120;LW-410;LW-411;MW-310;MW-320;PD-201;PD-210,appendix_g_reading;metre_source;rig_services_index;volume_tier_scope;record_signatories;report_vocabulary,appendix_g_reading=LWD_ROWS_SHIFTED;metre_source=PART_B_RUN_METRES;rig_services_index=NOT_APPLIED;volume_tier_scope=CONTRACT_WIDE;record_signatories=FORM_SIGNATORIES_REQUIRED;report_vocabulary=CODES_REQUIRED,,
MDS-00420,0,query,conditional,,,14534438,,14534438,14534438,medium,0.75,entitlement_unverified:AMB-13,0,14,DD-120;MW-310;MW-320,metre_source;rig_services_index;record_signatories;report_vocabulary,metre_source=PART_B_RUN_METRES;rig_services_index=NOT_APPLIED;record_signatories=FORM_SIGNATORIES_REQUIRED;report_vocabulary=CODES_REQUIRED,,
MDS-00421,0,query,conditional,,,16287448,,16287448,16287448,medium,0.75,entitlement_unverified:AMB-13,0,28,DD-120;LW-410;LW-411;MW-310;MW-320;PD-201;PD-210,appendix_g_reading;metre_source;pd210_class_factor;rig_services_index;volume_tier_scope;record_signatories;report_vocabulary,appendix_g_reading=LWD_ROWS_SHIFTED;metre_source=PART_B_RUN_METRES;pd210_class_factor=APPLY;rig_services_index=NOT_APPLIED;volume_tier_scope=CONTRACT_WIDE;record_signatories=FORM_SIGNATORIES_REQUIRED;report_vocabulary=CODES_REQUIRED,,
MDS-00422,0,query,conditional,,,10350289,,10350289,10350289,medium,0.75,entitlement_unverified:AMB-13,0,11,DD-120;MW-310;MW-320,rig_services_index;record_signatories;report_vocabulary,rig_services_index=NOT_APPLIED;record_signatories=FORM_SIGNATORIES_REQUIRED;report_vocabulary=CODES_REQUIRED,,
MDS-00423,0,query,conditional,,,14881813,,14881813,14881813,medium,0.75,entitlement_unverified:AMB-13,0,6,MW-310,standby_section_factor;rig_services_index;record_signatories;report_vocabulary,standby_section_factor=APPLY;rig_services_index=NOT_APPLIED;record_signatories=FORM_SIGNATORIES_REQUIRED;report_vocabulary=CODES_REQUIRED,,
MDS-00424,0,query,conditional,,,14548061,,14548061,14548061,medium,0.75,entitlement_unverified:AMB-13,0,25,DD-120;LW-410;LW-411;MW-310;MW-320;PD-201;PD-210,appendix_g_reading;metre_source;standby_section_factor;rig_services_index;volume_tier_scope;record_signatories;report_vocabulary,appendix_g_reading=LWD_ROWS_SHIFTED;metre_source=PART_B_RUN_METRES;standby_section_factor=APPLY;rig_services_index=NOT_APPLIED;volume_tier_scope=CONTRACT_WIDE;record_signatories=FORM_SIGNATORIES_REQUIRED;report_vocabulary=CODES_REQUIRED,,
MDS-00425,0,query,conditional,,,54178125,,54178125,54178125,medium,0.75,entitlement_unverified:AMB-13,0,32,DD-120;LW-410;LW-411;LW-412;LW-413;MW-310;MW-320,appendix_g_reading;metre_source;rig_services_index;lih_replacement_value;record_signatories;report_vocabulary,appendix_g_reading=LWD_ROWS_SHIFTED;metre_source=PART_B_RUN_METRES;rig_services_index=NOT_APPLIED;lih_replacement_value=SCHEDULE_6_USD;record_signatories=FORM_SIGNATORIES_REQUIRED;report_vocabulary=CODES_REQUIRED,,
MDS-00426,0,query,conditional,,,15499530,,15499530,15499530,medium,0.75,entitlement_unverified:AMB-13,0,6,MW-310,rig_services_index;record_signatories;report_vocabulary,rig_services_index=NOT_APPLIED;record_signatories=FORM_SIGNATORIES_REQUIRED;report_vocabulary=CODES_REQUIRED,,
MDS-00427,0,query,conditional,,,18380532,,18380532,18380532,medium,0.75,entitlement_unverified:AMB-13,0,33,DD-120;LW-410;LW-411;LW-412;MW-310;MW-320,appendix_g_reading;metre_source;rig_services_index;record_signatories;report_vocabulary,appendix_g_reading=LWD_ROWS_SHIFTED;metre_source=PART_B_RUN_METRES;rig_services_index=NOT_APPLIED;record_signatories=FORM_SIGNATORIES_REQUIRED;report_vocabulary=CODES_REQUIRED,,
MDS-00428,0,query,conditional,,,14630615,,14630615,14630615,medium,0.75,entitlement_unverified:AMB-13,0,15,DD-120;MW-310;MW-320;PD-201;PD-210,metre_source;rig_services_index;volume_tier_scope;record_signatories;report_vocabulary,metre_source=PART_B_RUN_METRES;rig_services_index=NOT_APPLIED;volume_tier_scope=CONTRACT_WIDE;record_signatories=FORM_SIGNATORIES_REQUIRED;report_vocabulary=CODES_REQUIRED,,
MDS-00429,0,query,conditional,,,47530103,,47530103,47530103,medium,0.75,entitlement_unverified:AMB-13,0,18,DD-120;LW-410;LW-411;LW-412;LW-413;MW-310;MW-320,appendix_g_reading;metre_source;rig_services_index;lih_replacement_value;record_signatories;report_vocabulary,appendix_g_reading=LWD_ROWS_SHIFTED;metre_source=PART_B_RUN_METRES;rig_services_index=NOT_APPLIED;lih_replacement_value=SCHEDULE_6_USD;record_signatories=FORM_SIGNATORIES_REQUIRED;report_vocabulary=CODES_REQUIRED,,
MDS-00430,0,query,conditional,,,5930950,,5930950,5930950,medium,0.75,entitlement_unverified:AMB-13,0,4,DD-120;MW-310;MW-320;PD-201,rig_services_index;report_vocabulary,rig_services_index=NOT_APPLIED;report_vocabulary=CODES_REQUIRED,,
MDS-00431,0,query,conditional,,,18448737,,18448737,18448737,medium,0.75,entitlement_unverified:AMB-13,0,25,DD-120;MW-310;MW-320;PD-201;PD-210,rig_services_index;volume_tier_scope;report_vocabulary,rig_services_index=NOT_APPLIED;volume_tier_scope=CONTRACT_WIDE;report_vocabulary=CODES_REQUIRED,,
MDS-00432,0,query,conditional,,,10154585,,10154585,10154585,medium,0.75,entitlement_unverified:AMB-13,0,11,LW-410;MW-310,appendix_g_reading;metre_source;standby_section_factor;rig_services_index;record_signatories;report_vocabulary,appendix_g_reading=LWD_ROWS_SHIFTED;metre_source=PART_B_RUN_METRES;standby_section_factor=APPLY;rig_services_index=NOT_APPLIED;record_signatories=FORM_SIGNATORIES_REQUIRED;report_vocabulary=CODES_REQUIRED,,
MDS-00433,0,query,conditional,,,9134127,,9134127,9134127,medium,0.75,entitlement_unverified:AMB-13,0,9,DD-120;MW-310;MW-320,metre_source;rig_services_index;record_signatories;report_vocabulary,metre_source=PART_B_RUN_METRES;rig_services_index=NOT_APPLIED;record_signatories=FORM_SIGNATORIES_REQUIRED;report_vocabulary=CODES_REQUIRED,,
MDS-00434,0,query,conditional,,,10227665,,10227665,10227665,medium,0.75,entitlement_unverified:AMB-13,0,12,DD-120;LW-410;MW-310;MW-320;PD-201,appendix_g_reading;metre_source;rig_services_index;record_signatories;report_vocabulary,appendix_g_reading=LWD_ROWS_SHIFTED;metre_source=PART_B_RUN_METRES;rig_services_index=NOT_APPLIED;record_signatories=FORM_SIGNATORIES_REQUIRED;report_vocabulary=CODES_REQUIRED,,
MDS-00435,0,query,conditional,,,13457221,,13457221,13457221,medium,0.75,entitlement_unverified:AMB-13,0,20,DD-120;LW-410;LW-411;LW-412;MW-310;MW-320,appendix_g_reading;rig_services_index;record_signatories;report_vocabulary,appendix_g_reading=LWD_ROWS_SHIFTED;rig_services_index=NOT_APPLIED;record_signatories=FORM_SIGNATORIES_REQUIRED;report_vocabulary=CODES_REQUIRED,,
MDS-00436,0,query,conditional,,,23570712,,23570712,23570712,medium,0.75,entitlement_unverified:AMB-13,0,41,DD-120;LW-410;LW-411;LW-412;MW-310;MW-320;PD-201;PD-210,appendix_g_reading;metre_source;rig_services_index;volume_tier_scope;record_signatories;report_vocabulary,appendix_g_reading=LWD_ROWS_SHIFTED;metre_source=PART_B_RUN_METRES;rig_services_index=NOT_APPLIED;volume_tier_scope=CONTRACT_WIDE;record_signatories=FORM_SIGNATORIES_REQUIRED;report_vocabulary=CODES_REQUIRED,,
MDS-00437,0,query,conditional,,,21189846,,21189846,21189846,medium,0.75,entitlement_unverified:AMB-13,0,32,DD-120;LW-410;LW-411;MW-310;MW-320;PD-201;PD-210,appendix_g_reading;metre_source;rig_services_index;volume_tier_scope;record_signatories;report_vocabulary,appendix_g_reading=LWD_ROWS_SHIFTED;metre_source=PART_B_RUN_METRES;rig_services_index=NOT_APPLIED;volume_tier_scope=CONTRACT_WIDE;record_signatories=FORM_SIGNATORIES_REQUIRED;report_vocabulary=CODES_REQUIRED,,
MDS-00438,0,query,conditional,,,8945200,,8945200,8945200,medium,0.75,entitlement_unverified:AMB-13,0,5,MW-310,rig_services_index;record_signatories;report_vocabulary,rig_services_index=NOT_APPLIED;record_signatories=FORM_SIGNATORIES_REQUIRED;report_vocabulary=CODES_REQUIRED,,
MDS-00439,0,query,conditional,,,5520984,,5520984,5520984,medium,0.75,entitlement_unverified:AMB-13,0,6,LW-410;MW-310,appendix_g_reading;metre_source;rig_services_index;record_signatories;report_vocabulary,appendix_g_reading=LWD_ROWS_SHIFTED;metre_source=PART_B_RUN_METRES;rig_services_index=NOT_APPLIED;record_signatories=FORM_SIGNATORIES_REQUIRED;report_vocabulary=CODES_REQUIRED,,
MDS-00440,0,query,conditional,,,19794614,,19794614,19794614,medium,0.75,entitlement_unverified:AMB-13,0,36,DD-120;LW-410;LW-411;LW-412;MW-310;MW-320,appendix_g_reading;metre_source;rig_services_index;record_signatories;report_vocabulary,appendix_g_reading=LWD_ROWS_SHIFTED;metre_source=PART_B_RUN_METRES;rig_services_index=NOT_APPLIED;record_signatories=FORM_SIGNATORIES_REQUIRED;report_vocabulary=CODES_REQUIRED,,
MDS-00441,0,query,conditional,,,5757252,,5757252,5757252,medium,0.75,entitlement_unverified:AMB-13,0,6,LW-410;MW-310,appendix_g_reading;metre_source;rig_services_index;record_signatories;report_vocabulary,appendix_g_reading=LWD_ROWS_SHIFTED;metre_source=PART_B_RUN_METRES;rig_services_index=NOT_APPLIED;record_signatories=FORM_SIGNATORIES_REQUIRED;report_vocabulary=CODES_REQUIRED,,
MDS-00442,0,query,conditional,,,5060470,,5060470,5060470,medium,0.75,entitlement_unverified:AMB-13,0,3,MW-310,rig_services_index;report_vocabulary,rig_services_index=NOT_APPLIED;report_vocabulary=CODES_REQUIRED,,
MDS-00443,0,query,conditional,,,16192798,,16192798,16192798,medium,0.75,entitlement_unverified:AMB-13,0,30,DD-120;LW-410;LW-411;LW-412;MW-310;MW-320,appendix_g_reading;metre_source;rig_services_index;record_signatories;report_vocabulary,appendix_g_reading=LWD_ROWS_SHIFTED;metre_source=PART_B_RUN_METRES;rig_services_index=NOT_APPLIED;record_signatories=FORM_SIGNATORIES_REQUIRED;report_vocabulary=CODES_REQUIRED,,
MDS-00444,0,query,conditional,,,9866658,,9866658,9866658,medium,0.75,entitlement_unverified:AMB-13,0,3,MW-310,rig_services_index;record_signatories;report_vocabulary,rig_services_index=NOT_APPLIED;record_signatories=FORM_SIGNATORIES_REQUIRED;report_vocabulary=CODES_REQUIRED,,
MDS-00445,0,query,conditional,,,11478477,,11478477,11478477,medium,0.75,entitlement_unverified:AMB-13,0,16,DD-120;MW-310;MW-320;PD-201;PD-210,rig_services_index;volume_tier_scope;report_vocabulary,rig_services_index=NOT_APPLIED;volume_tier_scope=CONTRACT_WIDE;report_vocabulary=CODES_REQUIRED,,
MDS-00446,0,query,conditional,,,8871674,,8871674,8871674,medium,0.75,entitlement_unverified:AMB-13,0,9,LW-410;MW-310,appendix_g_reading;metre_source;standby_section_factor;rig_services_index;record_signatories;report_vocabulary,appendix_g_reading=LWD_ROWS_SHIFTED;metre_source=PART_B_RUN_METRES;standby_section_factor=APPLY;rig_services_index=NOT_APPLIED;record_signatories=FORM_SIGNATORIES_REQUIRED;report_vocabulary=CODES_REQUIRED,,
MDS-00447,0,query,conditional,,,7744060,,7744060,7744060,medium,0.75,entitlement_unverified:AMB-13,0,8,LW-410;MW-310,appendix_g_reading;metre_source;rig_services_index;record_signatories;report_vocabulary,appendix_g_reading=LWD_ROWS_SHIFTED;metre_source=PART_B_RUN_METRES;rig_services_index=NOT_APPLIED;record_signatories=FORM_SIGNATORIES_REQUIRED;report_vocabulary=CODES_REQUIRED,,
MDS-00448,0,query,conditional,,,4937959,,4937959,4937959,medium,0.75,entitlement_unverified:AMB-13,0,1,MW-310,rig_services_index;record_signatories;report_vocabulary,rig_services_index=NOT_APPLIED;record_signatories=FORM_SIGNATORIES_REQUIRED;report_vocabulary=CODES_REQUIRED,,
MDS-00449,0,query,conditional,,,10624798,,10624798,10624798,medium,0.75,entitlement_unverified:AMB-13,0,7,LW-410;MW-310,appendix_g_reading;metre_source;rig_services_index;record_signatories;report_vocabulary,appendix_g_reading=LWD_ROWS_SHIFTED;metre_source=PART_B_RUN_METRES;rig_services_index=NOT_APPLIED;record_signatories=FORM_SIGNATORIES_REQUIRED;report_vocabulary=CODES_REQUIRED,,
MDS-00450,0,query,conditional,,,17328468,,17328468,17328468,medium,0.75,entitlement_unverified:AMB-13,0,16,DD-120;MW-310;MW-320;PD-201;PD-210,metre_source;pd210_class_factor;rig_services_index;volume_tier_scope;record_signatories;report_vocabulary,metre_source=PART_B_RUN_METRES;pd210_class_factor=APPLY;rig_services_index=NOT_APPLIED;volume_tier_scope=CONTRACT_WIDE;record_signatories=FORM_SIGNATORIES_REQUIRED;report_vocabulary=CODES_REQUIRED,,
MDS-00451,0,query,conditional,,,7557135,,7557135,7557135,medium,0.75,entitlement_unverified:AMB-13,0,14,DD-120;LW-410;LW-411;LW-412;MW-310;MW-320,appendix_g_reading;metre_source;standby_section_factor;rig_services_index;record_signatories;report_vocabulary,appendix_g_reading=LWD_ROWS_SHIFTED;metre_source=PART_B_RUN_METRES;standby_section_factor=APPLY;rig_services_index=NOT_APPLIED;record_signatories=FORM_SIGNATORIES_REQUIRED;report_vocabulary=CODES_REQUIRED,,
MDS-00452,0,query,conditional,,,9593573,,9593573,9593573,medium,0.75,entitlement_unverified:AMB-13,0,15,DD-120;LW-410;LW-411;LW-412;MW-310;MW-320;PD-201;PD-210,appendix_g_reading;metre_source;standby_section_factor;rig_services_index;volume_tier_scope;record_signatories;report_vocabulary,appendix_g_reading=LWD_ROWS_SHIFTED;metre_source=PART_B_RUN_METRES;standby_section_factor=APPLY;rig_services_index=NOT_APPLIED;volume_tier_scope=CONTRACT_WIDE;record_signatories=FORM_SIGNATORIES_REQUIRED;report_vocabulary=CODES_REQUIRED,,
MDS-00453,0,query,conditional,,,7750363,,7750363,7750363,medium,0.75,entitlement_unverified:AMB-13,0,4,MW-310,rig_services_index;record_signatories;report_vocabulary,rig_services_index=NOT_APPLIED;record_signatories=FORM_SIGNATORIES_REQUIRED;report_vocabulary=CODES_REQUIRED,,
MDS-00454,0,query,conditional,,,7591216,,7591216,7591216,medium,0.75,entitlement_unverified:AMB-13,0,4,MW-310,rig_services_index;record_signatories;report_vocabulary,rig_services_index=NOT_APPLIED;record_signatories=FORM_SIGNATORIES_REQUIRED;report_vocabulary=CODES_REQUIRED,,
MDS-00455,0,query,conditional,,,12609818,,12609818,12609818,medium,0.75,entitlement_unverified:AMB-13,0,15,DD-120;MW-310;MW-320;PD-201;PD-210,rig_services_index;volume_tier_scope;report_vocabulary,rig_services_index=NOT_APPLIED;volume_tier_scope=CONTRACT_WIDE;report_vocabulary=CODES_REQUIRED,,
MDS-00456,0,query,conditional,,,16692466,,16692466,16692466,medium,0.75,entitlement_unverified:AMB-13,0,29,DD-120;LW-410;LW-411;LW-412;MW-310;MW-320,appendix_g_reading;metre_source;rig_services_index;record_signatories;report_vocabulary,appendix_g_reading=LWD_ROWS_SHIFTED;metre_source=PART_B_RUN_METRES;rig_services_index=NOT_APPLIED;record_signatories=FORM_SIGNATORIES_REQUIRED;report_vocabulary=CODES_REQUIRED,,
MDS-00457,0,query,conditional,,,11475427,,11475427,11475427,medium,0.75,entitlement_unverified:AMB-13,0,15,DD-120;LW-410;LW-411;LW-412;MW-310;MW-320,appendix_g_reading;metre_source;rig_services_index;record_signatories;report_vocabulary,appendix_g_reading=LWD_ROWS_SHIFTED;metre_source=PART_B_RUN_METRES;rig_services_index=NOT_APPLIED;record_signatories=FORM_SIGNATORIES_REQUIRED;report_vocabulary=CODES_REQUIRED,,
MDS-00458,0,query,conditional,,,8300072,,8300072,8300072,medium,0.75,entitlement_unverified:AMB-13,0,3,MW-310,rig_services_index;report_vocabulary,rig_services_index=NOT_APPLIED;report_vocabulary=CODES_REQUIRED,,
MDS-00459,0,query,conditional,,,19563883,,19563883,19563883,medium,0.75,entitlement_unverified:AMB-13,0,38,DD-120;LW-410;LW-411;LW-412;LW-413;MW-310;MW-320,appendix_g_reading;metre_source;rig_services_index;record_signatories;report_vocabulary,appendix_g_reading=LWD_ROWS_SHIFTED;metre_source=PART_B_RUN_METRES;rig_services_index=NOT_APPLIED;record_signatories=FORM_SIGNATORIES_REQUIRED;report_vocabulary=CODES_REQUIRED,,
MDS-00460,0,query,conditional,,,5045342,,5045342,5045342,medium,0.75,entitlement_unverified:AMB-13,0,1,MW-310,rig_services_index;record_signatories;report_vocabulary,rig_services_index=NOT_APPLIED;record_signatories=FORM_SIGNATORIES_REQUIRED;report_vocabulary=CODES_REQUIRED,,
MDS-00461,0,query,conditional,,,6651004,,6651004,6651004,medium,0.75,entitlement_unverified:AMB-13,0,3,LW-410;MW-310,appendix_g_reading;rig_services_index;record_signatories;report_vocabulary,appendix_g_reading=LWD_ROWS_SHIFTED;rig_services_index=NOT_APPLIED;record_signatories=FORM_SIGNATORIES_REQUIRED;report_vocabulary=CODES_REQUIRED,,
MDS-00462,0,query,conditional,,,21760123,,21760123,21760123,medium,0.75,entitlement_unverified:AMB-13,0,25,DD-120;MW-310;MW-320;PD-201;PD-210,metre_source;pd210_class_factor;rig_services_index;volume_tier_scope;record_signatories;report_vocabulary,metre_source=PART_B_RUN_METRES;pd210_class_factor=APPLY;rig_services_index=NOT_APPLIED;volume_tier_scope=CONTRACT_WIDE;record_signatories=FORM_SIGNATORIES_REQUIRED;report_vocabulary=CODES_REQUIRED,,
MDS-00463,1,part-reject,conditional,lost_in_hole_valuation,lost_in_hole_valuation,137828885,,137661489,137661489,high,0.95,entitlement_unverified:AMB-13,1,16,DD-120;LW-410;LW-411;MW-310;MW-320;PD-201;PD-210,appendix_g_reading;rig_services_index;volume_tier_scope;lih_replacement_value;record_signatories;report_vocabulary,,,
MDS-00464,0,query,conditional,,,8179470,,8179470,8179470,medium,0.75,entitlement_unverified:AMB-13,0,9,LW-410;MW-310,appendix_g_reading;metre_source;standby_section_factor;rig_services_index;record_signatories;report_vocabulary,appendix_g_reading=LWD_ROWS_SHIFTED;metre_source=PART_B_RUN_METRES;standby_section_factor=APPLY;rig_services_index=NOT_APPLIED;record_signatories=FORM_SIGNATORIES_REQUIRED;report_vocabulary=CODES_REQUIRED,,
MDS-00465,0,query,conditional,,,9182351,,9182351,9182351,medium,0.75,entitlement_unverified:AMB-13,0,3,MW-310,rig_services_index;record_signatories;report_vocabulary,rig_services_index=NOT_APPLIED;record_signatories=FORM_SIGNATORIES_REQUIRED;report_vocabulary=CODES_REQUIRED,,
MDS-00466,0,query,conditional,,,13224335,,13224335,13224335,medium,0.75,entitlement_unverified:AMB-13,0,5,MW-310,rig_services_index;record_signatories;report_vocabulary,rig_services_index=NOT_APPLIED;record_signatories=FORM_SIGNATORIES_REQUIRED;report_vocabulary=CODES_REQUIRED,,
MDS-00467,0,query,conditional,,,26261607,,26261607,26261607,medium,0.75,entitlement_unverified:AMB-13,0,31,DD-120;MW-310;MW-320;PD-201;PD-210,pd210_class_factor;rig_services_index;volume_tier_scope;report_vocabulary,pd210_class_factor=APPLY;rig_services_index=NOT_APPLIED;volume_tier_scope=CONTRACT_WIDE;report_vocabulary=CODES_REQUIRED,,
MDS-00468,0,query,conditional,,,8051751,,8051751,8051751,medium,0.75,entitlement_unverified:AMB-13,0,6,DD-120;MW-310;MW-320,rig_services_index;record_signatories;report_vocabulary,rig_services_index=NOT_APPLIED;record_signatories=FORM_SIGNATORIES_REQUIRED;report_vocabulary=CODES_REQUIRED,,
MDS-00469,0,query,conditional,,,10784611,,10784611,10784611,medium,0.75,entitlement_unverified:AMB-13,0,6,MW-310,rig_services_index;record_signatories;report_vocabulary,rig_services_index=NOT_APPLIED;record_signatories=FORM_SIGNATORIES_REQUIRED;report_vocabulary=CODES_REQUIRED,,
MDS-00470,0,query,conditional,,,12294950,,12294950,12294950,medium,0.75,entitlement_unverified:AMB-13,0,22,DD-120;LW-410;LW-411;LW-413;MW-310;MW-320;PD-201;PD-210,appendix_g_reading;metre_source;rig_services_index;volume_tier_scope;record_signatories;report_vocabulary,appendix_g_reading=LWD_ROWS_SHIFTED;metre_source=PART_B_RUN_METRES;rig_services_index=NOT_APPLIED;volume_tier_scope=CONTRACT_WIDE;record_signatories=FORM_SIGNATORIES_REQUIRED;report_vocabulary=CODES_REQUIRED,,
MDS-00471,0,query,conditional,,,3931290,,3931290,3931290,medium,0.75,entitlement_unverified:AMB-13,0,3,MW-310,standby_section_factor;rig_services_index;report_vocabulary,standby_section_factor=APPLY;rig_services_index=NOT_APPLIED;report_vocabulary=CODES_REQUIRED,,
MDS-00472,0,query,conditional,,,6560676,,6560676,6560676,medium,0.75,entitlement_unverified:AMB-13,0,7,LW-410;MW-310,appendix_g_reading;metre_source;standby_section_factor;rig_services_index;record_signatories;report_vocabulary,appendix_g_reading=LWD_ROWS_SHIFTED;metre_source=PART_B_RUN_METRES;standby_section_factor=APPLY;rig_services_index=NOT_APPLIED;record_signatories=FORM_SIGNATORIES_REQUIRED;report_vocabulary=CODES_REQUIRED,,
MDS-00473,0,query,conditional,,,12664849,,12664849,12664849,medium,0.75,entitlement_unverified:AMB-13,0,5,MW-310,standby_section_factor;rig_services_index;record_signatories;report_vocabulary,standby_section_factor=APPLY;rig_services_index=NOT_APPLIED;record_signatories=FORM_SIGNATORIES_REQUIRED;report_vocabulary=CODES_REQUIRED,,
MDS-00474,0,query,conditional,,,10630837,,10630837,10630837,medium,0.75,entitlement_unverified:AMB-13,0,4,MW-310,rig_services_index;record_signatories;report_vocabulary,rig_services_index=NOT_APPLIED;record_signatories=FORM_SIGNATORIES_REQUIRED;report_vocabulary=CODES_REQUIRED,,
MDS-00475,0,query,conditional,,,8862687,,8862687,8862687,medium,0.75,entitlement_unverified:AMB-13,0,3,MW-310,rig_services_index;record_signatories;report_vocabulary,rig_services_index=NOT_APPLIED;record_signatories=FORM_SIGNATORIES_REQUIRED;report_vocabulary=CODES_REQUIRED,,
MDS-00476,1,part-reject,conditional,duplicate_charge,duplicate_charge,15164630,,14785924,14785924,high,0.95,entitlement_unverified:AMB-13,1,24,DD-120;LW-410;LW-411;MW-310;MW-320;PD-201;PD-210,appendix_g_reading;metre_source;pd210_class_factor;standby_section_factor;rig_services_index;volume_tier_scope;record_signatories;report_vocabulary,,,
MDS-00477,0,query,conditional,,,8606915,,8606915,8606915,medium,0.75,entitlement_unverified:AMB-13,0,11,DD-120;MW-310;MW-320,rig_services_index;report_vocabulary,rig_services_index=NOT_APPLIED;report_vocabulary=CODES_REQUIRED,,
MDS-00478,0,query,conditional,,,17387453,,17387453,17387453,medium,0.75,entitlement_unverified:AMB-13,0,28,DD-120;LW-410;LW-411;LW-412;LW-413;MW-310;MW-320,appendix_g_reading;metre_source;rig_services_index;record_signatories;report_vocabulary,appendix_g_reading=LWD_ROWS_SHIFTED;metre_source=PART_B_RUN_METRES;rig_services_index=NOT_APPLIED;record_signatories=FORM_SIGNATORIES_REQUIRED;report_vocabulary=CODES_REQUIRED,,
MDS-00479,0,query,conditional,,,8059176,,8059176,8059176,medium,0.75,entitlement_unverified:AMB-13,0,9,LW-410;MW-310,appendix_g_reading;metre_source;standby_section_factor;rig_services_index;record_signatories;report_vocabulary,appendix_g_reading=LWD_ROWS_SHIFTED;metre_source=PART_B_RUN_METRES;standby_section_factor=APPLY;rig_services_index=NOT_APPLIED;record_signatories=FORM_SIGNATORIES_REQUIRED;report_vocabulary=CODES_REQUIRED,,
MDS-00480,0,query,conditional,,,7160081,,7160081,7160081,medium,0.75,entitlement_unverified:AMB-13,0,4,MW-310,rig_services_index;record_signatories;report_vocabulary,rig_services_index=NOT_APPLIED;record_signatories=FORM_SIGNATORIES_REQUIRED;report_vocabulary=CODES_REQUIRED,,
MDS-00481,0,query,conditional,,,25093681,,25093681,25093681,medium,0.75,entitlement_unverified:AMB-13,0,42,DD-120;LW-410;LW-411;LW-413;MW-310;MW-320;PD-201;PD-210,appendix_g_reading;metre_source;rig_services_index;volume_tier_scope;record_signatories;report_vocabulary,appendix_g_reading=LWD_ROWS_SHIFTED;metre_source=PART_B_RUN_METRES;rig_services_index=NOT_APPLIED;volume_tier_scope=CONTRACT_WIDE;record_signatories=FORM_SIGNATORIES_REQUIRED;report_vocabulary=CODES_REQUIRED,,
MDS-00482,0,query,conditional,,,8713449,,8713449,8713449,medium,0.75,entitlement_unverified:AMB-13,0,5,MW-310,standby_section_factor;rig_services_index;record_signatories;report_vocabulary,standby_section_factor=APPLY;rig_services_index=NOT_APPLIED;record_signatories=FORM_SIGNATORIES_REQUIRED;report_vocabulary=CODES_REQUIRED,,
MDS-00483,0,query,conditional,,,14103477,,14103477,14103477,medium,0.75,entitlement_unverified:AMB-13,0,18,DD-120;MW-310;MW-320;PD-201;PD-210,pd210_class_factor;rig_services_index;volume_tier_scope;report_vocabulary,pd210_class_factor=APPLY;rig_services_index=NOT_APPLIED;volume_tier_scope=CONTRACT_WIDE;report_vocabulary=CODES_REQUIRED,,
MDS-00484,0,query,conditional,,,7738654,,7738654,7738654,medium,0.75,entitlement_unverified:AMB-13,0,4,MW-310,rig_services_index;record_signatories;report_vocabulary,rig_services_index=NOT_APPLIED;record_signatories=FORM_SIGNATORIES_REQUIRED;report_vocabulary=CODES_REQUIRED,,
MDS-00485,0,query,conditional,,,10183569,,10183569,10183569,medium,0.75,entitlement_unverified:AMB-13,0,9,DD-120;MW-310;MW-320,rig_services_index;record_signatories;report_vocabulary,rig_services_index=NOT_APPLIED;record_signatories=FORM_SIGNATORIES_REQUIRED;report_vocabulary=CODES_REQUIRED,,
MDS-00486,0,query,conditional,,,6703562,,6703562,6703562,medium,0.75,entitlement_unverified:AMB-13,0,7,LW-410;MW-310,appendix_g_reading;metre_source;standby_section_factor;rig_services_index;record_signatories;report_vocabulary,appendix_g_reading=LWD_ROWS_SHIFTED;metre_source=PART_B_RUN_METRES;standby_section_factor=APPLY;rig_services_index=NOT_APPLIED;record_signatories=FORM_SIGNATORIES_REQUIRED;report_vocabulary=CODES_REQUIRED,,
MDS-00487,0,query,conditional,,,9677654,,9677654,9677654,medium,0.75,entitlement_unverified:AMB-13,0,6,MW-310,standby_section_factor;rig_services_index;record_signatories;report_vocabulary,standby_section_factor=APPLY;rig_services_index=NOT_APPLIED;record_signatories=FORM_SIGNATORIES_REQUIRED;report_vocabulary=CODES_REQUIRED,,
MDS-00488,0,query,conditional,,,16614753,,16614753,16614753,medium,0.75,entitlement_unverified:AMB-13,0,28,DD-120;LW-410;LW-411;MW-310;MW-320;PD-201;PD-210,appendix_g_reading;metre_source;pd210_class_factor;rig_services_index;volume_tier_scope;record_signatories;report_vocabulary,appendix_g_reading=LWD_ROWS_SHIFTED;metre_source=PART_B_RUN_METRES;pd210_class_factor=APPLY;rig_services_index=NOT_APPLIED;volume_tier_scope=CONTRACT_WIDE;record_signatories=FORM_SIGNATORIES_REQUIRED;report_vocabulary=CODES_REQUIRED,,
MDS-00489,0,query,conditional,,,12351076,,12351076,12351076,medium,0.75,entitlement_unverified:AMB-13,0,15,DD-120;MW-310;MW-320,rig_services_index;report_vocabulary,rig_services_index=NOT_APPLIED;report_vocabulary=CODES_REQUIRED,,
MDS-00490,0,query,conditional,,,7095452,,7095452,7095452,medium,0.75,entitlement_unverified:AMB-13,0,4,MW-310,rig_services_index;record_signatories;report_vocabulary,rig_services_index=NOT_APPLIED;record_signatories=FORM_SIGNATORIES_REQUIRED;report_vocabulary=CODES_REQUIRED,,
MDS-00491,0,query,conditional,,,9814959,,9814959,9814959,medium,0.75,entitlement_unverified:AMB-13,0,8,DD-120;MW-310;MW-320;PD-201;PD-210,pd210_class_factor;rig_services_index;volume_tier_scope;record_signatories;report_vocabulary,pd210_class_factor=APPLY;rig_services_index=NOT_APPLIED;volume_tier_scope=CONTRACT_WIDE;record_signatories=FORM_SIGNATORIES_REQUIRED;report_vocabulary=CODES_REQUIRED,,
MDS-00492,0,query,conditional,,,4937959,,4937959,4937959,medium,0.75,entitlement_unverified:AMB-13,0,1,MW-310,rig_services_index;record_signatories;report_vocabulary,rig_services_index=NOT_APPLIED;record_signatories=FORM_SIGNATORIES_REQUIRED;report_vocabulary=CODES_REQUIRED,,
MDS-00493,0,query,conditional,,,28037274,,28037274,28037274,medium,0.75,entitlement_unverified:AMB-13,0,44,DD-120;LW-410;LW-411;LW-412;MW-310;MW-320;PD-201;PD-210,appendix_g_reading;metre_source;pd210_class_factor;rig_services_index;volume_tier_scope;record_signatories;report_vocabulary,appendix_g_reading=LWD_ROWS_SHIFTED;metre_source=PART_B_RUN_METRES;pd210_class_factor=APPLY;rig_services_index=NOT_APPLIED;volume_tier_scope=CONTRACT_WIDE;record_signatories=FORM_SIGNATORIES_REQUIRED;report_vocabulary=CODES_REQUIRED,,
MDS-00494,0,query,conditional,,,10503479,,10503479,10503479,medium,0.75,entitlement_unverified:AMB-13,0,8,DD-120;MW-310;MW-320,metre_source;rig_services_index;record_signatories;report_vocabulary,metre_source=PART_B_RUN_METRES;rig_services_index=NOT_APPLIED;record_signatories=FORM_SIGNATORIES_REQUIRED;report_vocabulary=CODES_REQUIRED,,
MDS-00495,0,query,conditional,,,7853854,,7853854,7853854,medium,0.75,entitlement_unverified:AMB-13,0,4,MW-310,rig_services_index;record_signatories;report_vocabulary,rig_services_index=NOT_APPLIED;record_signatories=FORM_SIGNATORIES_REQUIRED;report_vocabulary=CODES_REQUIRED,,
MDS-00496,0,query,conditional,,,13107968,,13107968,13107968,medium,0.75,entitlement_unverified:AMB-13,0,5,MW-310,rig_services_index;record_signatories;report_vocabulary,rig_services_index=NOT_APPLIED;record_signatories=FORM_SIGNATORIES_REQUIRED;report_vocabulary=CODES_REQUIRED,,
MDS-00497,0,query,conditional,,,10350605,,10350605,10350605,medium,0.75,entitlement_unverified:AMB-13,0,7,LW-410;MW-310,appendix_g_reading;metre_source;rig_services_index;record_signatories;report_vocabulary,appendix_g_reading=LWD_ROWS_SHIFTED;metre_source=PART_B_RUN_METRES;rig_services_index=NOT_APPLIED;record_signatories=FORM_SIGNATORIES_REQUIRED;report_vocabulary=CODES_REQUIRED,,
MDS-00498,0,query,conditional,,,6971079,,6971079,6971079,medium,0.75,entitlement_unverified:AMB-13,0,8,LW-410;MW-310,appendix_g_reading;metre_source;rig_services_index;record_signatories;report_vocabulary,appendix_g_reading=LWD_ROWS_SHIFTED;metre_source=PART_B_RUN_METRES;rig_services_index=NOT_APPLIED;record_signatories=FORM_SIGNATORIES_REQUIRED;report_vocabulary=CODES_REQUIRED,,
MDS-00499,0,query,conditional,,,19431459,,19431459,19431459,medium,0.75,entitlement_unverified:AMB-13,0,29,DD-120;LW-410;LW-411;LW-413;MW-310;MW-320;PD-201;PD-210,appendix_g_reading;metre_source;pd210_class_factor;rig_services_index;volume_tier_scope;record_signatories;report_vocabulary,appendix_g_reading=LWD_ROWS_SHIFTED;metre_source=PART_B_RUN_METRES;pd210_class_factor=APPLY;rig_services_index=NOT_APPLIED;volume_tier_scope=CONTRACT_WIDE;record_signatories=FORM_SIGNATORIES_REQUIRED;report_vocabulary=CODES_REQUIRED,,
MDS-00500,0,query,conditional,,,8593487,,8593487,8593487,medium,0.75,entitlement_unverified:AMB-13,0,12,DD-120;MW-310;MW-320,rig_services_index;report_vocabulary,rig_services_index=NOT_APPLIED;report_vocabulary=CODES_REQUIRED,,
MDS-00501,0,query,conditional,,,11829269,,11829269,11829269,medium,0.75,entitlement_unverified:AMB-13,0,13,DD-120;MW-310;MW-320,rig_services_index;record_signatories;report_vocabulary,rig_services_index=NOT_APPLIED;record_signatories=FORM_SIGNATORIES_REQUIRED;report_vocabulary=CODES_REQUIRED,,
MDS-00502,0,query,conditional,,,15299602,,15299602,15299602,medium,0.75,entitlement_unverified:AMB-13,0,20,DD-120;MW-310;MW-320;PD-201;PD-210,pd210_class_factor;rig_services_index;volume_tier_scope;report_vocabulary,pd210_class_factor=APPLY;rig_services_index=NOT_APPLIED;volume_tier_scope=CONTRACT_WIDE;report_vocabulary=CODES_REQUIRED,,
MDS-00503,0,query,conditional,,,14694422,,14694422,14694422,medium,0.75,entitlement_unverified:AMB-13,0,6,MW-310,standby_section_factor;rig_services_index;monthly_rate_basis;record_signatories;report_vocabulary,standby_section_factor=APPLY;rig_services_index=NOT_APPLIED;monthly_rate_basis=FINAL_RATE;record_signatories=FORM_SIGNATORIES_REQUIRED;report_vocabulary=CODES_REQUIRED,,
MDS-00504,0,query,conditional,,,8592354,,8592354,8592354,medium,0.75,entitlement_unverified:AMB-13,0,11,DD-120;MW-310;MW-320,rig_services_index;report_vocabulary,rig_services_index=NOT_APPLIED;report_vocabulary=CODES_REQUIRED,,
MDS-00505,0,query,conditional,,,5098908,,5098908,5098908,medium,0.75,entitlement_unverified:AMB-13,0,3,MW-310,standby_section_factor;rig_services_index;record_signatories;report_vocabulary,standby_section_factor=APPLY;rig_services_index=NOT_APPLIED;record_signatories=FORM_SIGNATORIES_REQUIRED;report_vocabulary=CODES_REQUIRED,,
MDS-00506,0,query,conditional,,,13190225,,13190225,13190225,medium,0.75,entitlement_unverified:AMB-13,0,12,DD-120;MW-310;MW-320,metre_source;rig_services_index;record_signatories;report_vocabulary,metre_source=PART_B_RUN_METRES;rig_services_index=NOT_APPLIED;record_signatories=FORM_SIGNATORIES_REQUIRED;report_vocabulary=CODES_REQUIRED,,
MDS-00507,0,query,conditional,,,9360727,,9360727,9360727,medium,0.75,entitlement_unverified:AMB-13,0,9,DD-120;MW-310;MW-320,metre_source;rig_services_index;record_signatories;report_vocabulary,metre_source=PART_B_RUN_METRES;rig_services_index=NOT_APPLIED;record_signatories=FORM_SIGNATORIES_REQUIRED;report_vocabulary=CODES_REQUIRED,,
MDS-00508,0,query,conditional,,,13481912,,13481912,13481912,medium,0.75,entitlement_unverified:AMB-13,0,11,LW-410;MW-310,appendix_g_reading;metre_source;rig_services_index;record_signatories;report_vocabulary,appendix_g_reading=LWD_ROWS_SHIFTED;metre_source=PART_B_RUN_METRES;rig_services_index=NOT_APPLIED;record_signatories=FORM_SIGNATORIES_REQUIRED;report_vocabulary=CODES_REQUIRED,,
MDS-00509,0,query,conditional,,,29612783,,29612783,29612783,medium,0.75,entitlement_unverified:AMB-13,0,49,DD-120;LW-410;LW-411;LW-412;MW-310;MW-320;PD-201;PD-210,appendix_g_reading;metre_source;pd210_class_factor;rig_services_index;volume_tier_scope;record_signatories;report_vocabulary,appendix_g_reading=LWD_ROWS_SHIFTED;metre_source=PART_B_RUN_METRES;pd210_class_factor=APPLY;rig_services_index=NOT_APPLIED;volume_tier_scope=CONTRACT_WIDE;record_signatories=FORM_SIGNATORIES_REQUIRED;report_vocabulary=CODES_REQUIRED,,
MDS-00510,0,query,conditional,,,10466597,,10466597,10466597,medium,0.75,entitlement_unverified:AMB-13,0,12,DD-120;LW-410;MW-310;MW-320;PD-201,appendix_g_reading;metre_source;rig_services_index;record_signatories;report_vocabulary,appendix_g_reading=LWD_ROWS_SHIFTED;metre_source=PART_B_RUN_METRES;rig_services_index=NOT_APPLIED;record_signatories=FORM_SIGNATORIES_REQUIRED;report_vocabulary=CODES_REQUIRED,,
MDS-00511,0,query,conditional,,,16103839,,16103839,16103839,medium,0.75,entitlement_unverified:AMB-13,0,24,DD-120;LW-410;LW-411;LW-412;MW-310;MW-320,appendix_g_reading;metre_source;rig_services_index;record_signatories;report_vocabulary,appendix_g_reading=LWD_ROWS_SHIFTED;metre_source=PART_B_RUN_METRES;rig_services_index=NOT_APPLIED;record_signatories=FORM_SIGNATORIES_REQUIRED;report_vocabulary=CODES_REQUIRED,,
MDS-00512,0,query,conditional,,,9858552,,9858552,9858552,medium,0.75,entitlement_unverified:AMB-13,0,6,MW-310,standby_section_factor;rig_services_index;monthly_rate_basis;record_signatories;report_vocabulary,standby_section_factor=APPLY;rig_services_index=NOT_APPLIED;monthly_rate_basis=FINAL_RATE;record_signatories=FORM_SIGNATORIES_REQUIRED;report_vocabulary=CODES_REQUIRED,,
MDS-00513,0,query,conditional,,,17241818,,17241818,17241818,medium,0.75,entitlement_unverified:AMB-13,0,21,DD-120;MW-310;MW-320;PD-201;PD-210,pd210_class_factor;rig_services_index;volume_tier_scope;report_vocabulary,pd210_class_factor=APPLY;rig_services_index=NOT_APPLIED;volume_tier_scope=CONTRACT_WIDE;report_vocabulary=CODES_REQUIRED,,
MDS-00514,0,query,conditional,,,16730608,,16730608,16730608,medium,0.75,entitlement_unverified:AMB-13,0,23,DD-120;MW-310;MW-320;PD-201;PD-210,rig_services_index;volume_tier_scope;report_vocabulary,rig_services_index=NOT_APPLIED;volume_tier_scope=CONTRACT_WIDE;report_vocabulary=CODES_REQUIRED,,
MDS-00515,0,query,conditional,,,144093675,,144093675,144093675,medium,0.75,entitlement_unverified:AMB-13,0,28,DD-120;LW-410;LW-411;LW-412;LW-413;MW-310;MW-320,appendix_g_reading;metre_source;rig_services_index;lih_replacement_value;record_signatories;report_vocabulary,appendix_g_reading=LWD_ROWS_SHIFTED;metre_source=PART_B_RUN_METRES;rig_services_index=NOT_APPLIED;lih_replacement_value=SCHEDULE_6_USD;record_signatories=FORM_SIGNATORIES_REQUIRED;report_vocabulary=CODES_REQUIRED,,
MDS-00516,0,query,conditional,,,12882923,,12882923,12882923,medium,0.75,entitlement_unverified:AMB-13,0,5,MW-310,rig_services_index;record_signatories;report_vocabulary,rig_services_index=NOT_APPLIED;record_signatories=FORM_SIGNATORIES_REQUIRED;report_vocabulary=CODES_REQUIRED,,
MDS-00517,0,query,conditional,,,14150203,,14150203,14150203,medium,0.75,entitlement_unverified:AMB-13,0,14,DD-120;MW-310;MW-320,metre_source;rig_services_index;record_signatories;report_vocabulary,metre_source=PART_B_RUN_METRES;rig_services_index=NOT_APPLIED;record_signatories=FORM_SIGNATORIES_REQUIRED;report_vocabulary=CODES_REQUIRED,,
MDS-00518,0,query,conditional,,,11498246,,11498246,11498246,medium,0.75,entitlement_unverified:AMB-13,0,15,DD-120;MW-310;MW-320,rig_services_index;report_vocabulary,rig_services_index=NOT_APPLIED;report_vocabulary=CODES_REQUIRED,,
MDS-00519,0,query,conditional,,,9911761,,9911761,9911761,medium,0.75,entitlement_unverified:AMB-13,0,9,DD-120;MW-310;MW-320,metre_source;rig_services_index;record_signatories;report_vocabulary,metre_source=PART_B_RUN_METRES;rig_services_index=NOT_APPLIED;record_signatories=FORM_SIGNATORIES_REQUIRED;report_vocabulary=CODES_REQUIRED,,
MDS-00520,0,query,conditional,,,12689480,,12689480,12689480,medium,0.75,entitlement_unverified:AMB-13,0,10,DD-120;MW-310;MW-320;PD-201;PD-210,rig_services_index;volume_tier_scope;record_signatories;report_vocabulary,rig_services_index=NOT_APPLIED;volume_tier_scope=CONTRACT_WIDE;record_signatories=FORM_SIGNATORIES_REQUIRED;report_vocabulary=CODES_REQUIRED,,
MDS-00521,0,query,conditional,,,14987159,,14987159,14987159,medium,0.75,entitlement_unverified:AMB-13,0,23,DD-120;LW-410;LW-411;MW-310;MW-320;PD-201;PD-210,appendix_g_reading;metre_source;pd210_class_factor;rig_services_index;volume_tier_scope;record_signatories;report_vocabulary,appendix_g_reading=LWD_ROWS_SHIFTED;metre_source=PART_B_RUN_METRES;pd210_class_factor=APPLY;rig_services_index=NOT_APPLIED;volume_tier_scope=CONTRACT_WIDE;record_signatories=FORM_SIGNATORIES_REQUIRED;report_vocabulary=CODES_REQUIRED,,
MDS-00522,0,query,conditional,,,10447595,,10447595,10447595,medium,0.75,entitlement_unverified:AMB-13,0,7,LW-410;MW-310,appendix_g_reading;metre_source;rig_services_index;record_signatories;report_vocabulary,appendix_g_reading=LWD_ROWS_SHIFTED;metre_source=PART_B_RUN_METRES;rig_services_index=NOT_APPLIED;record_signatories=FORM_SIGNATORIES_REQUIRED;report_vocabulary=CODES_REQUIRED,,
MDS-00523,0,query,conditional,,,12241282,,12241282,12241282,medium,0.75,entitlement_unverified:AMB-13,0,16,DD-120;LW-410;LW-411;LW-412;LW-413;MW-310;MW-320,appendix_g_reading;metre_source;rig_services_index;record_signatories;report_vocabulary,appendix_g_reading=LWD_ROWS_SHIFTED;metre_source=PART_B_RUN_METRES;rig_services_index=NOT_APPLIED;record_signatories=FORM_SIGNATORIES_REQUIRED;report_vocabulary=CODES_REQUIRED,,
MDS-00524,0,query,conditional,,,18560460,,18560460,18560460,medium,0.75,entitlement_unverified:AMB-13,0,25,DD-120;MW-310;MW-320;PD-201;PD-210,rig_services_index;volume_tier_scope;report_vocabulary,rig_services_index=NOT_APPLIED;volume_tier_scope=CONTRACT_WIDE;report_vocabulary=CODES_REQUIRED,,
MDS-00525,0,query,conditional,,,6113850,,6113850,6113850,medium,0.75,entitlement_unverified:AMB-13,0,4,DD-120;MW-310;MW-320;PD-201,rig_services_index;report_vocabulary,rig_services_index=NOT_APPLIED;report_vocabulary=CODES_REQUIRED,,
MDS-00526,0,query,conditional,,,12436573,,12436573,12436573,medium,0.75,entitlement_unverified:AMB-13,0,21,DD-120;LW-410;LW-411;LW-412;LW-413;MW-310;MW-320,appendix_g_reading;metre_source;standby_section_factor;rig_services_index;record_signatories;report_vocabulary,appendix_g_reading=LWD_ROWS_SHIFTED;metre_source=PART_B_RUN_METRES;standby_section_factor=APPLY;rig_services_index=NOT_APPLIED;record_signatories=FORM_SIGNATORIES_REQUIRED;report_vocabulary=CODES_REQUIRED,,
MDS-00527,0,query,conditional,,,16541087,,16541087,16541087,medium,0.75,entitlement_unverified:AMB-13,0,15,DD-120;MW-310;MW-320,metre_source;rig_services_index;record_signatories;report_vocabulary,metre_source=PART_B_RUN_METRES;rig_services_index=NOT_APPLIED;record_signatories=FORM_SIGNATORIES_REQUIRED;report_vocabulary=CODES_REQUIRED,,
MDS-00528,0,query,conditional,,,9889154,,9889154,9889154,medium,0.75,entitlement_unverified:AMB-13,0,15,DD-120;LW-410;LW-411;LW-412;LW-413;MW-310;MW-320,appendix_g_reading;metre_source;standby_section_factor;rig_services_index;record_signatories;report_vocabulary,appendix_g_reading=LWD_ROWS_SHIFTED;metre_source=PART_B_RUN_METRES;standby_section_factor=APPLY;rig_services_index=NOT_APPLIED;record_signatories=FORM_SIGNATORIES_REQUIRED;report_vocabulary=CODES_REQUIRED,,
MDS-00529,0,query,conditional,,,9295053,,9295053,9295053,medium,0.75,entitlement_unverified:AMB-13,0,5,MW-310,rig_services_index;record_signatories;report_vocabulary,rig_services_index=NOT_APPLIED;record_signatories=FORM_SIGNATORIES_REQUIRED;report_vocabulary=CODES_REQUIRED,,
MDS-00530,0,query,conditional,,,9229372,,9229372,9229372,medium,0.75,entitlement_unverified:AMB-13,0,3,MW-310,rig_services_index;record_signatories;report_vocabulary,rig_services_index=NOT_APPLIED;record_signatories=FORM_SIGNATORIES_REQUIRED;report_vocabulary=CODES_REQUIRED,,
MDS-00531,0,query,conditional,,,12655682,,12655682,12655682,medium,0.75,entitlement_unverified:AMB-13,0,15,DD-120;LW-410;LW-411;LW-412;MW-310;MW-320,appendix_g_reading;metre_source;rig_services_index;record_signatories;report_vocabulary,appendix_g_reading=LWD_ROWS_SHIFTED;metre_source=PART_B_RUN_METRES;rig_services_index=NOT_APPLIED;record_signatories=FORM_SIGNATORIES_REQUIRED;report_vocabulary=CODES_REQUIRED,,
MDS-00532,0,query,conditional,,,14727612,,14727612,14727612,medium,0.75,entitlement_unverified:AMB-13,0,22,DD-120;LW-410;LW-411;LW-413;MW-310;MW-320,appendix_g_reading;metre_source;rig_services_index;record_signatories;report_vocabulary,appendix_g_reading=LWD_ROWS_SHIFTED;metre_source=PART_B_RUN_METRES;rig_services_index=NOT_APPLIED;record_signatories=FORM_SIGNATORIES_REQUIRED;report_vocabulary=CODES_REQUIRED,,
MDS-00533,0,query,conditional,,,14375460,,14375460,14375460,medium,0.75,entitlement_unverified:AMB-13,0,25,DD-120;LW-410;LW-411;LW-412;LW-413;MW-310;MW-320,appendix_g_reading;metre_source;rig_services_index;record_signatories;report_vocabulary,appendix_g_reading=LWD_ROWS_SHIFTED;metre_source=PART_B_RUN_METRES;rig_services_index=NOT_APPLIED;record_signatories=FORM_SIGNATORIES_REQUIRED;report_vocabulary=CODES_REQUIRED,,
MDS-00534,0,query,conditional,,,23698592,,23698592,23698592,medium,0.75,entitlement_unverified:AMB-13,0,33,DD-120;LW-410;LW-411;LW-413;MW-310;MW-320;PD-201;PD-210,appendix_g_reading;metre_source;pd210_class_factor;rig_services_index;volume_tier_scope;record_signatories;report_vocabulary,appendix_g_reading=LWD_ROWS_SHIFTED;metre_source=PART_B_RUN_METRES;pd210_class_factor=APPLY;rig_services_index=NOT_APPLIED;volume_tier_scope=CONTRACT_WIDE;record_signatories=FORM_SIGNATORIES_REQUIRED;report_vocabulary=CODES_REQUIRED,,
MDS-00535,0,query,conditional,,,23746051,,23746051,23746051,medium,0.75,entitlement_unverified:AMB-13,0,31,DD-120;MW-310;MW-320;PD-201;PD-210,rig_services_index;volume_tier_scope;report_vocabulary,rig_services_index=NOT_APPLIED;volume_tier_scope=CONTRACT_WIDE;report_vocabulary=CODES_REQUIRED,,
MDS-00536,0,query,conditional,,,17675104,,17675104,17675104,medium,0.75,entitlement_unverified:AMB-13,0,31,DD-120;LW-410;LW-411;LW-412;LW-413;MW-310;MW-320,appendix_g_reading;metre_source;rig_services_index;record_signatories;report_vocabulary,appendix_g_reading=LWD_ROWS_SHIFTED;metre_source=PART_B_RUN_METRES;rig_services_index=NOT_APPLIED;record_signatories=FORM_SIGNATORIES_REQUIRED;report_vocabulary=CODES_REQUIRED,,
MDS-00537,0,query,conditional,,,7053846,,7053846,7053846,medium,0.75,entitlement_unverified:AMB-13,0,4,MW-310,rig_services_index;record_signatories;report_vocabulary,rig_services_index=NOT_APPLIED;record_signatories=FORM_SIGNATORIES_REQUIRED;submission_date=INVOICE_DATE_IS_SUBMISSION;report_vocabulary=CODES_REQUIRED,,"invoice dated 2025-08-29, 46 days after its period ended on 2025-07-14; the submission date is not in the data (AMB-25), so Clause 33 is not judged"
MDS-00538,0,query,conditional,,,13913038,,13913038,13913038,medium,0.75,entitlement_unverified:AMB-13,0,21,DD-120;LW-410;LW-411;LW-412;MW-310;MW-320,appendix_g_reading;metre_source;rig_services_index;record_signatories;report_vocabulary,appendix_g_reading=LWD_ROWS_SHIFTED;metre_source=PART_B_RUN_METRES;rig_services_index=NOT_APPLIED;record_signatories=FORM_SIGNATORIES_REQUIRED;report_vocabulary=CODES_REQUIRED,,
MDS-00539,0,query,conditional,,,20489250,,20489250,20489250,medium,0.75,entitlement_unverified:AMB-13,0,36,DD-120;LW-410;LW-411;LW-413;MW-310;MW-320;PD-201;PD-210,appendix_g_reading;metre_source;rig_services_index;volume_tier_scope;record_signatories;report_vocabulary,appendix_g_reading=LWD_ROWS_SHIFTED;metre_source=PART_B_RUN_METRES;rig_services_index=NOT_APPLIED;volume_tier_scope=CONTRACT_WIDE;record_signatories=FORM_SIGNATORIES_REQUIRED;report_vocabulary=CODES_REQUIRED,,
MDS-00540,0,query,conditional,,,8197385,,8197385,8197385,medium,0.75,entitlement_unverified:AMB-13,0,3,MW-310,standby_section_factor;rig_services_index;record_signatories;report_vocabulary,standby_section_factor=APPLY;rig_services_index=NOT_APPLIED;record_signatories=FORM_SIGNATORIES_REQUIRED;report_vocabulary=CODES_REQUIRED,,
MDS-00541,1,part-reject,conditional,record_line_mismatch,record_line_mismatch;line_outside_invoice_period,7400695,,7021989,7021989,high,0.95,entitlement_unverified:AMB-13,2,14,DD-120;LW-410;LW-411;LW-412;MW-310;MW-320,appendix_g_reading;metre_source;standby_section_factor;rig_services_index;record_signatories;missing_record_consequence;report_vocabulary,,,
MDS-00542,0,query,conditional,,,14748296,,14748296,14748296,medium,0.75,entitlement_unverified:AMB-13,0,15,DD-120;MW-310;MW-320;PD-201;PD-210,metre_source;rig_services_index;volume_tier_scope;record_signatories;report_vocabulary,metre_source=PART_B_RUN_METRES;rig_services_index=NOT_APPLIED;volume_tier_scope=CONTRACT_WIDE;record_signatories=FORM_SIGNATORIES_REQUIRED;report_vocabulary=CODES_REQUIRED,,
MDS-00543,0,query,conditional,,,10983353,,10983353,10983353,medium,0.75,entitlement_unverified:AMB-13,0,4,MW-310,rig_services_index;record_signatories;report_vocabulary,rig_services_index=NOT_APPLIED;record_signatories=FORM_SIGNATORIES_REQUIRED;report_vocabulary=CODES_REQUIRED,,
MDS-00544,0,query,conditional,,,13801678,,13801678,13801678,medium,0.75,entitlement_unverified:AMB-13,0,14,DD-120;MW-310;MW-320,metre_source;rig_services_index;record_signatories;report_vocabulary,metre_source=PART_B_RUN_METRES;rig_services_index=NOT_APPLIED;record_signatories=FORM_SIGNATORIES_REQUIRED;report_vocabulary=CODES_REQUIRED,,
MDS-00545,0,query,conditional,,,8391141,,8391141,8391141,medium,0.75,entitlement_unverified:AMB-13,0,15,DD-120;LW-410;LW-411;MW-310;MW-320,appendix_g_reading;metre_source;rig_services_index;record_signatories;report_vocabulary,appendix_g_reading=LWD_ROWS_SHIFTED;metre_source=PART_B_RUN_METRES;rig_services_index=NOT_APPLIED;record_signatories=FORM_SIGNATORIES_REQUIRED;report_vocabulary=CODES_REQUIRED,,
MDS-00546,0,query,conditional,,,11913587,,11913587,11913587,medium,0.75,entitlement_unverified:AMB-13,0,15,DD-120;LW-410;LW-411;LW-412;MW-310;MW-320,appendix_g_reading;metre_source;rig_services_index;record_signatories;report_vocabulary,appendix_g_reading=LWD_ROWS_SHIFTED;metre_source=PART_B_RUN_METRES;rig_services_index=NOT_APPLIED;record_signatories=FORM_SIGNATORIES_REQUIRED;report_vocabulary=CODES_REQUIRED,,
MDS-00547,0,query,conditional,,,6767143,,6767143,6767143,medium,0.75,entitlement_unverified:AMB-13,0,4,MW-310,standby_section_factor;rig_services_index;monthly_rate_basis;record_signatories;report_vocabulary,standby_section_factor=APPLY;rig_services_index=NOT_APPLIED;monthly_rate_basis=FINAL_RATE;record_signatories=FORM_SIGNATORIES_REQUIRED;report_vocabulary=CODES_REQUIRED,,
MDS-00548,0,query,conditional,,,10302132,,10302132,10302132,medium,0.75,entitlement_unverified:AMB-13,0,5,MW-310,rig_services_index;record_signatories;report_vocabulary,rig_services_index=NOT_APPLIED;record_signatories=FORM_SIGNATORIES_REQUIRED;report_vocabulary=CODES_REQUIRED,,
MDS-00549,0,query,conditional,,,17121513,,17121513,17121513,medium,0.75,entitlement_unverified:AMB-13,0,36,DD-120;LW-410;LW-411;LW-412;MW-310;MW-320,appendix_g_reading;metre_source;rig_services_index;record_signatories;report_vocabulary,appendix_g_reading=LWD_ROWS_SHIFTED;metre_source=PART_B_RUN_METRES;rig_services_index=NOT_APPLIED;record_signatories=FORM_SIGNATORIES_REQUIRED;report_vocabulary=CODES_REQUIRED,,
MDS-00550,0,query,conditional,,,13921558,,13921558,13921558,medium,0.75,entitlement_unverified:AMB-13,0,20,DD-120;LW-410;LW-411;LW-412;LW-413;MW-310;MW-320,appendix_g_reading;metre_source;standby_section_factor;rig_services_index;record_signatories;report_vocabulary,appendix_g_reading=LWD_ROWS_SHIFTED;metre_source=PART_B_RUN_METRES;standby_section_factor=APPLY;rig_services_index=NOT_APPLIED;record_signatories=FORM_SIGNATORIES_REQUIRED;report_vocabulary=CODES_REQUIRED,,
MDS-00551,1,part-reject,conditional,invoice_arithmetic,invoice_arithmetic,23290195,,23051504,23051504,high,0.95,entitlement_unverified:AMB-13,1,27,DD-120;MW-310;MW-320;PD-201;PD-210,metre_source;rig_services_index;volume_tier_scope;record_signatories;report_vocabulary,,,
MDS-00552,0,query,conditional,,,10882709,,10882709,10882709,medium,0.75,entitlement_unverified:AMB-13,0,14,DD-120;MW-310;MW-320;PD-201;PD-210,rig_services_index;volume_tier_scope;report_vocabulary,rig_services_index=NOT_APPLIED;volume_tier_scope=CONTRACT_WIDE;report_vocabulary=CODES_REQUIRED,,
MDS-00553,0,query,conditional,,,9308735,,9308735,9308735,medium,0.75,entitlement_unverified:AMB-13,0,16,DD-120;LW-410;LW-411;LW-413;MW-310;MW-320,appendix_g_reading;metre_source;rig_services_index;record_signatories;report_vocabulary,appendix_g_reading=LWD_ROWS_SHIFTED;metre_source=PART_B_RUN_METRES;rig_services_index=NOT_APPLIED;record_signatories=FORM_SIGNATORIES_REQUIRED;report_vocabulary=CODES_REQUIRED,,
MDS-00554,0,query,conditional,,,24782030,,24782030,24782030,medium,0.75,entitlement_unverified:AMB-13,0,44,DD-120;LW-410;LW-411;LW-413;MW-310;MW-320;PD-201;PD-210,appendix_g_reading;metre_source;rig_services_index;volume_tier_scope;record_signatories;report_vocabulary,appendix_g_reading=LWD_ROWS_SHIFTED;metre_source=PART_B_RUN_METRES;rig_services_index=NOT_APPLIED;volume_tier_scope=CONTRACT_WIDE;record_signatories=FORM_SIGNATORIES_REQUIRED;report_vocabulary=CODES_REQUIRED,,
MDS-00555,0,query,conditional,,,8465673,,8465673,8465673,medium,0.75,entitlement_unverified:AMB-13,0,5,MW-310,rig_services_index;report_vocabulary,rig_services_index=NOT_APPLIED;report_vocabulary=CODES_REQUIRED,,
MDS-00556,0,query,conditional,,,13608156,,13608156,13608156,medium,0.75,entitlement_unverified:AMB-13,0,6,MW-310,standby_section_factor;rig_services_index;record_signatories;report_vocabulary,standby_section_factor=APPLY;rig_services_index=NOT_APPLIED;record_signatories=FORM_SIGNATORIES_REQUIRED;report_vocabulary=CODES_REQUIRED,,
MDS-00557,0,query,conditional,,,7809189,,7809189,7809189,medium,0.75,entitlement_unverified:AMB-13,0,8,DD-120;MW-310;MW-320,metre_source;rig_services_index;record_signatories;report_vocabulary,metre_source=PART_B_RUN_METRES;rig_services_index=NOT_APPLIED;record_signatories=FORM_SIGNATORIES_REQUIRED;report_vocabulary=CODES_REQUIRED,,
MDS-00558,0,query,conditional,,,14704814,,14704814,14704814,medium,0.75,entitlement_unverified:AMB-13,0,6,MW-310,rig_services_index;record_signatories;report_vocabulary,rig_services_index=NOT_APPLIED;record_signatories=FORM_SIGNATORIES_REQUIRED;report_vocabulary=CODES_REQUIRED,,
MDS-00559,0,query,conditional,,,12523499,,12523499,12523499,medium,0.75,entitlement_unverified:AMB-13,0,10,DD-120;MW-310;MW-320,metre_source;rig_services_index;record_signatories;report_vocabulary,metre_source=PART_B_RUN_METRES;rig_services_index=NOT_APPLIED;record_signatories=FORM_SIGNATORIES_REQUIRED;report_vocabulary=CODES_REQUIRED,,
MDS-00560,0,query,conditional,,,23818656,,23818656,23818656,medium,0.75,entitlement_unverified:AMB-13,0,38,DD-120;LW-410;LW-411;LW-413;MW-310;MW-320;PD-201;PD-210,appendix_g_reading;metre_source;rig_services_index;volume_tier_scope;record_signatories;report_vocabulary,appendix_g_reading=LWD_ROWS_SHIFTED;metre_source=PART_B_RUN_METRES;rig_services_index=NOT_APPLIED;volume_tier_scope=CONTRACT_WIDE;record_signatories=FORM_SIGNATORIES_REQUIRED;report_vocabulary=CODES_REQUIRED,,
MDS-00561,0,query,conditional,,,12053183,,12053183,12053183,medium,0.75,entitlement_unverified:AMB-13,0,21,DD-120;LW-410;LW-411;LW-413;MW-310;MW-320,appendix_g_reading;metre_source;rig_services_index;record_signatories;report_vocabulary,appendix_g_reading=LWD_ROWS_SHIFTED;metre_source=PART_B_RUN_METRES;rig_services_index=NOT_APPLIED;record_signatories=FORM_SIGNATORIES_REQUIRED;report_vocabulary=CODES_REQUIRED,,
MDS-00562,0,query,conditional,,,12763519,,12763519,12763519,medium,0.75,entitlement_unverified:AMB-13,0,5,MW-310,rig_services_index;record_signatories;report_vocabulary,rig_services_index=NOT_APPLIED;record_signatories=FORM_SIGNATORIES_REQUIRED;report_vocabulary=CODES_REQUIRED,,
MDS-00563,0,query,conditional,,,14191654,,14191654,14191654,medium,0.75,entitlement_unverified:AMB-13,0,13,DD-120;MW-310;MW-320;PD-201;PD-210,pd210_class_factor;rig_services_index;volume_tier_scope;record_signatories;report_vocabulary,pd210_class_factor=APPLY;rig_services_index=NOT_APPLIED;volume_tier_scope=CONTRACT_WIDE;record_signatories=FORM_SIGNATORIES_REQUIRED;report_vocabulary=CODES_REQUIRED,,
MDS-00564,0,query,conditional,,,5365583,,5365583,5365583,medium,0.75,entitlement_unverified:AMB-13,0,6,LW-410;MW-310,appendix_g_reading;metre_source;rig_services_index;record_signatories;report_vocabulary,appendix_g_reading=LWD_ROWS_SHIFTED;metre_source=PART_B_RUN_METRES;rig_services_index=NOT_APPLIED;record_signatories=FORM_SIGNATORIES_REQUIRED;report_vocabulary=CODES_REQUIRED,,
MDS-00565,0,query,conditional,,,14800834,,14800834,14800834,medium,0.75,entitlement_unverified:AMB-13,0,25,DD-120;LW-410;LW-411;LW-412;MW-310;MW-320,appendix_g_reading;metre_source;rig_services_index;record_signatories;report_vocabulary,appendix_g_reading=LWD_ROWS_SHIFTED;metre_source=PART_B_RUN_METRES;rig_services_index=NOT_APPLIED;record_signatories=FORM_SIGNATORIES_REQUIRED;report_vocabulary=CODES_REQUIRED,,
MDS-00566,0,query,conditional,,,14303447,,14303447,14303447,medium,0.75,entitlement_unverified:AMB-13,0,21,DD-120;LW-410;LW-411;MW-310;MW-320,appendix_g_reading;metre_source;rig_services_index;record_signatories;report_vocabulary,appendix_g_reading=LWD_ROWS_SHIFTED;metre_source=PART_B_RUN_METRES;rig_services_index=NOT_APPLIED;record_signatories=FORM_SIGNATORIES_REQUIRED;report_vocabulary=CODES_REQUIRED,,
MDS-00567,0,query,conditional,,,14031719,,14031719,14031719,medium,0.75,entitlement_unverified:AMB-13,0,15,DD-120;MW-310;MW-320;PD-201;PD-210,metre_source;rig_services_index;volume_tier_scope;record_signatories;report_vocabulary,metre_source=PART_B_RUN_METRES;rig_services_index=NOT_APPLIED;volume_tier_scope=CONTRACT_WIDE;record_signatories=FORM_SIGNATORIES_REQUIRED;report_vocabulary=CODES_REQUIRED,,
MDS-00568,0,query,conditional,,,19966266,,19966266,19966266,medium,0.75,entitlement_unverified:AMB-13,0,22,DD-120;MW-310;MW-320;PD-201;PD-210,pd210_class_factor;rig_services_index;volume_tier_scope;record_signatories;report_vocabulary,pd210_class_factor=APPLY;rig_services_index=NOT_APPLIED;volume_tier_scope=CONTRACT_WIDE;record_signatories=FORM_SIGNATORIES_REQUIRED;report_vocabulary=CODES_REQUIRED,,
MDS-00569,0,query,conditional,,,9779407,,9779407,9779407,medium,0.75,entitlement_unverified:AMB-13,0,9,DD-120;MW-310;MW-320,metre_source;rig_services_index;record_signatories;report_vocabulary,metre_source=PART_B_RUN_METRES;rig_services_index=NOT_APPLIED;record_signatories=FORM_SIGNATORIES_REQUIRED;report_vocabulary=CODES_REQUIRED,,
MDS-00570,0,query,conditional,,,16829861,,16829861,16829861,medium,0.75,entitlement_unverified:AMB-13,0,29,DD-120;LW-410;LW-411;MW-310;MW-320;PD-201;PD-210,appendix_g_reading;metre_source;rig_services_index;volume_tier_scope;record_signatories;report_vocabulary,appendix_g_reading=LWD_ROWS_SHIFTED;metre_source=PART_B_RUN_METRES;rig_services_index=NOT_APPLIED;volume_tier_scope=CONTRACT_WIDE;record_signatories=FORM_SIGNATORIES_REQUIRED;report_vocabulary=CODES_REQUIRED,,
MDS-00571,0,query,conditional,,,10218658,,10218658,10218658,medium,0.75,entitlement_unverified:AMB-13,0,7,LW-410;MW-310,appendix_g_reading;metre_source;rig_services_index;record_signatories;report_vocabulary,appendix_g_reading=LWD_ROWS_SHIFTED;metre_source=PART_B_RUN_METRES;rig_services_index=NOT_APPLIED;record_signatories=FORM_SIGNATORIES_REQUIRED;report_vocabulary=CODES_REQUIRED,,
MDS-00572,0,query,conditional,,,9990304,,9990304,9990304,medium,0.75,entitlement_unverified:AMB-13,0,11,DD-120;LW-410;MW-310;MW-320,appendix_g_reading;metre_source;rig_services_index;record_signatories;report_vocabulary,appendix_g_reading=LWD_ROWS_SHIFTED;metre_source=PART_B_RUN_METRES;rig_services_index=NOT_APPLIED;record_signatories=FORM_SIGNATORIES_REQUIRED;report_vocabulary=CODES_REQUIRED,,
MDS-00573,0,query,conditional,,,17940475,,17940475,17940475,medium,0.75,entitlement_unverified:AMB-13,0,29,DD-120;LW-410;LW-411;LW-413;MW-310;MW-320;PD-201;PD-210,appendix_g_reading;metre_source;rig_services_index;volume_tier_scope;record_signatories;report_vocabulary,appendix_g_reading=LWD_ROWS_SHIFTED;metre_source=PART_B_RUN_METRES;rig_services_index=NOT_APPLIED;volume_tier_scope=CONTRACT_WIDE;record_signatories=FORM_SIGNATORIES_REQUIRED;report_vocabulary=CODES_REQUIRED,,
MDS-00574,0,query,conditional,,,49648901,,49648901,49648901,medium,0.75,entitlement_unverified:AMB-13,0,4,MW-310,rig_services_index;lih_replacement_value;record_signatories;report_vocabulary,rig_services_index=NOT_APPLIED;lih_replacement_value=SCHEDULE_6_USD;record_signatories=FORM_SIGNATORIES_REQUIRED;report_vocabulary=CODES_REQUIRED,,
MDS-00575,0,query,conditional,,,17166194,,17166194,17166194,medium,0.75,entitlement_unverified:AMB-13,0,26,DD-120;LW-410;LW-411;LW-413;MW-310;MW-320;PD-201;PD-210,appendix_g_reading;metre_source;rig_services_index;volume_tier_scope;record_signatories;report_vocabulary,appendix_g_reading=LWD_ROWS_SHIFTED;metre_source=PART_B_RUN_METRES;rig_services_index=NOT_APPLIED;volume_tier_scope=CONTRACT_WIDE;record_signatories=FORM_SIGNATORIES_REQUIRED;report_vocabulary=CODES_REQUIRED,,
MDS-00576,0,query,conditional,,,12208755,,12208755,12208755,medium,0.75,entitlement_unverified:AMB-13,0,10,DD-120;MW-310;MW-320,rig_services_index;record_signatories;report_vocabulary,rig_services_index=NOT_APPLIED;record_signatories=FORM_SIGNATORIES_REQUIRED;report_vocabulary=CODES_REQUIRED,,
MDS-00577,0,query,conditional,,,6836905,,6836905,6836905,medium,0.75,entitlement_unverified:AMB-13,0,4,MW-310,rig_services_index;record_signatories;report_vocabulary,rig_services_index=NOT_APPLIED;record_signatories=FORM_SIGNATORIES_REQUIRED;report_vocabulary=CODES_REQUIRED,,
MDS-00578,0,query,conditional,,,19313147,,19313147,19313147,medium,0.75,entitlement_unverified:AMB-13,0,25,DD-120;MW-310;MW-320;PD-201;PD-210,pd210_class_factor;rig_services_index;volume_tier_scope;report_vocabulary,pd210_class_factor=APPLY;rig_services_index=NOT_APPLIED;volume_tier_scope=CONTRACT_WIDE;report_vocabulary=CODES_REQUIRED,,
MDS-00579,0,query,conditional,,,8136097,,8136097,8136097,medium,0.75,entitlement_unverified:AMB-13,0,8,DD-120;MW-310;MW-320,metre_source;rig_services_index;record_signatories;report_vocabulary,metre_source=PART_B_RUN_METRES;rig_services_index=NOT_APPLIED;record_signatories=FORM_SIGNATORIES_REQUIRED;report_vocabulary=CODES_REQUIRED,,
MDS-00580,1,part-reject,conditional,duplicate_charge,duplicate_charge,11962092,,11743770,11743770,high,0.95,entitlement_unverified:AMB-13,1,21,DD-120;LW-410;LW-411;LW-413;MW-310;MW-320,appendix_g_reading;metre_source;rig_services_index;record_signatories;report_vocabulary,,,
MDS-00581,0,query,conditional,,,13518567,,13518567,13518567,medium,0.75,entitlement_unverified:AMB-13,0,18,DD-120;LW-410;LW-411;MW-310;MW-320;PD-201;PD-210,appendix_g_reading;metre_source;rig_services_index;volume_tier_scope;record_signatories;report_vocabulary,appendix_g_reading=LWD_ROWS_SHIFTED;metre_source=PART_B_RUN_METRES;rig_services_index=NOT_APPLIED;volume_tier_scope=CONTRACT_WIDE;record_signatories=FORM_SIGNATORIES_REQUIRED;report_vocabulary=CODES_REQUIRED,,
MDS-00582,0,query,conditional,,,10854152,,10854152,10854152,medium,0.75,entitlement_unverified:AMB-13,0,12,LW-410;MW-310,appendix_g_reading;metre_source;rig_services_index;record_signatories;report_vocabulary,appendix_g_reading=LWD_ROWS_SHIFTED;metre_source=PART_B_RUN_METRES;rig_services_index=NOT_APPLIED;record_signatories=FORM_SIGNATORIES_REQUIRED;report_vocabulary=CODES_REQUIRED,,
MDS-00583,0,query,conditional,,,26115713,,26115713,26115713,medium,0.75,entitlement_unverified:AMB-13,0,31,DD-120;MW-310;MW-320;PD-201;PD-210,pd210_class_factor;rig_services_index;volume_tier_scope;report_vocabulary,pd210_class_factor=APPLY;rig_services_index=NOT_APPLIED;volume_tier_scope=CONTRACT_WIDE;report_vocabulary=CODES_REQUIRED,,
MDS-00584,0,query,conditional,,,8690491,,8690491,8690491,medium,0.75,entitlement_unverified:AMB-13,0,11,DD-120;LW-410;LW-411;MW-310;MW-320;PD-201;PD-210,appendix_g_reading;metre_source;rig_services_index;volume_tier_scope;record_signatories;report_vocabulary,appendix_g_reading=LWD_ROWS_SHIFTED;metre_source=PART_B_RUN_METRES;rig_services_index=NOT_APPLIED;volume_tier_scope=CONTRACT_WIDE;record_signatories=FORM_SIGNATORIES_REQUIRED;report_vocabulary=CODES_REQUIRED,,
MDS-00585,0,query,conditional,,,13325135,,13325135,13325135,medium,0.75,entitlement_unverified:AMB-13,0,18,DD-120;MW-310;MW-320,rig_services_index;report_vocabulary,rig_services_index=NOT_APPLIED;report_vocabulary=CODES_REQUIRED,,
MDS-00586,1,part-reject,conditional,depth_band_misapplied,depth_band_misapplied,22067265,,21831860,21831860,high,0.95,entitlement_unverified:AMB-13,1,37,DD-120;LW-410;LW-411;LW-413;MW-310;MW-320;PD-201;PD-210,appendix_g_reading;metre_source;rig_services_index;volume_tier_scope;record_signatories;report_vocabulary,,,
MDS-00587,0,query,conditional,,,5230924,,5230924,5230924,medium,0.75,entitlement_unverified:AMB-13,0,6,LW-410;MW-310,appendix_g_reading;metre_source;rig_services_index;record_signatories;report_vocabulary,appendix_g_reading=LWD_ROWS_SHIFTED;metre_source=PART_B_RUN_METRES;rig_services_index=NOT_APPLIED;record_signatories=FORM_SIGNATORIES_REQUIRED;report_vocabulary=CODES_REQUIRED,,
MDS-00588,0,query,conditional,,,8855507,,8855507,8855507,medium,0.75,entitlement_unverified:AMB-13,0,13,DD-120;LW-410;LW-411;MW-310;MW-320,appendix_g_reading;metre_source;rig_services_index;record_signatories;report_vocabulary,appendix_g_reading=LWD_ROWS_SHIFTED;metre_source=PART_B_RUN_METRES;rig_services_index=NOT_APPLIED;record_signatories=FORM_SIGNATORIES_REQUIRED;report_vocabulary=CODES_REQUIRED,,
MDS-00589,0,query,conditional,,,12527571,,12527571,12527571,medium,0.75,entitlement_unverified:AMB-13,0,11,DD-120;MW-310;MW-320;PD-201;PD-210,metre_source;rig_services_index;volume_tier_scope;record_signatories;report_vocabulary,metre_source=PART_B_RUN_METRES;rig_services_index=NOT_APPLIED;volume_tier_scope=CONTRACT_WIDE;record_signatories=FORM_SIGNATORIES_REQUIRED;report_vocabulary=CODES_REQUIRED,,
MDS-00590,0,query,conditional,,,25416477,,25416477,25416477,medium,0.75,entitlement_unverified:AMB-13,0,37,DD-120;LW-410;LW-411;LW-413;MW-310;MW-320;PD-201;PD-210,appendix_g_reading;metre_source;pd210_class_factor;rig_services_index;volume_tier_scope;record_signatories;report_vocabulary,appendix_g_reading=LWD_ROWS_SHIFTED;metre_source=PART_B_RUN_METRES;pd210_class_factor=APPLY;rig_services_index=NOT_APPLIED;volume_tier_scope=CONTRACT_WIDE;record_signatories=FORM_SIGNATORIES_REQUIRED;report_vocabulary=CODES_REQUIRED,,
MDS-00591,0,query,conditional,,,11613934,,11613934,11613934,medium,0.75,entitlement_unverified:AMB-13,0,13,DD-120;LW-410;MW-310;MW-320,appendix_g_reading;metre_source;rig_services_index;record_signatories;report_vocabulary,appendix_g_reading=LWD_ROWS_SHIFTED;metre_source=PART_B_RUN_METRES;rig_services_index=NOT_APPLIED;record_signatories=FORM_SIGNATORIES_REQUIRED;report_vocabulary=CODES_REQUIRED,,
MDS-00592,0,query,conditional,,,9797798,,9797798,9797798,medium,0.75,entitlement_unverified:AMB-13,0,12,DD-120;MW-310;MW-320,rig_services_index;report_vocabulary,rig_services_index=NOT_APPLIED;report_vocabulary=CODES_REQUIRED,,
MDS-00593,0,query,conditional,,,58543450,,58543450,58543450,medium,0.75,entitlement_unverified:AMB-13,0,7,LW-410;MW-310,appendix_g_reading;metre_source;rig_services_index;record_signatories;report_vocabulary,appendix_g_reading=LWD_ROWS_SHIFTED;metre_source=PART_B_RUN_METRES;rig_services_index=NOT_APPLIED;record_signatories=FORM_SIGNATORIES_REQUIRED;report_vocabulary=CODES_REQUIRED,,
MDS-00594,0,query,conditional,,,14909977,,14909977,14909977,medium,0.75,entitlement_unverified:AMB-13,0,6,MW-310,rig_services_index;record_signatories;report_vocabulary,rig_services_index=NOT_APPLIED;record_signatories=FORM_SIGNATORIES_REQUIRED;report_vocabulary=CODES_REQUIRED,,
MDS-00595,0,query,conditional,,,8637047,,8637047,8637047,medium,0.75,entitlement_unverified:AMB-13,0,15,DD-120;LW-410;LW-411;MW-310;MW-320,appendix_g_reading;metre_source;rig_services_index;record_signatories;report_vocabulary,appendix_g_reading=LWD_ROWS_SHIFTED;metre_source=PART_B_RUN_METRES;rig_services_index=NOT_APPLIED;record_signatories=FORM_SIGNATORIES_REQUIRED;report_vocabulary=CODES_REQUIRED,,
MDS-00596,0,query,conditional,,,19317974,,19317974,19317974,medium,0.75,entitlement_unverified:AMB-13,0,21,DD-120;MW-310;MW-320;PD-201;PD-210,metre_source;rig_services_index;volume_tier_scope;record_signatories;report_vocabulary,metre_source=PART_B_RUN_METRES;rig_services_index=NOT_APPLIED;volume_tier_scope=CONTRACT_WIDE;record_signatories=FORM_SIGNATORIES_REQUIRED;report_vocabulary=CODES_REQUIRED,,
MDS-00597,0,query,conditional,,,12601316,,12601316,12601316,medium,0.75,entitlement_unverified:AMB-13,0,5,MW-310,rig_services_index;record_signatories;report_vocabulary,rig_services_index=NOT_APPLIED;record_signatories=FORM_SIGNATORIES_REQUIRED;report_vocabulary=CODES_REQUIRED,,
MDS-00598,0,query,conditional,,,6684045,,6684045,6684045,medium,0.75,entitlement_unverified:AMB-13,0,3,LW-410;MW-310,appendix_g_reading;metre_source;rig_services_index;record_signatories;report_vocabulary,appendix_g_reading=LWD_ROWS_SHIFTED;metre_source=PART_B_RUN_METRES;rig_services_index=NOT_APPLIED;record_signatories=FORM_SIGNATORIES_REQUIRED;report_vocabulary=CODES_REQUIRED,,
MDS-00599,0,query,conditional,,,14976568,,14976568,14976568,medium,0.75,entitlement_unverified:AMB-13,0,20,DD-120;LW-410;LW-411;LW-413;MW-310;MW-320;PD-201;PD-210,appendix_g_reading;metre_source;rig_services_index;volume_tier_scope;record_signatories;report_vocabulary,appendix_g_reading=LWD_ROWS_SHIFTED;metre_source=PART_B_RUN_METRES;rig_services_index=NOT_APPLIED;volume_tier_scope=CONTRACT_WIDE;record_signatories=FORM_SIGNATORIES_REQUIRED;report_vocabulary=CODES_REQUIRED,,
MDS-00600,0,query,conditional,,,25073036,,25073036,25073036,medium,0.75,entitlement_unverified:AMB-13,0,42,DD-120;LW-410;LW-411;LW-412;LW-413;MW-310;MW-320;PD-201;PD-210,appendix_g_reading;metre_source;pd210_class_factor;rig_services_index;volume_tier_scope;record_signatories;report_vocabulary,appendix_g_reading=LWD_ROWS_SHIFTED;metre_source=PART_B_RUN_METRES;pd210_class_factor=APPLY;rig_services_index=NOT_APPLIED;volume_tier_scope=CONTRACT_WIDE;record_signatories=FORM_SIGNATORIES_REQUIRED;report_vocabulary=CODES_REQUIRED,,
MDS-00601,0,query,conditional,,,12463967,,12463967,12463967,medium,0.75,entitlement_unverified:AMB-13,0,17,DD-120;LW-410;LW-411;MW-310;MW-320,appendix_g_reading;rig_services_index;record_signatories;report_vocabulary,appendix_g_reading=LWD_ROWS_SHIFTED;rig_services_index=NOT_APPLIED;record_signatories=FORM_SIGNATORIES_REQUIRED;report_vocabulary=CODES_REQUIRED,,
MDS-00602,0,query,conditional,,,6196379,,6196379,6196379,medium,0.75,entitlement_unverified:AMB-13,0,8,DD-120;MW-310;MW-320,rig_services_index;report_vocabulary,rig_services_index=NOT_APPLIED;report_vocabulary=CODES_REQUIRED,,
MDS-00603,0,query,conditional,,,8034764,,8034764,8034764,medium,0.75,entitlement_unverified:AMB-13,0,12,DD-120;LW-410;LW-411;MW-310;MW-320,appendix_g_reading;metre_source;standby_section_factor;rig_services_index;record_signatories;report_vocabulary,appendix_g_reading=LWD_ROWS_SHIFTED;metre_source=PART_B_RUN_METRES;standby_section_factor=APPLY;rig_services_index=NOT_APPLIED;record_signatories=FORM_SIGNATORIES_REQUIRED;report_vocabulary=CODES_REQUIRED,,
MDS-00604,0,query,conditional,,,12943470,,12943470,12943470,medium,0.75,entitlement_unverified:AMB-13,0,5,MW-310,rig_services_index;record_signatories;report_vocabulary,rig_services_index=NOT_APPLIED;record_signatories=FORM_SIGNATORIES_REQUIRED;report_vocabulary=CODES_REQUIRED,,
MDS-00605,0,query,conditional,,,26328093,,26328093,26328093,medium,0.75,entitlement_unverified:AMB-13,0,33,DD-120;LW-410;LW-411;MW-310;MW-320;PD-201;PD-210,appendix_g_reading;metre_source;rig_services_index;volume_tier_scope;record_signatories;report_vocabulary,appendix_g_reading=LWD_ROWS_SHIFTED;metre_source=PART_B_RUN_METRES;rig_services_index=NOT_APPLIED;volume_tier_scope=CONTRACT_WIDE;record_signatories=FORM_SIGNATORIES_REQUIRED;report_vocabulary=CODES_REQUIRED,,
MDS-00606,0,query,conditional,,,13155100,,13155100,13155100,medium,0.75,entitlement_unverified:AMB-13,0,21,DD-120;LW-410;LW-411;MW-310;MW-320;PD-201;PD-210,appendix_g_reading;metre_source;pd210_class_factor;rig_services_index;volume_tier_scope;record_signatories;report_vocabulary,appendix_g_reading=LWD_ROWS_SHIFTED;metre_source=PART_B_RUN_METRES;pd210_class_factor=APPLY;rig_services_index=NOT_APPLIED;volume_tier_scope=CONTRACT_WIDE;record_signatories=FORM_SIGNATORIES_REQUIRED;report_vocabulary=CODES_REQUIRED,,
MDS-00607,0,query,conditional,,,10192773,,10192773,10192773,medium,0.75,entitlement_unverified:AMB-13,0,7,LW-410;MW-310,appendix_g_reading;metre_source;rig_services_index;record_signatories;report_vocabulary,appendix_g_reading=LWD_ROWS_SHIFTED;metre_source=PART_B_RUN_METRES;rig_services_index=NOT_APPLIED;record_signatories=FORM_SIGNATORIES_REQUIRED;report_vocabulary=CODES_REQUIRED,,
MDS-00608,0,query,conditional,,,7763520,,7763520,7763520,medium,0.75,entitlement_unverified:AMB-13,0,4,MW-310,rig_services_index;record_signatories;report_vocabulary,rig_services_index=NOT_APPLIED;record_signatories=FORM_SIGNATORIES_REQUIRED;report_vocabulary=CODES_REQUIRED,,
MDS-00609,0,query,conditional,,,9074878,,9074878,9074878,medium,0.75,entitlement_unverified:AMB-13,0,12,DD-120;LW-410;LW-411;LW-412;MW-310;MW-320,appendix_g_reading;rig_services_index;record_signatories;report_vocabulary,appendix_g_reading=LWD_ROWS_SHIFTED;rig_services_index=NOT_APPLIED;record_signatories=FORM_SIGNATORIES_REQUIRED;report_vocabulary=CODES_REQUIRED,,
MDS-00610,0,query,conditional,,,51259563,,51259563,51259563,medium,0.75,entitlement_unverified:AMB-13,0,6,MW-310,rig_services_index;record_signatories;report_vocabulary,rig_services_index=NOT_APPLIED;record_signatories=FORM_SIGNATORIES_REQUIRED;report_vocabulary=CODES_REQUIRED,,
MDS-00611,0,query,conditional,,,12379059,,12379059,12379059,medium,0.75,entitlement_unverified:AMB-13,0,17,DD-120;LW-410;LW-411;MW-310;MW-320,appendix_g_reading;metre_source;rig_services_index;record_signatories;report_vocabulary,appendix_g_reading=LWD_ROWS_SHIFTED;metre_source=PART_B_RUN_METRES;rig_services_index=NOT_APPLIED;record_signatories=FORM_SIGNATORIES_REQUIRED;report_vocabulary=CODES_REQUIRED,,
MDS-00612,0,query,conditional,,,54146363,,54146363,54146363,medium,0.75,entitlement_unverified:AMB-13,0,29,DD-120;LW-410;LW-411;LW-413;MW-310;MW-320;PD-201;PD-210,appendix_g_reading;metre_source;pd210_class_factor;rig_services_index;volume_tier_scope;record_signatories;report_vocabulary,appendix_g_reading=LWD_ROWS_SHIFTED;metre_source=PART_B_RUN_METRES;pd210_class_factor=APPLY;rig_services_index=NOT_APPLIED;volume_tier_scope=CONTRACT_WIDE;record_signatories=FORM_SIGNATORIES_REQUIRED;report_vocabulary=CODES_REQUIRED,,
MDS-00613,0,query,conditional,,,16795950,,16795950,16795950,medium,0.75,entitlement_unverified:AMB-13,0,30,DD-120;LW-410;LW-411;MW-310;MW-320,appendix_g_reading;metre_source;rig_services_index;record_signatories;report_vocabulary,appendix_g_reading=LWD_ROWS_SHIFTED;metre_source=PART_B_RUN_METRES;rig_services_index=NOT_APPLIED;record_signatories=FORM_SIGNATORIES_REQUIRED;report_vocabulary=CODES_REQUIRED,,
MDS-00614,0,query,conditional,,,13977197,,13977197,13977197,medium,0.75,entitlement_unverified:AMB-13,0,6,MW-310,rig_services_index;record_signatories;report_vocabulary,rig_services_index=NOT_APPLIED;record_signatories=FORM_SIGNATORIES_REQUIRED;report_vocabulary=CODES_REQUIRED,,
MDS-00615,0,query,conditional,,,11627420,,11627420,11627420,medium,0.75,entitlement_unverified:AMB-13,0,4,MW-310,rig_services_index;record_signatories;report_vocabulary,rig_services_index=NOT_APPLIED;record_signatories=FORM_SIGNATORIES_REQUIRED;report_vocabulary=CODES_REQUIRED,,
MDS-00616,0,query,conditional,,,12149675,,12149675,12149675,medium,0.75,entitlement_unverified:AMB-13,0,21,DD-120;LW-410;LW-411;LW-412;LW-413;MW-310;MW-320;PD-201;PD-210,appendix_g_reading;metre_source;pd210_class_factor;standby_section_factor;rig_services_index;volume_tier_scope;record_signatories;report_vocabulary,appendix_g_reading=LWD_ROWS_SHIFTED;metre_source=PART_B_RUN_METRES;pd210_class_factor=APPLY;standby_section_factor=APPLY;rig_services_index=NOT_APPLIED;volume_tier_scope=CONTRACT_WIDE;record_signatories=FORM_SIGNATORIES_REQUIRED;report_vocabulary=CODES_REQUIRED,,
MDS-00617,0,query,conditional,,,7895000,,7895000,7895000,medium,0.75,entitlement_unverified:AMB-13,0,4,MW-310,rig_services_index;record_signatories;report_vocabulary,rig_services_index=NOT_APPLIED;record_signatories=FORM_SIGNATORIES_REQUIRED;report_vocabulary=CODES_REQUIRED,,
MDS-00618,0,query,conditional,,,11142548,,11142548,11142548,medium,0.75,entitlement_unverified:AMB-13,0,4,MW-310,rig_services_index;record_signatories;report_vocabulary,rig_services_index=NOT_APPLIED;record_signatories=FORM_SIGNATORIES_REQUIRED;report_vocabulary=CODES_REQUIRED,,
MDS-00619,0,query,conditional,,,12573281,,12573281,12573281,medium,0.75,entitlement_unverified:AMB-13,0,24,DD-120;LW-410;LW-411;LW-412;MW-310;MW-320,appendix_g_reading;metre_source;rig_services_index;record_signatories;report_vocabulary,appendix_g_reading=LWD_ROWS_SHIFTED;metre_source=PART_B_RUN_METRES;rig_services_index=NOT_APPLIED;record_signatories=FORM_SIGNATORIES_REQUIRED;report_vocabulary=CODES_REQUIRED,,
MDS-00620,0,query,conditional,,,13769680,,13769680,13769680,medium,0.75,entitlement_unverified:AMB-13,0,14,DD-120;MW-310;MW-320,rig_services_index;record_signatories;report_vocabulary,rig_services_index=NOT_APPLIED;record_signatories=FORM_SIGNATORIES_REQUIRED;report_vocabulary=CODES_REQUIRED,,
MDS-00621,0,query,conditional,,,15165727,,15165727,15165727,medium,0.75,entitlement_unverified:AMB-13,0,28,DD-120;LW-410;LW-411;MW-310;MW-320;PD-201;PD-210,appendix_g_reading;metre_source;rig_services_index;volume_tier_scope;record_signatories;report_vocabulary,appendix_g_reading=LWD_ROWS_SHIFTED;metre_source=PART_B_RUN_METRES;rig_services_index=NOT_APPLIED;volume_tier_scope=CONTRACT_WIDE;record_signatories=FORM_SIGNATORIES_REQUIRED;report_vocabulary=CODES_REQUIRED,,
MDS-00622,1,part-reject,conditional,standby_rate_misapplied,standby_rate_misapplied,6646994,,6603330,6603330,high,0.95,entitlement_unverified:AMB-13,1,7,LW-410;MW-310,appendix_g_reading;metre_source;standby_section_factor;rig_services_index;record_signatories;report_vocabulary,,,
MDS-00623,0,query,conditional,,,11366540,,11366540,11366540,medium,0.75,entitlement_unverified:AMB-13,0,13,DD-120;LW-410;LW-411;LW-412;LW-413;MW-310;MW-320;PD-201;PD-210,appendix_g_reading;metre_source;pd210_class_factor;rig_services_index;volume_tier_scope;record_signatories;report_vocabulary,appendix_g_reading=LWD_ROWS_SHIFTED;metre_source=PART_B_RUN_METRES;pd210_class_factor=APPLY;rig_services_index=NOT_APPLIED;volume_tier_scope=CONTRACT_WIDE;record_signatories=FORM_SIGNATORIES_REQUIRED;report_vocabulary=CODES_REQUIRED,,
MDS-00624,0,query,conditional,,,13418548,,13418548,13418548,medium,0.75,entitlement_unverified:AMB-13,0,22,DD-120;LW-410;LW-411;MW-310;MW-320;PD-201;PD-210,appendix_g_reading;metre_source;pd210_class_factor;rig_services_index;volume_tier_scope;record_signatories;report_vocabulary,appendix_g_reading=LWD_ROWS_SHIFTED;metre_source=PART_B_RUN_METRES;pd210_class_factor=APPLY;rig_services_index=NOT_APPLIED;volume_tier_scope=CONTRACT_WIDE;record_signatories=FORM_SIGNATORIES_REQUIRED;report_vocabulary=CODES_REQUIRED,,
MDS-00625,0,query,conditional,,,14007620,,14007620,14007620,medium,0.75,entitlement_unverified:AMB-13,0,6,MW-310,rig_services_index;record_signatories;report_vocabulary,rig_services_index=NOT_APPLIED;record_signatories=FORM_SIGNATORIES_REQUIRED;report_vocabulary=CODES_REQUIRED,,
MDS-00626,1,part-reject,conditional,not_chargeable_on_standby,not_chargeable_on_standby,15667605,,15584856,15584856,high,0.95,entitlement_unverified:AMB-13,1,17,DD-120;MW-310;MW-320;PD-201;PD-210,metre_source;rig_services_index;volume_tier_scope;record_signatories;report_vocabulary,,,
MDS-00627,0,query,conditional,,,11649554,,11649554,11649554,medium,0.75,entitlement_unverified:AMB-13,0,6,MW-310,rig_services_index;record_signatories;report_vocabulary,rig_services_index=NOT_APPLIED;record_signatories=FORM_SIGNATORIES_REQUIRED;report_vocabulary=CODES_REQUIRED,,
MDS-00628,0,query,conditional,,,10553341,,10553341,10553341,medium,0.75,entitlement_unverified:AMB-13,0,11,DD-120;MW-310;MW-320;PD-201;PD-210,pd210_class_factor;rig_services_index;volume_tier_scope;record_signatories;report_vocabulary,pd210_class_factor=APPLY;rig_services_index=NOT_APPLIED;volume_tier_scope=CONTRACT_WIDE;record_signatories=FORM_SIGNATORIES_REQUIRED;report_vocabulary=CODES_REQUIRED,,
MDS-00629,0,query,conditional,,,8122493,,8122493,8122493,medium,0.75,entitlement_unverified:AMB-13,0,5,MW-310,standby_section_factor;rig_services_index;monthly_rate_basis;report_vocabulary,standby_section_factor=APPLY;rig_services_index=NOT_APPLIED;monthly_rate_basis=FINAL_RATE;report_vocabulary=CODES_REQUIRED,,
MDS-00630,0,query,conditional,,,19239685,,19239685,19239685,medium,0.75,entitlement_unverified:AMB-13,0,28,DD-120;LW-410;LW-411;LW-412;LW-413;MW-310;MW-320,appendix_g_reading;metre_source;rig_services_index;record_signatories;report_vocabulary,appendix_g_reading=LWD_ROWS_SHIFTED;metre_source=PART_B_RUN_METRES;rig_services_index=NOT_APPLIED;record_signatories=FORM_SIGNATORIES_REQUIRED;report_vocabulary=CODES_REQUIRED,,
MDS-00631,0,query,conditional,,,12285536,,12285536,12285536,medium,0.75,entitlement_unverified:AMB-13,0,15,DD-120;LW-410;LW-411;MW-310;MW-320,appendix_g_reading;metre_source;standby_section_factor;rig_services_index;record_signatories;report_vocabulary,appendix_g_reading=LWD_ROWS_SHIFTED;metre_source=PART_B_RUN_METRES;standby_section_factor=APPLY;rig_services_index=NOT_APPLIED;record_signatories=FORM_SIGNATORIES_REQUIRED;report_vocabulary=CODES_REQUIRED,,
MDS-00632,0,query,conditional,,,12027016,,12027016,12027016,medium,0.75,entitlement_unverified:AMB-13,0,9,DD-120;MW-310;MW-320;PD-201;PD-210,rig_services_index;volume_tier_scope;record_signatories;report_vocabulary,rig_services_index=NOT_APPLIED;volume_tier_scope=CONTRACT_WIDE;record_signatories=FORM_SIGNATORIES_REQUIRED;report_vocabulary=CODES_REQUIRED,,
MDS-00633,0,query,conditional,,,22427361,,22427361,22427361,medium,0.75,entitlement_unverified:AMB-13,0,37,DD-120;LW-410;LW-411;LW-413;MW-310;MW-320;PD-201;PD-210,appendix_g_reading;metre_source;rig_services_index;volume_tier_scope;record_signatories;report_vocabulary,appendix_g_reading=LWD_ROWS_SHIFTED;metre_source=PART_B_RUN_METRES;rig_services_index=NOT_APPLIED;volume_tier_scope=CONTRACT_WIDE;record_signatories=FORM_SIGNATORIES_REQUIRED;report_vocabulary=CODES_REQUIRED,,
MDS-00634,0,query,conditional,,,20016922,,20016922,20016922,medium,0.75,entitlement_unverified:AMB-13,0,28,DD-120;LW-410;LW-411;MW-310;MW-320;PD-201;PD-210,appendix_g_reading;metre_source;pd210_class_factor;standby_section_factor;rig_services_index;volume_tier_scope;record_signatories;report_vocabulary,appendix_g_reading=LWD_ROWS_SHIFTED;metre_source=PART_B_RUN_METRES;pd210_class_factor=APPLY;standby_section_factor=APPLY;rig_services_index=NOT_APPLIED;volume_tier_scope=CONTRACT_WIDE;record_signatories=FORM_SIGNATORIES_REQUIRED;report_vocabulary=CODES_REQUIRED,,
MDS-00635,1,part-reject,conditional,discount_misapplied,discount_misapplied,10302113,,10328623,10328623,high,0.95,entitlement_unverified:AMB-13,1,7,LW-410;MW-310,appendix_g_reading;metre_source;rig_services_index;record_signatories;report_vocabulary,,,
MDS-00636,0,query,conditional,,,12701975,,12701975,12701975,medium,0.75,entitlement_unverified:AMB-13,0,15,DD-120;MW-310;MW-320,rig_services_index;report_vocabulary,rig_services_index=NOT_APPLIED;report_vocabulary=CODES_REQUIRED,,
MDS-00637,0,query,conditional,,,24998959,,24998959,24998959,medium,0.75,entitlement_unverified:AMB-13,0,31,DD-120;MW-310;MW-320;PD-201;PD-210,pd210_class_factor;rig_services_index;volume_tier_scope;report_vocabulary,pd210_class_factor=APPLY;rig_services_index=NOT_APPLIED;volume_tier_scope=CONTRACT_WIDE;report_vocabulary=CODES_REQUIRED,,
MDS-00638,0,query,conditional,,,20911356,,20911356,20911356,medium,0.75,entitlement_unverified:AMB-13,0,21,DD-120;MW-310;MW-320;PD-201;PD-210,metre_source;rig_services_index;volume_tier_scope;record_signatories;report_vocabulary,metre_source=PART_B_RUN_METRES;rig_services_index=NOT_APPLIED;volume_tier_scope=CONTRACT_WIDE;record_signatories=FORM_SIGNATORIES_REQUIRED;report_vocabulary=CODES_REQUIRED,,
MDS-00639,1,part-reject,conditional,lost_in_hole_valuation,lost_in_hole_valuation,67486784,,64511504,64511504,high,0.95,entitlement_unverified:AMB-13,1,22,DD-120;MW-310;MW-320;PD-201;PD-210,metre_source;pd210_class_factor;rig_services_index;volume_tier_scope;record_signatories;report_vocabulary,,,
MDS-00640,0,query,conditional,,,5771374,,5771374,5771374,medium,0.75,entitlement_unverified:AMB-13,0,3,MW-310,rig_services_index;record_signatories;report_vocabulary,rig_services_index=NOT_APPLIED;record_signatories=FORM_SIGNATORIES_REQUIRED;report_vocabulary=CODES_REQUIRED,,
MDS-00641,0,query,conditional,,,11462569,,11462569,11462569,medium,0.75,entitlement_unverified:AMB-13,0,11,DD-120;MW-310;MW-320,metre_source;rig_services_index;record_signatories;report_vocabulary,metre_source=PART_B_RUN_METRES;rig_services_index=NOT_APPLIED;record_signatories=FORM_SIGNATORIES_REQUIRED;report_vocabulary=CODES_REQUIRED,,
MDS-00642,0,query,conditional,,,14509388,,14509388,14509388,medium,0.75,entitlement_unverified:AMB-13,0,6,MW-310,rig_services_index;record_signatories;report_vocabulary,rig_services_index=NOT_APPLIED;record_signatories=FORM_SIGNATORIES_REQUIRED;report_vocabulary=CODES_REQUIRED,,
MDS-00643,1,part-reject,conditional,factor_misapplied,factor_misapplied,14723264,,14693871,14693871,medium,0.75,entitlement_unverified:AMB-13,1,6,MW-310,standby_section_factor;rig_services_index;monthly_rate_basis;record_signatories;report_vocabulary,,,
MDS-00644,0,query,conditional,,,22581006,,22581006,22581006,medium,0.75,entitlement_unverified:AMB-13,0,31,DD-120;MW-310;MW-320;PD-201;PD-210,rig_services_index;volume_tier_scope;report_vocabulary,rig_services_index=NOT_APPLIED;volume_tier_scope=CONTRACT_WIDE;report_vocabulary=CODES_REQUIRED,,
MDS-00645,0,query,conditional,,,10998914,,10998914,10998914,medium,0.75,entitlement_unverified:AMB-13,0,16,DD-120;LW-410;LW-411;LW-413;MW-310;MW-320;PD-201;PD-210,appendix_g_reading;metre_source;rig_services_index;volume_tier_scope;record_signatories;report_vocabulary,appendix_g_reading=LWD_ROWS_SHIFTED;metre_source=PART_B_RUN_METRES;rig_services_index=NOT_APPLIED;volume_tier_scope=CONTRACT_WIDE;record_signatories=FORM_SIGNATORIES_REQUIRED;submission_date=INVOICE_DATE_IS_SUBMISSION;report_vocabulary=CODES_REQUIRED,,"invoice dated 2025-08-21, 2 day(s) before its period ended on 2025-08-23; the submission date is not in the data (AMB-25), so Clause 33 is not judged"
MDS-00646,0,query,conditional,,,6135198,,6135198,6135198,medium,0.75,entitlement_unverified:AMB-13,0,9,DD-120;LW-410;LW-411;MW-310;MW-320,appendix_g_reading;standby_section_factor;rig_services_index;record_signatories;report_vocabulary,appendix_g_reading=LWD_ROWS_SHIFTED;standby_section_factor=APPLY;rig_services_index=NOT_APPLIED;record_signatories=FORM_SIGNATORIES_REQUIRED;report_vocabulary=CODES_REQUIRED,,
MDS-00647,0,query,conditional,,,12855909,,12855909,12855909,medium,0.75,entitlement_unverified:AMB-13,0,5,MW-310,rig_services_index;record_signatories;report_vocabulary,rig_services_index=NOT_APPLIED;record_signatories=FORM_SIGNATORIES_REQUIRED;report_vocabulary=CODES_REQUIRED,,
MDS-00648,0,query,conditional,,,13173615,,13173615,13173615,medium,0.75,entitlement_unverified:AMB-13,0,14,DD-120;MW-310;MW-320,rig_services_index;record_signatories;report_vocabulary,rig_services_index=NOT_APPLIED;record_signatories=FORM_SIGNATORIES_REQUIRED;report_vocabulary=CODES_REQUIRED,,
MDS-00649,0,query,conditional,,,25649288,,25649288,25649288,medium,0.75,entitlement_unverified:AMB-13,0,38,DD-120;LW-410;LW-411;LW-413;MW-310;MW-320;PD-201;PD-210,appendix_g_reading;metre_source;rig_services_index;volume_tier_scope;record_signatories;report_vocabulary,appendix_g_reading=LWD_ROWS_SHIFTED;metre_source=PART_B_RUN_METRES;rig_services_index=NOT_APPLIED;volume_tier_scope=CONTRACT_WIDE;record_signatories=FORM_SIGNATORIES_REQUIRED;report_vocabulary=CODES_REQUIRED,,
MDS-00650,0,query,conditional,,,16770811,,16770811,16770811,medium,0.75,entitlement_unverified:AMB-13,0,20,DD-120;MW-310;MW-320;PD-201;PD-210,pd210_class_factor;rig_services_index;volume_tier_scope;report_vocabulary,pd210_class_factor=APPLY;rig_services_index=NOT_APPLIED;volume_tier_scope=CONTRACT_WIDE;report_vocabulary=CODES_REQUIRED,,
MDS-00651,0,query,conditional,,,13330918,,13330918,13330918,medium,0.75,entitlement_unverified:AMB-13,0,12,DD-120;MW-310;MW-320,metre_source;rig_services_index;record_signatories;report_vocabulary,metre_source=PART_B_RUN_METRES;rig_services_index=NOT_APPLIED;record_signatories=FORM_SIGNATORIES_REQUIRED;report_vocabulary=CODES_REQUIRED,,
MDS-00652,0,query,conditional,,,8655015,,8655015,8655015,medium,0.75,entitlement_unverified:AMB-13,0,10,LW-410;MW-310,appendix_g_reading;metre_source;rig_services_index;record_signatories;report_vocabulary,appendix_g_reading=LWD_ROWS_SHIFTED;metre_source=PART_B_RUN_METRES;rig_services_index=NOT_APPLIED;record_signatories=FORM_SIGNATORIES_REQUIRED;report_vocabulary=CODES_REQUIRED,,
MDS-00653,1,part-reject,conditional,factor_misapplied,factor_misapplied,19443011,,19451807,19451807,medium,0.75,entitlement_unverified:AMB-13,1,29,DD-120;LW-410;LW-411;LW-413;MW-310;MW-320,appendix_g_reading;metre_source;standby_section_factor;rig_services_index;record_signatories;report_vocabulary,,standby_section_factor=APPLY,
MDS-00654,0,query,conditional,,,23204460,,23204460,23204460,medium,0.75,entitlement_unverified:AMB-13,0,25,DD-120;MW-310;MW-320;PD-201;PD-210,metre_source;pd210_class_factor;rig_services_index;volume_tier_scope;record_signatories;report_vocabulary,metre_source=PART_B_RUN_METRES;pd210_class_factor=APPLY;rig_services_index=NOT_APPLIED;volume_tier_scope=CONTRACT_WIDE;record_signatories=FORM_SIGNATORIES_REQUIRED;report_vocabulary=CODES_REQUIRED,,
MDS-00655,0,query,conditional,,,14420407,,14420407,14420407,medium,0.75,entitlement_unverified:AMB-13,0,6,MW-310,rig_services_index;record_signatories;report_vocabulary,rig_services_index=NOT_APPLIED;record_signatories=FORM_SIGNATORIES_REQUIRED;report_vocabulary=CODES_REQUIRED,,
MDS-00656,0,query,conditional,,,12242592,,12242592,12242592,medium,0.75,entitlement_unverified:AMB-13,0,6,MW-310,rig_services_index;record_signatories;report_vocabulary,rig_services_index=NOT_APPLIED;record_signatories=FORM_SIGNATORIES_REQUIRED;report_vocabulary=CODES_REQUIRED,,
MDS-00657,0,query,conditional,,,9867012,,9867012,9867012,medium,0.75,entitlement_unverified:AMB-13,0,5,MW-310,rig_services_index;record_signatories;report_vocabulary,rig_services_index=NOT_APPLIED;record_signatories=FORM_SIGNATORIES_REQUIRED;report_vocabulary=CODES_REQUIRED,,
MDS-00658,0,query,conditional,,,11674739,,11674739,11674739,medium,0.75,entitlement_unverified:AMB-13,0,4,MW-310,rig_services_index;record_signatories;report_vocabulary,rig_services_index=NOT_APPLIED;record_signatories=FORM_SIGNATORIES_REQUIRED;report_vocabulary=CODES_REQUIRED,,
MDS-00659,0,query,conditional,,,15659741,,15659741,15659741,medium,0.75,entitlement_unverified:AMB-13,0,22,DD-120;LW-410;LW-411;LW-413;MW-310;MW-320;PD-201;PD-210,appendix_g_reading;rig_services_index;volume_tier_scope;record_signatories;report_vocabulary,appendix_g_reading=LWD_ROWS_SHIFTED;rig_services_index=NOT_APPLIED;volume_tier_scope=CONTRACT_WIDE;record_signatories=FORM_SIGNATORIES_REQUIRED;report_vocabulary=CODES_REQUIRED,,
MDS-00660,0,query,conditional,,,7819058,,7819058,7819058,medium,0.75,entitlement_unverified:AMB-13,0,4,MW-310,rig_services_index;record_signatories;report_vocabulary,rig_services_index=NOT_APPLIED;record_signatories=FORM_SIGNATORIES_REQUIRED;report_vocabulary=CODES_REQUIRED,,
MDS-00661,0,query,conditional,,,25799704,,25799704,25799704,medium,0.75,entitlement_unverified:AMB-13,0,44,DD-120;LW-410;LW-411;LW-412;MW-310;MW-320;PD-201;PD-210,appendix_g_reading;metre_source;pd210_class_factor;rig_services_index;volume_tier_scope;record_signatories;report_vocabulary,appendix_g_reading=LWD_ROWS_SHIFTED;metre_source=PART_B_RUN_METRES;pd210_class_factor=APPLY;rig_services_index=NOT_APPLIED;volume_tier_scope=CONTRACT_WIDE;record_signatories=FORM_SIGNATORIES_REQUIRED;report_vocabulary=CODES_REQUIRED,,
MDS-00662,0,query,conditional,,,13029990,,13029990,13029990,medium,0.75,entitlement_unverified:AMB-13,0,16,DD-120;LW-410;LW-411;MW-310;MW-320,appendix_g_reading;metre_source;rig_services_index;record_signatories;report_vocabulary,appendix_g_reading=LWD_ROWS_SHIFTED;metre_source=PART_B_RUN_METRES;rig_services_index=NOT_APPLIED;record_signatories=FORM_SIGNATORIES_REQUIRED;report_vocabulary=CODES_REQUIRED,,
MDS-00663,0,query,conditional,,,14018637,,14018637,14018637,medium,0.75,entitlement_unverified:AMB-13,0,18,DD-120;MW-310;MW-320,rig_services_index;report_vocabulary,rig_services_index=NOT_APPLIED;report_vocabulary=CODES_REQUIRED,,
MDS-00664,0,query,conditional,,,19448364,,19448364,19448364,medium,0.75,entitlement_unverified:AMB-13,0,31,DD-120;LW-410;LW-411;LW-413;MW-310;MW-320;PD-201;PD-210,appendix_g_reading;metre_source;rig_services_index;volume_tier_scope;record_signatories;report_vocabulary,appendix_g_reading=LWD_ROWS_SHIFTED;metre_source=PART_B_RUN_METRES;rig_services_index=NOT_APPLIED;volume_tier_scope=CONTRACT_WIDE;record_signatories=FORM_SIGNATORIES_REQUIRED;report_vocabulary=CODES_REQUIRED,,
MDS-00665,0,query,conditional,,,6696162,,6696162,6696162,medium,0.75,entitlement_unverified:AMB-13,0,3,LW-410;MW-310,appendix_g_reading;metre_source;rig_services_index;record_signatories;report_vocabulary,appendix_g_reading=LWD_ROWS_SHIFTED;metre_source=PART_B_RUN_METRES;rig_services_index=NOT_APPLIED;record_signatories=FORM_SIGNATORIES_REQUIRED;report_vocabulary=CODES_REQUIRED,,
MDS-00666,0,query,conditional,,,26963232,,26963232,26963232,medium,0.75,entitlement_unverified:AMB-13,0,44,DD-120;LW-410;LW-411;LW-412;LW-413;MW-310;MW-320;PD-201;PD-210,appendix_g_reading;metre_source;pd210_class_factor;standby_section_factor;rig_services_index;volume_tier_scope;record_signatories;report_vocabulary,appendix_g_reading=LWD_ROWS_SHIFTED;metre_source=PART_B_RUN_METRES;pd210_class_factor=APPLY;standby_section_factor=APPLY;rig_services_index=NOT_APPLIED;volume_tier_scope=CONTRACT_WIDE;record_signatories=FORM_SIGNATORIES_REQUIRED;report_vocabulary=CODES_REQUIRED,,
MDS-00667,0,query,conditional,,,7949258,,7949258,7949258,medium,0.75,entitlement_unverified:AMB-13,0,4,MW-310,rig_services_index;record_signatories;report_vocabulary,rig_services_index=NOT_APPLIED;record_signatories=FORM_SIGNATORIES_REQUIRED;report_vocabulary=CODES_REQUIRED,,
MDS-00668,0,query,conditional,,,21071299,,21071299,21071299,medium,0.75,entitlement_unverified:AMB-13,0,36,DD-120;LW-410;LW-411;LW-413;MW-310;MW-320;PD-201;PD-210,appendix_g_reading;metre_source;rig_services_index;volume_tier_scope;record_signatories;report_vocabulary,appendix_g_reading=LWD_ROWS_SHIFTED;metre_source=PART_B_RUN_METRES;rig_services_index=NOT_APPLIED;volume_tier_scope=CONTRACT_WIDE;record_signatories=FORM_SIGNATORIES_REQUIRED;report_vocabulary=CODES_REQUIRED,,
MDS-00669,0,query,conditional,,,11234173,,11234173,11234173,medium,0.75,entitlement_unverified:AMB-13,0,18,DD-120;LW-410;LW-411;LW-413;MW-310;MW-320,appendix_g_reading;metre_source;standby_section_factor;rig_services_index;record_signatories;report_vocabulary,appendix_g_reading=LWD_ROWS_SHIFTED;metre_source=PART_B_RUN_METRES;standby_section_factor=APPLY;rig_services_index=NOT_APPLIED;record_signatories=FORM_SIGNATORIES_REQUIRED;report_vocabulary=CODES_REQUIRED,,
MDS-00670,0,query,conditional,,,10584429,,10584429,10584429,medium,0.75,entitlement_unverified:AMB-13,0,8,DD-120;MW-310;MW-320;PD-201;PD-210,pd210_class_factor;rig_services_index;volume_tier_scope;record_signatories;report_vocabulary,pd210_class_factor=APPLY;rig_services_index=NOT_APPLIED;volume_tier_scope=CONTRACT_WIDE;record_signatories=FORM_SIGNATORIES_REQUIRED;report_vocabulary=CODES_REQUIRED,,
MDS-00671,0,query,conditional,,,23326614,,23326614,23326614,medium,0.75,entitlement_unverified:AMB-13,0,30,DD-120;MW-310;MW-320;PD-201;PD-210,pd210_class_factor;rig_services_index;volume_tier_scope;report_vocabulary,pd210_class_factor=APPLY;rig_services_index=NOT_APPLIED;volume_tier_scope=CONTRACT_WIDE;report_vocabulary=CODES_REQUIRED,,
MDS-00672,1,query,conditional,contract_reference_mismatch,contract_reference_mismatch,4799277,,4799277,4799277,high,0.95,entitlement_unverified:AMB-13,1,3,MW-310,standby_section_factor;rig_services_index;monthly_rate_basis;record_signatories;report_vocabulary,,,
MDS-00673,0,query,conditional,,,11263244,,11263244,11263244,medium,0.75,entitlement_unverified:AMB-13,0,15,DD-120;MW-310;MW-320;PD-201;PD-210,rig_services_index;volume_tier_scope;report_vocabulary,rig_services_index=NOT_APPLIED;volume_tier_scope=CONTRACT_WIDE;report_vocabulary=CODES_REQUIRED,,
MDS-00674,0,query,conditional,,,5664759,,5664759,5664759,medium,0.75,entitlement_unverified:AMB-13,0,4,DD-120;MW-310;MW-320;PD-201,rig_services_index;report_vocabulary,rig_services_index=NOT_APPLIED;report_vocabulary=CODES_REQUIRED,,
MDS-00675,0,query,conditional,,,8291263,,8291263,8291263,medium,0.75,entitlement_unverified:AMB-13,0,15,DD-120;LW-410;LW-411;MW-310;MW-320,appendix_g_reading;metre_source;rig_services_index;record_signatories;report_vocabulary,appendix_g_reading=LWD_ROWS_SHIFTED;metre_source=PART_B_RUN_METRES;rig_services_index=NOT_APPLIED;record_signatories=FORM_SIGNATORIES_REQUIRED;report_vocabulary=CODES_REQUIRED,,
MDS-00676,0,query,conditional,,,15385389,,15385389,15385389,medium,0.75,entitlement_unverified:AMB-13,0,25,DD-120;LW-410;LW-411;LW-412;MW-310;MW-320;PD-201;PD-210,appendix_g_reading;metre_source;pd210_class_factor;rig_services_index;volume_tier_scope;record_signatories;report_vocabulary,appendix_g_reading=LWD_ROWS_SHIFTED;metre_source=PART_B_RUN_METRES;pd210_class_factor=APPLY;rig_services_index=NOT_APPLIED;volume_tier_scope=CONTRACT_WIDE;record_signatories=FORM_SIGNATORIES_REQUIRED;report_vocabulary=CODES_REQUIRED,,
MDS-00677,0,query,conditional,,,11959971,,11959971,11959971,medium,0.75,entitlement_unverified:AMB-13,0,17,DD-120;LW-410;LW-411;LW-413;MW-310;MW-320,appendix_g_reading;metre_source;rig_services_index;record_signatories;report_vocabulary,appendix_g_reading=LWD_ROWS_SHIFTED;metre_source=PART_B_RUN_METRES;rig_services_index=NOT_APPLIED;record_signatories=FORM_SIGNATORIES_REQUIRED;report_vocabulary=CODES_REQUIRED,,
MDS-00678,0,query,conditional,,,15945592,,15945592,15945592,medium,0.75,entitlement_unverified:AMB-13,0,12,DD-120;MW-310;MW-320,metre_source;rig_services_index;record_signatories;report_vocabulary,metre_source=PART_B_RUN_METRES;rig_services_index=NOT_APPLIED;record_signatories=FORM_SIGNATORIES_REQUIRED;report_vocabulary=CODES_REQUIRED,,
MDS-00679,0,query,conditional,,,13608058,,13608058,13608058,medium,0.75,entitlement_unverified:AMB-13,0,13,DD-120;MW-310;MW-320;PD-201;PD-210,rig_services_index;volume_tier_scope;record_signatories;report_vocabulary,rig_services_index=NOT_APPLIED;volume_tier_scope=CONTRACT_WIDE;record_signatories=FORM_SIGNATORIES_REQUIRED;report_vocabulary=CODES_REQUIRED,,
MDS-00680,0,query,conditional,,,8544318,,8544318,8544318,medium,0.75,entitlement_unverified:AMB-13,0,8,DD-120;LW-410;LW-411;MW-310;MW-320,appendix_g_reading;metre_source;rig_services_index;record_signatories;report_vocabulary,appendix_g_reading=LWD_ROWS_SHIFTED;metre_source=PART_B_RUN_METRES;rig_services_index=NOT_APPLIED;record_signatories=FORM_SIGNATORIES_REQUIRED;report_vocabulary=CODES_REQUIRED,,
MDS-00681,0,query,conditional,,,21410722,,21410722,21410722,medium,0.75,entitlement_unverified:AMB-13,0,29,DD-120;MW-310;MW-320;PD-201;PD-210,rig_services_index;volume_tier_scope;report_vocabulary,rig_services_index=NOT_APPLIED;volume_tier_scope=CONTRACT_WIDE;report_vocabulary=CODES_REQUIRED,,
MDS-00682,0,query,conditional,,,20690388,,20690388,20690388,medium,0.75,entitlement_unverified:AMB-13,0,26,DD-120;MW-310;MW-320;PD-201;PD-210,pd210_class_factor;rig_services_index;volume_tier_scope;report_vocabulary,pd210_class_factor=APPLY;rig_services_index=NOT_APPLIED;volume_tier_scope=CONTRACT_WIDE;report_vocabulary=CODES_REQUIRED,,
MDS-00683,0,query,conditional,,,11088402,,11088402,11088402,medium,0.75,entitlement_unverified:AMB-13,0,4,MW-310,rig_services_index;record_signatories;report_vocabulary,rig_services_index=NOT_APPLIED;record_signatories=FORM_SIGNATORIES_REQUIRED;report_vocabulary=CODES_REQUIRED,,
MDS-00684,0,query,conditional,,,26447265,,26447265,26447265,medium,0.75,entitlement_unverified:AMB-13,0,45,DD-120;LW-410;LW-411;LW-413;MW-310;MW-320;PD-201;PD-210,appendix_g_reading;metre_source;rig_services_index;volume_tier_scope;record_signatories;report_vocabulary,appendix_g_reading=LWD_ROWS_SHIFTED;metre_source=PART_B_RUN_METRES;rig_services_index=NOT_APPLIED;volume_tier_scope=CONTRACT_WIDE;record_signatories=FORM_SIGNATORIES_REQUIRED;report_vocabulary=CODES_REQUIRED,,
MDS-00685,0,query,conditional,,,11720563,,11720563,11720563,medium,0.75,entitlement_unverified:AMB-13,0,19,DD-120;LW-410;LW-411;MW-310;MW-320,appendix_g_reading;metre_source;standby_section_factor;rig_services_index;record_signatories;report_vocabulary,appendix_g_reading=LWD_ROWS_SHIFTED;metre_source=PART_B_RUN_METRES;standby_section_factor=APPLY;rig_services_index=NOT_APPLIED;record_signatories=FORM_SIGNATORIES_REQUIRED;report_vocabulary=CODES_REQUIRED,,
MDS-00686,0,query,conditional,,,13791727,,13791727,13791727,medium,0.75,entitlement_unverified:AMB-13,0,16,DD-120;LW-410;LW-411;LW-412;LW-413;MW-310;MW-320;PD-201;PD-210,appendix_g_reading;pd210_class_factor;standby_section_factor;rig_services_index;volume_tier_scope;record_signatories;report_vocabulary,appendix_g_reading=LWD_ROWS_SHIFTED;pd210_class_factor=APPLY;standby_section_factor=APPLY;rig_services_index=NOT_APPLIED;volume_tier_scope=CONTRACT_WIDE;record_signatories=FORM_SIGNATORIES_REQUIRED;report_vocabulary=CODES_REQUIRED,,
MDS-00687,0,query,conditional,,,23297843,,23297843,23297843,medium,0.75,entitlement_unverified:AMB-13,0,36,DD-120;LW-410;LW-411;LW-412;LW-413;MW-310;MW-320;PD-201;PD-210,appendix_g_reading;metre_source;pd210_class_factor;standby_section_factor;rig_services_index;volume_tier_scope;record_signatories;report_vocabulary,appendix_g_reading=LWD_ROWS_SHIFTED;metre_source=PART_B_RUN_METRES;pd210_class_factor=APPLY;standby_section_factor=APPLY;rig_services_index=NOT_APPLIED;volume_tier_scope=CONTRACT_WIDE;record_signatories=FORM_SIGNATORIES_REQUIRED;report_vocabulary=CODES_REQUIRED,,
MDS-00688,0,query,conditional,,,10172110,,10172110,10172110,medium,0.75,entitlement_unverified:AMB-13,0,4,MW-310,standby_section_factor;rig_services_index;record_signatories;report_vocabulary,standby_section_factor=APPLY;rig_services_index=NOT_APPLIED;record_signatories=FORM_SIGNATORIES_REQUIRED;report_vocabulary=CODES_REQUIRED,,
MDS-00689,0,query,conditional,,,17169914,,17169914,17169914,medium,0.75,entitlement_unverified:AMB-13,0,20,DD-120;MW-310;MW-320;PD-201;PD-210,pd210_class_factor;rig_services_index;volume_tier_scope;report_vocabulary,pd210_class_factor=APPLY;rig_services_index=NOT_APPLIED;volume_tier_scope=CONTRACT_WIDE;report_vocabulary=CODES_REQUIRED,,
MDS-00690,0,query,conditional,,,19810406,,19810406,19810406,medium,0.75,entitlement_unverified:AMB-13,0,33,DD-120;LW-410;LW-411;LW-413;MW-310;MW-320,appendix_g_reading;metre_source;rig_services_index;record_signatories;report_vocabulary,appendix_g_reading=LWD_ROWS_SHIFTED;metre_source=PART_B_RUN_METRES;rig_services_index=NOT_APPLIED;record_signatories=FORM_SIGNATORIES_REQUIRED;report_vocabulary=CODES_REQUIRED,,
MDS-00691,0,query,conditional,,,5768976,,5768976,5768976,medium,0.75,entitlement_unverified:AMB-13,0,3,MW-310,rig_services_index;record_signatories;report_vocabulary,rig_services_index=NOT_APPLIED;record_signatories=FORM_SIGNATORIES_REQUIRED;report_vocabulary=CODES_REQUIRED,,
MDS-00692,0,query,conditional,,,11779901,,11779901,11779901,medium,0.75,entitlement_unverified:AMB-13,0,16,DD-120;MW-310;MW-320;PD-201;PD-210,rig_services_index;volume_tier_scope;report_vocabulary,rig_services_index=NOT_APPLIED;volume_tier_scope=CONTRACT_WIDE;report_vocabulary=CODES_REQUIRED,,
MDS-00693,0,query,conditional,,,10966709,,10966709,10966709,medium,0.75,entitlement_unverified:AMB-13,0,4,MW-310,rig_services_index;record_signatories;report_vocabulary,rig_services_index=NOT_APPLIED;record_signatories=FORM_SIGNATORIES_REQUIRED;report_vocabulary=CODES_REQUIRED,,
MDS-00694,0,query,conditional,,,19157285,,19157285,19157285,medium,0.75,entitlement_unverified:AMB-13,0,26,DD-120;LW-410;LW-411;LW-413;MW-310;MW-320;PD-201;PD-210,appendix_g_reading;metre_source;pd210_class_factor;rig_services_index;volume_tier_scope;record_signatories;report_vocabulary,appendix_g_reading=LWD_ROWS_SHIFTED;metre_source=PART_B_RUN_METRES;pd210_class_factor=APPLY;rig_services_index=NOT_APPLIED;volume_tier_scope=CONTRACT_WIDE;record_signatories=FORM_SIGNATORIES_REQUIRED;report_vocabulary=CODES_REQUIRED,,
MDS-00695,0,query,conditional,,,18359458,,18359458,18359458,medium,0.75,entitlement_unverified:AMB-13,0,15,DD-120;MW-310;MW-320,metre_source;rig_services_index;record_signatories;report_vocabulary,metre_source=PART_B_RUN_METRES;rig_services_index=NOT_APPLIED;record_signatories=FORM_SIGNATORIES_REQUIRED;report_vocabulary=CODES_REQUIRED,,
MDS-00696,0,query,conditional,,,13536040,,13536040,13536040,medium,0.75,entitlement_unverified:AMB-13,0,17,DD-120;LW-410;LW-411;LW-413;MW-310;MW-320,appendix_g_reading;metre_source;rig_services_index;record_signatories;report_vocabulary,appendix_g_reading=LWD_ROWS_SHIFTED;metre_source=PART_B_RUN_METRES;rig_services_index=NOT_APPLIED;record_signatories=FORM_SIGNATORIES_REQUIRED;report_vocabulary=CODES_REQUIRED,,
MDS-00697,0,query,conditional,,,12483786,,12483786,12483786,medium,0.75,entitlement_unverified:AMB-13,0,20,DD-120;LW-410;LW-411;LW-412;MW-310;MW-320;PD-201;PD-210,appendix_g_reading;metre_source;rig_services_index;volume_tier_scope;record_signatories;report_vocabulary,appendix_g_reading=LWD_ROWS_SHIFTED;metre_source=PART_B_RUN_METRES;rig_services_index=NOT_APPLIED;volume_tier_scope=CONTRACT_WIDE;record_signatories=FORM_SIGNATORIES_REQUIRED;report_vocabulary=CODES_REQUIRED,,
MDS-00698,0,query,conditional,,,11128940,,11128940,11128940,medium,0.75,entitlement_unverified:AMB-13,0,15,DD-120;LW-410;LW-411;LW-412;LW-413;MW-310;MW-320;PD-201;PD-210,appendix_g_reading;metre_source;pd210_class_factor;standby_section_factor;rig_services_index;volume_tier_scope;record_signatories;report_vocabulary,appendix_g_reading=LWD_ROWS_SHIFTED;metre_source=PART_B_RUN_METRES;pd210_class_factor=APPLY;standby_section_factor=APPLY;rig_services_index=NOT_APPLIED;volume_tier_scope=CONTRACT_WIDE;record_signatories=FORM_SIGNATORIES_REQUIRED;report_vocabulary=CODES_REQUIRED,,
MDS-00699,0,query,conditional,,,5230105,,5230105,5230105,medium,0.75,entitlement_unverified:AMB-13,0,3,MW-310,standby_section_factor;rig_services_index;monthly_rate_basis;record_signatories;report_vocabulary,standby_section_factor=APPLY;rig_services_index=NOT_APPLIED;monthly_rate_basis=FINAL_RATE;record_signatories=FORM_SIGNATORIES_REQUIRED;report_vocabulary=CODES_REQUIRED,,
MDS-00700,1,part-reject,conditional,quantity_exceeds_record,quantity_exceeds_record,28133293,,28083250,28083250,high,0.95,entitlement_unverified:AMB-13,1,49,DD-120;LW-410;LW-411;LW-412;LW-413;MW-310;MW-320;PD-201;PD-210,appendix_g_reading;metre_source;pd210_class_factor;rig_services_index;volume_tier_scope;record_signatories;report_vocabulary,,,
MDS-00701,0,query,conditional,,,20991677,,20991677,20991677,medium,0.75,entitlement_unverified:AMB-13,0,35,DD-120;LW-410;LW-411;MW-310;MW-320;PD-201;PD-210,appendix_g_reading;metre_source;rig_services_index;volume_tier_scope;record_signatories;report_vocabulary,appendix_g_reading=LWD_ROWS_SHIFTED;metre_source=PART_B_RUN_METRES;rig_services_index=NOT_APPLIED;volume_tier_scope=CONTRACT_WIDE;record_signatories=FORM_SIGNATORIES_REQUIRED;report_vocabulary=CODES_REQUIRED,,
MDS-00702,0,query,conditional,,,10229273,,10229273,10229273,medium,0.75,entitlement_unverified:AMB-13,0,8,DD-120;MW-310;MW-320;PD-201;PD-210,rig_services_index;volume_tier_scope;record_signatories;report_vocabulary,rig_services_index=NOT_APPLIED;volume_tier_scope=CONTRACT_WIDE;record_signatories=FORM_SIGNATORIES_REQUIRED;report_vocabulary=CODES_REQUIRED,,
MDS-00703,0,query,conditional,,,54132989,,54132989,54132989,medium,0.75,entitlement_unverified:AMB-13,0,26,DD-120;LW-410;LW-411;LW-412;LW-413;MW-310;MW-320;PD-201;PD-210,appendix_g_reading;metre_source;rig_services_index;volume_tier_scope;lih_replacement_value;record_signatories;report_vocabulary,appendix_g_reading=LWD_ROWS_SHIFTED;metre_source=PART_B_RUN_METRES;rig_services_index=NOT_APPLIED;volume_tier_scope=CONTRACT_WIDE;lih_replacement_value=SCHEDULE_6_USD;record_signatories=FORM_SIGNATORIES_REQUIRED;report_vocabulary=CODES_REQUIRED,,
MDS-00704,0,query,conditional,,,10719065,,10719065,10719065,medium,0.75,entitlement_unverified:AMB-13,0,4,MW-310,rig_services_index;record_signatories;report_vocabulary,rig_services_index=NOT_APPLIED;record_signatories=FORM_SIGNATORIES_REQUIRED;report_vocabulary=CODES_REQUIRED,,
MDS-00705,0,query,conditional,,,5487669,,5487669,5487669,medium,0.75,entitlement_unverified:AMB-13,0,3,MW-310,rig_services_index;record_signatories;report_vocabulary,rig_services_index=NOT_APPLIED;record_signatories=FORM_SIGNATORIES_REQUIRED;report_vocabulary=CODES_REQUIRED,,
MDS-00706,0,query,conditional,,,20476172,,20476172,20476172,medium,0.75,entitlement_unverified:AMB-13,0,34,DD-120;LW-410;LW-411;LW-412;LW-413;MW-310;MW-320;PD-201;PD-210,appendix_g_reading;metre_source;rig_services_index;volume_tier_scope;record_signatories;report_vocabulary,appendix_g_reading=LWD_ROWS_SHIFTED;metre_source=PART_B_RUN_METRES;rig_services_index=NOT_APPLIED;volume_tier_scope=CONTRACT_WIDE;record_signatories=FORM_SIGNATORIES_REQUIRED;report_vocabulary=CODES_REQUIRED,,
MDS-00707,0,query,conditional,,,19304404,,19304404,19304404,medium,0.75,entitlement_unverified:AMB-13,0,29,DD-120;LW-410;LW-411;LW-413;MW-310;MW-320;PD-201;PD-210,appendix_g_reading;metre_source;pd210_class_factor;rig_services_index;volume_tier_scope;record_signatories;report_vocabulary,appendix_g_reading=LWD_ROWS_SHIFTED;metre_source=PART_B_RUN_METRES;pd210_class_factor=APPLY;rig_services_index=NOT_APPLIED;volume_tier_scope=CONTRACT_WIDE;record_signatories=FORM_SIGNATORIES_REQUIRED;report_vocabulary=CODES_REQUIRED,,
MDS-00708,0,query,conditional,,,32642180,,32642180,32642180,medium,0.75,entitlement_unverified:AMB-13,0,51,DD-120;LW-410;LW-411;LW-412;LW-413;MW-310;MW-320;PD-201;PD-210,appendix_g_reading;metre_source;pd210_class_factor;rig_services_index;volume_tier_scope;record_signatories;report_vocabulary,appendix_g_reading=LWD_ROWS_SHIFTED;metre_source=PART_B_RUN_METRES;pd210_class_factor=APPLY;rig_services_index=NOT_APPLIED;volume_tier_scope=CONTRACT_WIDE;record_signatories=FORM_SIGNATORIES_REQUIRED;report_vocabulary=CODES_REQUIRED,,
MDS-00709,0,query,conditional,,,12568007,,12568007,12568007,medium,0.75,entitlement_unverified:AMB-13,0,16,DD-120;LW-410;LW-411;MW-310;MW-320,appendix_g_reading;metre_source;rig_services_index;record_signatories;report_vocabulary,appendix_g_reading=LWD_ROWS_SHIFTED;metre_source=PART_B_RUN_METRES;rig_services_index=NOT_APPLIED;record_signatories=FORM_SIGNATORIES_REQUIRED;report_vocabulary=CODES_REQUIRED,,
MDS-00710,0,query,conditional,,,5337841,,5337841,5337841,medium,0.75,entitlement_unverified:AMB-13,0,3,MW-310,rig_services_index;record_signatories;report_vocabulary,rig_services_index=NOT_APPLIED;record_signatories=FORM_SIGNATORIES_REQUIRED;report_vocabulary=CODES_REQUIRED,,
MDS-00711,0,query,conditional,,,10515544,,10515544,10515544,medium,0.75,entitlement_unverified:AMB-13,0,9,DD-120;MW-310;MW-320,metre_source;rig_services_index;record_signatories;report_vocabulary,metre_source=PART_B_RUN_METRES;rig_services_index=NOT_APPLIED;record_signatories=FORM_SIGNATORIES_REQUIRED;report_vocabulary=CODES_REQUIRED,,
MDS-00712,0,query,conditional,,,23667102,,23667102,23667102,medium,0.75,entitlement_unverified:AMB-13,0,31,DD-120;MW-310;MW-320;PD-201;PD-210,rig_services_index;volume_tier_scope;report_vocabulary,rig_services_index=NOT_APPLIED;volume_tier_scope=CONTRACT_WIDE;report_vocabulary=CODES_REQUIRED,,
MDS-00713,0,query,conditional,,,5628148,,5628148,5628148,medium,0.75,entitlement_unverified:AMB-13,0,4,DD-120;MW-310;MW-320;PD-201,rig_services_index;report_vocabulary,rig_services_index=NOT_APPLIED;report_vocabulary=CODES_REQUIRED,,
MDS-00714,0,query,conditional,,,11471602,,11471602,11471602,medium,0.75,entitlement_unverified:AMB-13,0,22,DD-120;LW-410;LW-411;LW-412;MW-310;MW-320;PD-201;PD-210,appendix_g_reading;metre_source;standby_section_factor;rig_services_index;volume_tier_scope;record_signatories;report_vocabulary,appendix_g_reading=LWD_ROWS_SHIFTED;metre_source=PART_B_RUN_METRES;standby_section_factor=APPLY;rig_services_index=NOT_APPLIED;volume_tier_scope=CONTRACT_WIDE;record_signatories=FORM_SIGNATORIES_REQUIRED;report_vocabulary=CODES_REQUIRED,,
MDS-00715,0,query,conditional,,,4925054,,4925054,4925054,medium,0.75,entitlement_unverified:AMB-13,0,3,MW-310,rig_services_index;report_vocabulary,rig_services_index=NOT_APPLIED;report_vocabulary=CODES_REQUIRED,,
MDS-00716,0,query,conditional,,,11391586,,11391586,11391586,medium,0.75,entitlement_unverified:AMB-13,0,6,MW-310,rig_services_index;record_signatories;report_vocabulary,rig_services_index=NOT_APPLIED;record_signatories=FORM_SIGNATORIES_REQUIRED;report_vocabulary=CODES_REQUIRED,,
MDS-00717,0,query,conditional,,,6679131,,6679131,6679131,medium,0.75,entitlement_unverified:AMB-13,0,3,LW-410;MW-310,appendix_g_reading;metre_source;rig_services_index;record_signatories;report_vocabulary,appendix_g_reading=LWD_ROWS_SHIFTED;metre_source=PART_B_RUN_METRES;rig_services_index=NOT_APPLIED;record_signatories=FORM_SIGNATORIES_REQUIRED;report_vocabulary=CODES_REQUIRED,,
MDS-00718,0,query,conditional,,,11046414,,11046414,11046414,medium,0.75,entitlement_unverified:AMB-13,0,7,DD-120;MW-310;MW-320,rig_services_index;record_signatories;report_vocabulary,rig_services_index=NOT_APPLIED;record_signatories=FORM_SIGNATORIES_REQUIRED;report_vocabulary=CODES_REQUIRED,,
MDS-00719,0,query,conditional,,,24749908,,24749908,24749908,medium,0.75,entitlement_unverified:AMB-13,0,43,DD-120;LW-410;LW-411;LW-412;LW-413;MW-310;MW-320;PD-201;PD-210,appendix_g_reading;metre_source;pd210_class_factor;rig_services_index;volume_tier_scope;record_signatories;report_vocabulary,appendix_g_reading=LWD_ROWS_SHIFTED;metre_source=PART_B_RUN_METRES;pd210_class_factor=APPLY;rig_services_index=NOT_APPLIED;volume_tier_scope=CONTRACT_WIDE;record_signatories=FORM_SIGNATORIES_REQUIRED;report_vocabulary=CODES_REQUIRED,,
MDS-00720,0,query,conditional,,,6675552,,6675552,6675552,medium,0.75,entitlement_unverified:AMB-13,0,8,DD-120;LW-410;MW-310;MW-320;PD-201,appendix_g_reading;metre_source;rig_services_index;record_signatories;report_vocabulary,appendix_g_reading=LWD_ROWS_SHIFTED;metre_source=PART_B_RUN_METRES;rig_services_index=NOT_APPLIED;record_signatories=FORM_SIGNATORIES_REQUIRED;report_vocabulary=CODES_REQUIRED,,
MDS-00721,0,query,conditional,,,28689609,,28689609,28689609,medium,0.75,entitlement_unverified:AMB-13,0,44,DD-120;LW-410;LW-411;LW-413;MW-310;MW-320;PD-201;PD-210,appendix_g_reading;metre_source;pd210_class_factor;rig_services_index;volume_tier_scope;record_signatories;report_vocabulary,appendix_g_reading=LWD_ROWS_SHIFTED;metre_source=PART_B_RUN_METRES;pd210_class_factor=APPLY;rig_services_index=NOT_APPLIED;volume_tier_scope=CONTRACT_WIDE;record_signatories=FORM_SIGNATORIES_REQUIRED;report_vocabulary=CODES_REQUIRED,,
MDS-00722,0,query,conditional,,,13425002,,13425002,13425002,medium,0.75,entitlement_unverified:AMB-13,0,16,DD-120;LW-410;LW-411;LW-412;LW-413;MW-310;MW-320,appendix_g_reading;metre_source;rig_services_index;record_signatories;report_vocabulary,appendix_g_reading=LWD_ROWS_SHIFTED;metre_source=PART_B_RUN_METRES;rig_services_index=NOT_APPLIED;record_signatories=FORM_SIGNATORIES_REQUIRED;report_vocabulary=CODES_REQUIRED,,
MDS-00723,0,query,conditional,,,12634817,,12634817,12634817,medium,0.75,entitlement_unverified:AMB-13,0,12,DD-120;MW-310;MW-320;PD-201;PD-210,rig_services_index;volume_tier_scope;record_signatories;report_vocabulary,rig_services_index=NOT_APPLIED;volume_tier_scope=CONTRACT_WIDE;record_signatories=FORM_SIGNATORIES_REQUIRED;report_vocabulary=CODES_REQUIRED,,
MDS-00724,0,query,conditional,,,10225578,,10225578,10225578,medium,0.75,entitlement_unverified:AMB-13,0,16,DD-120;LW-410;LW-411;LW-412;MW-310;MW-320;PD-201;PD-210,appendix_g_reading;metre_source;pd210_class_factor;rig_services_index;volume_tier_scope;record_signatories;report_vocabulary,appendix_g_reading=LWD_ROWS_SHIFTED;metre_source=PART_B_RUN_METRES;pd210_class_factor=APPLY;rig_services_index=NOT_APPLIED;volume_tier_scope=CONTRACT_WIDE;record_signatories=FORM_SIGNATORIES_REQUIRED;report_vocabulary=CODES_REQUIRED,,
MDS-00725,0,query,conditional,,,11878939,,11878939,11878939,medium,0.75,entitlement_unverified:AMB-13,0,9,LW-410;MW-310,appendix_g_reading;metre_source;rig_services_index;record_signatories;report_vocabulary,appendix_g_reading=LWD_ROWS_SHIFTED;metre_source=PART_B_RUN_METRES;rig_services_index=NOT_APPLIED;record_signatories=FORM_SIGNATORIES_REQUIRED;report_vocabulary=CODES_REQUIRED,,
MDS-00726,0,query,conditional,,,9013294,,9013294,9013294,medium,0.75,entitlement_unverified:AMB-13,0,3,MW-310,rig_services_index;record_signatories;report_vocabulary,rig_services_index=NOT_APPLIED;record_signatories=FORM_SIGNATORIES_REQUIRED;report_vocabulary=CODES_REQUIRED,,
MDS-00727,0,query,conditional,,,11018000,,11018000,11018000,medium,0.75,entitlement_unverified:AMB-13,0,4,MW-310,rig_services_index;record_signatories;report_vocabulary,rig_services_index=NOT_APPLIED;record_signatories=FORM_SIGNATORIES_REQUIRED;report_vocabulary=CODES_REQUIRED,,
MDS-00728,0,query,conditional,,,16440934,,16440934,16440934,medium,0.75,entitlement_unverified:AMB-13,0,33,DD-120;LW-410;LW-411;LW-412;LW-413;MW-310;MW-320;PD-201;PD-210,appendix_g_reading;metre_source;rig_services_index;volume_tier_scope;record_signatories;report_vocabulary,appendix_g_reading=LWD_ROWS_SHIFTED;metre_source=PART_B_RUN_METRES;rig_services_index=NOT_APPLIED;volume_tier_scope=CONTRACT_WIDE;record_signatories=FORM_SIGNATORIES_REQUIRED;report_vocabulary=CODES_REQUIRED,,
MDS-00729,0,query,conditional,,,8196663,,8196663,8196663,medium,0.75,entitlement_unverified:AMB-13,0,9,LW-410;MW-310,appendix_g_reading;metre_source;standby_section_factor;rig_services_index;record_signatories;report_vocabulary,appendix_g_reading=LWD_ROWS_SHIFTED;metre_source=PART_B_RUN_METRES;standby_section_factor=APPLY;rig_services_index=NOT_APPLIED;record_signatories=FORM_SIGNATORIES_REQUIRED;report_vocabulary=CODES_REQUIRED,,
MDS-00730,0,query,conditional,,,14250277,,14250277,14250277,medium,0.75,entitlement_unverified:AMB-13,0,24,DD-120;LW-410;LW-411;LW-412;MW-310;MW-320,appendix_g_reading;metre_source;rig_services_index;record_signatories;report_vocabulary,appendix_g_reading=LWD_ROWS_SHIFTED;metre_source=PART_B_RUN_METRES;rig_services_index=NOT_APPLIED;record_signatories=FORM_SIGNATORIES_REQUIRED;report_vocabulary=CODES_REQUIRED,,
MDS-00731,0,query,conditional,,,24135021,,24135021,24135021,medium,0.75,entitlement_unverified:AMB-13,0,36,DD-120;LW-410;LW-411;LW-412;LW-413;MW-310;MW-320;PD-201;PD-210,appendix_g_reading;metre_source;rig_services_index;volume_tier_scope;record_signatories;report_vocabulary,appendix_g_reading=LWD_ROWS_SHIFTED;metre_source=PART_B_RUN_METRES;rig_services_index=NOT_APPLIED;volume_tier_scope=CONTRACT_WIDE;record_signatories=FORM_SIGNATORIES_REQUIRED;report_vocabulary=CODES_REQUIRED,,
MDS-00732,1,part-reject,conditional,index_misapplied,index_misapplied,8763293,,8759936,8759936,high,0.95,entitlement_unverified:AMB-13,1,12,DD-120;MW-310;MW-320,rig_services_index;report_vocabulary,,,
MDS-00733,0,query,conditional,,,8593662,,8593662,8593662,medium,0.75,entitlement_unverified:AMB-13,0,14,DD-120;LW-410;LW-411;LW-412;MW-310;MW-320;PD-201;PD-210,appendix_g_reading;metre_source;pd210_class_factor;rig_services_index;volume_tier_scope;record_signatories;report_vocabulary,appendix_g_reading=LWD_ROWS_SHIFTED;metre_source=PART_B_RUN_METRES;pd210_class_factor=APPLY;rig_services_index=NOT_APPLIED;volume_tier_scope=CONTRACT_WIDE;record_signatories=FORM_SIGNATORIES_REQUIRED;report_vocabulary=CODES_REQUIRED,,
MDS-00734,0,query,conditional,,,18066415,,18066415,18066415,medium,0.75,entitlement_unverified:AMB-13,0,20,DD-120;MW-310;MW-320;PD-201;PD-210,metre_source;rig_services_index;volume_tier_scope;record_signatories;report_vocabulary,metre_source=PART_B_RUN_METRES;rig_services_index=NOT_APPLIED;volume_tier_scope=CONTRACT_WIDE;record_signatories=FORM_SIGNATORIES_REQUIRED;report_vocabulary=CODES_REQUIRED,,
MDS-00735,0,query,conditional,,,6050283,,6050283,6050283,medium,0.75,entitlement_unverified:AMB-13,0,3,MW-310,rig_services_index;record_signatories;report_vocabulary,rig_services_index=NOT_APPLIED;record_signatories=FORM_SIGNATORIES_REQUIRED;report_vocabulary=CODES_REQUIRED,,
MDS-00736,0,query,conditional,,,22295694,,22295694,22295694,medium,0.75,entitlement_unverified:AMB-13,0,32,DD-120;LW-410;LW-411;MW-310;MW-320;PD-201;PD-210,appendix_g_reading;rig_services_index;volume_tier_scope;record_signatories;report_vocabulary,appendix_g_reading=LWD_ROWS_SHIFTED;rig_services_index=NOT_APPLIED;volume_tier_scope=CONTRACT_WIDE;record_signatories=FORM_SIGNATORIES_REQUIRED;report_vocabulary=CODES_REQUIRED,,
MDS-00737,0,query,conditional,,,16171666,,16171666,16171666,medium,0.75,entitlement_unverified:AMB-13,0,20,DD-120;LW-410;LW-411;LW-413;MW-310;MW-320;PD-201;PD-210,appendix_g_reading;metre_source;pd210_class_factor;rig_services_index;volume_tier_scope;record_signatories;report_vocabulary,appendix_g_reading=LWD_ROWS_SHIFTED;metre_source=PART_B_RUN_METRES;pd210_class_factor=APPLY;rig_services_index=NOT_APPLIED;volume_tier_scope=CONTRACT_WIDE;record_signatories=FORM_SIGNATORIES_REQUIRED;report_vocabulary=CODES_REQUIRED,,
MDS-00738,0,query,conditional,,,9132352,,9132352,9132352,medium,0.75,entitlement_unverified:AMB-13,0,10,LW-410;MW-310,appendix_g_reading;metre_source;rig_services_index;record_signatories;report_vocabulary,appendix_g_reading=LWD_ROWS_SHIFTED;metre_source=PART_B_RUN_METRES;rig_services_index=NOT_APPLIED;record_signatories=FORM_SIGNATORIES_REQUIRED;report_vocabulary=CODES_REQUIRED,,
MDS-00739,0,query,conditional,,,5369222,,5369222,5369222,medium,0.75,entitlement_unverified:AMB-13,0,3,MW-310,rig_services_index;record_signatories;report_vocabulary,rig_services_index=NOT_APPLIED;record_signatories=FORM_SIGNATORIES_REQUIRED;report_vocabulary=CODES_REQUIRED,,
MDS-00740,0,query,conditional,,,14972058,,14972058,14972058,medium,0.75,entitlement_unverified:AMB-13,0,21,DD-120;LW-410;LW-411;LW-412;LW-413;MW-310;MW-320;PD-201;PD-210,appendix_g_reading;metre_source;rig_services_index;volume_tier_scope;record_signatories;report_vocabulary,appendix_g_reading=LWD_ROWS_SHIFTED;metre_source=PART_B_RUN_METRES;rig_services_index=NOT_APPLIED;volume_tier_scope=CONTRACT_WIDE;record_signatories=FORM_SIGNATORIES_REQUIRED;report_vocabulary=CODES_REQUIRED,,
MDS-00741,0,query,conditional,,,7164141,,7164141,7164141,medium,0.75,entitlement_unverified:AMB-13,0,8,LW-410;MW-310,appendix_g_reading;metre_source;rig_services_index;record_signatories;report_vocabulary,appendix_g_reading=LWD_ROWS_SHIFTED;metre_source=PART_B_RUN_METRES;rig_services_index=NOT_APPLIED;record_signatories=FORM_SIGNATORIES_REQUIRED;report_vocabulary=CODES_REQUIRED,,
MDS-00742,0,query,conditional,,,9274767,,9274767,9274767,medium,0.75,entitlement_unverified:AMB-13,0,9,DD-120;LW-410;LW-411;LW-412;MW-310;MW-320,appendix_g_reading;metre_source;rig_services_index;record_signatories;report_vocabulary,appendix_g_reading=LWD_ROWS_SHIFTED;metre_source=PART_B_RUN_METRES;rig_services_index=NOT_APPLIED;record_signatories=FORM_SIGNATORIES_REQUIRED;report_vocabulary=CODES_REQUIRED,,
MDS-00743,0,query,conditional,,,5111503,,5111503,5111503,medium,0.75,entitlement_unverified:AMB-13,0,6,LW-410;MW-310,appendix_g_reading;metre_source;rig_services_index;record_signatories;report_vocabulary,appendix_g_reading=LWD_ROWS_SHIFTED;metre_source=PART_B_RUN_METRES;rig_services_index=NOT_APPLIED;record_signatories=FORM_SIGNATORIES_REQUIRED;report_vocabulary=CODES_REQUIRED,,
MDS-00744,0,query,conditional,,,14819965,,14819965,14819965,medium,0.75,entitlement_unverified:AMB-13,0,21,DD-120;LW-410;LW-411;LW-413;MW-310;MW-320,appendix_g_reading;rig_services_index;record_signatories;report_vocabulary,appendix_g_reading=LWD_ROWS_SHIFTED;rig_services_index=NOT_APPLIED;record_signatories=FORM_SIGNATORIES_REQUIRED;report_vocabulary=CODES_REQUIRED,,
MDS-00745,0,query,conditional,,,4925054,,4925054,4925054,medium,0.75,entitlement_unverified:AMB-13,0,3,MW-310,rig_services_index;report_vocabulary,rig_services_index=NOT_APPLIED;report_vocabulary=CODES_REQUIRED,,
MDS-00746,0,query,conditional,,,21220051,,21220051,21220051,medium,0.75,entitlement_unverified:AMB-13,0,24,DD-120;MW-310;MW-320;PD-201;PD-210,metre_source;rig_services_index;volume_tier_scope;record_signatories;report_vocabulary,metre_source=PART_B_RUN_METRES;rig_services_index=NOT_APPLIED;volume_tier_scope=CONTRACT_WIDE;record_signatories=FORM_SIGNATORIES_REQUIRED;report_vocabulary=CODES_REQUIRED,,
MDS-00747,0,query,conditional,,,14360397,,14360397,14360397,medium,0.75,entitlement_unverified:AMB-13,0,6,MW-310,rig_services_index;record_signatories;report_vocabulary,rig_services_index=NOT_APPLIED;record_signatories=FORM_SIGNATORIES_REQUIRED;report_vocabulary=CODES_REQUIRED,,
MDS-00748,0,query,conditional,,,5087915,,5087915,5087915,medium,0.75,entitlement_unverified:AMB-13,0,3,MW-310,rig_services_index;report_vocabulary,rig_services_index=NOT_APPLIED;report_vocabulary=CODES_REQUIRED,,
MDS-00749,0,query,conditional,,,19318912,,19318912,19318912,medium,0.75,entitlement_unverified:AMB-13,0,40,DD-120;LW-410;LW-411;LW-412;MW-310;MW-320;PD-201;PD-210,appendix_g_reading;metre_source;rig_services_index;volume_tier_scope;record_signatories;report_vocabulary,appendix_g_reading=LWD_ROWS_SHIFTED;metre_source=PART_B_RUN_METRES;rig_services_index=NOT_APPLIED;volume_tier_scope=CONTRACT_WIDE;record_signatories=FORM_SIGNATORIES_REQUIRED;report_vocabulary=CODES_REQUIRED,,
MDS-00750,0,query,conditional,,,8457171,,8457171,8457171,medium,0.75,entitlement_unverified:AMB-13,0,3,MW-310,standby_section_factor;rig_services_index;record_signatories;report_vocabulary,standby_section_factor=APPLY;rig_services_index=NOT_APPLIED;record_signatories=FORM_SIGNATORIES_REQUIRED;report_vocabulary=CODES_REQUIRED,,
MDS-00751,0,query,conditional,,,5033006,,5033006,5033006,medium,0.75,entitlement_unverified:AMB-13,0,1,MW-310,rig_services_index;record_signatories;report_vocabulary,rig_services_index=NOT_APPLIED;record_signatories=FORM_SIGNATORIES_REQUIRED;report_vocabulary=CODES_REQUIRED,,
MDS-00752,0,query,conditional,,,10749488,,10749488,10749488,medium,0.75,entitlement_unverified:AMB-13,0,4,MW-310,rig_services_index;record_signatories;report_vocabulary,rig_services_index=NOT_APPLIED;record_signatories=FORM_SIGNATORIES_REQUIRED;report_vocabulary=CODES_REQUIRED,,
MDS-00753,0,query,conditional,,,4989239,,4989239,4989239,medium,0.75,entitlement_unverified:AMB-13,0,1,MW-310,rig_services_index;record_signatories;report_vocabulary,rig_services_index=NOT_APPLIED;record_signatories=FORM_SIGNATORIES_REQUIRED;report_vocabulary=CODES_REQUIRED,,
MDS-00754,0,query,conditional,,,5774726,,5774726,5774726,medium,0.75,entitlement_unverified:AMB-13,0,3,MW-310,rig_services_index;record_signatories;report_vocabulary,rig_services_index=NOT_APPLIED;record_signatories=FORM_SIGNATORIES_REQUIRED;report_vocabulary=CODES_REQUIRED,,
MDS-00755,0,query,conditional,,,8587740,,8587740,8587740,medium,0.75,entitlement_unverified:AMB-13,0,5,LW-410;MW-310,appendix_g_reading;metre_source;rig_services_index;record_signatories;report_vocabulary,appendix_g_reading=LWD_ROWS_SHIFTED;metre_source=PART_B_RUN_METRES;rig_services_index=NOT_APPLIED;record_signatories=FORM_SIGNATORIES_REQUIRED;report_vocabulary=CODES_REQUIRED,,
MDS-00756,0,query,conditional,,,24706354,,24706354,24706354,medium,0.75,entitlement_unverified:AMB-13,0,43,DD-120;LW-410;LW-411;LW-413;MW-310;MW-320;PD-201;PD-210,appendix_g_reading;metre_source;rig_services_index;volume_tier_scope;record_signatories;report_vocabulary,appendix_g_reading=LWD_ROWS_SHIFTED;metre_source=PART_B_RUN_METRES;rig_services_index=NOT_APPLIED;volume_tier_scope=CONTRACT_WIDE;record_signatories=FORM_SIGNATORIES_REQUIRED;report_vocabulary=CODES_REQUIRED,,
MDS-00757,0,query,conditional,,,7406982,,7406982,7406982,medium,0.75,entitlement_unverified:AMB-13,0,8,LW-410;MW-310,appendix_g_reading;metre_source;rig_services_index;record_signatories;report_vocabulary,appendix_g_reading=LWD_ROWS_SHIFTED;metre_source=PART_B_RUN_METRES;rig_services_index=NOT_APPLIED;record_signatories=FORM_SIGNATORIES_REQUIRED;report_vocabulary=CODES_REQUIRED,,
MDS-00758,0,query,conditional,,,15175537,,15175537,15175537,medium,0.75,entitlement_unverified:AMB-13,0,16,DD-120;MW-310;MW-320;PD-201;PD-210,pd210_class_factor;rig_services_index;volume_tier_scope;record_signatories;report_vocabulary,pd210_class_factor=APPLY;rig_services_index=NOT_APPLIED;volume_tier_scope=CONTRACT_WIDE;record_signatories=FORM_SIGNATORIES_REQUIRED;report_vocabulary=CODES_REQUIRED,,
MDS-00759,0,query,conditional,,,11067529,,11067529,11067529,medium,0.75,entitlement_unverified:AMB-13,0,4,MW-310,rig_services_index;record_signatories;report_vocabulary,rig_services_index=NOT_APPLIED;record_signatories=FORM_SIGNATORIES_REQUIRED;report_vocabulary=CODES_REQUIRED,,
MDS-00760,0,query,conditional,,,16794847,,16794847,16794847,medium,0.75,entitlement_unverified:AMB-13,0,22,DD-120;LW-410;LW-411;LW-412;MW-310;MW-320;PD-201;PD-210,appendix_g_reading;metre_source;rig_services_index;volume_tier_scope;record_signatories;report_vocabulary,appendix_g_reading=LWD_ROWS_SHIFTED;metre_source=PART_B_RUN_METRES;rig_services_index=NOT_APPLIED;volume_tier_scope=CONTRACT_WIDE;record_signatories=FORM_SIGNATORIES_REQUIRED;report_vocabulary=CODES_REQUIRED,,
MDS-00761,0,query,conditional,,,7953397,,7953397,7953397,medium,0.75,entitlement_unverified:AMB-13,0,4,MW-310,rig_services_index;record_signatories;report_vocabulary,rig_services_index=NOT_APPLIED;record_signatories=FORM_SIGNATORIES_REQUIRED;report_vocabulary=CODES_REQUIRED,,
MDS-00762,0,query,conditional,,,11016859,,11016859,11016859,medium,0.75,entitlement_unverified:AMB-13,0,4,MW-310,rig_services_index;record_signatories;report_vocabulary,rig_services_index=NOT_APPLIED;record_signatories=FORM_SIGNATORIES_REQUIRED;report_vocabulary=CODES_REQUIRED,,
MDS-00763,0,query,conditional,,,13627095,,13627095,13627095,medium,0.75,entitlement_unverified:AMB-13,0,25,DD-120;LW-410;LW-411;MW-310;MW-320,appendix_g_reading;metre_source;rig_services_index;record_signatories;report_vocabulary,appendix_g_reading=LWD_ROWS_SHIFTED;metre_source=PART_B_RUN_METRES;rig_services_index=NOT_APPLIED;record_signatories=FORM_SIGNATORIES_REQUIRED;report_vocabulary=CODES_REQUIRED,,
MDS-00764,0,query,conditional,,,6761591,,6761591,6761591,medium,0.75,entitlement_unverified:AMB-13,0,9,DD-120;MW-310;MW-320,rig_services_index;report_vocabulary,rig_services_index=NOT_APPLIED;report_vocabulary=CODES_REQUIRED,,
MDS-00765,0,query,conditional,,,13005291,,13005291,13005291,medium,0.75,entitlement_unverified:AMB-13,0,5,MW-310,rig_services_index;record_signatories;report_vocabulary,rig_services_index=NOT_APPLIED;record_signatories=FORM_SIGNATORIES_REQUIRED;report_vocabulary=CODES_REQUIRED,,
MDS-00766,0,query,conditional,,,5219347,,5219347,5219347,medium,0.75,entitlement_unverified:AMB-13,0,3,MW-310,rig_services_index;record_signatories;report_vocabulary,rig_services_index=NOT_APPLIED;record_signatories=FORM_SIGNATORIES_REQUIRED;report_vocabulary=CODES_REQUIRED,,
MDS-00767,1,part-reject,conditional,quantity_exceeds_record,quantity_exceeds_record,15649497,,15613875,15613875,high,0.95,entitlement_unverified:AMB-13,1,27,DD-120;LW-410;LW-411;LW-412;LW-413;MW-310;MW-320;PD-201;PD-210,appendix_g_reading;metre_source;rig_services_index;volume_tier_scope;record_signatories;report_vocabulary,,,
MDS-00768,0,query,conditional,,,7366507,,7366507,7366507,medium,0.75,entitlement_unverified:AMB-13,0,4,MW-310,rig_services_index;record_signatories;report_vocabulary,rig_services_index=NOT_APPLIED;record_signatories=FORM_SIGNATORIES_REQUIRED;report_vocabulary=CODES_REQUIRED,,
MDS-00769,0,query,conditional,,,6852264,,6852264,6852264,medium,0.75,entitlement_unverified:AMB-13,0,3,LW-410;MW-310,appendix_g_reading;metre_source;rig_services_index;record_signatories;report_vocabulary,appendix_g_reading=LWD_ROWS_SHIFTED;metre_source=PART_B_RUN_METRES;rig_services_index=NOT_APPLIED;record_signatories=FORM_SIGNATORIES_REQUIRED;report_vocabulary=CODES_REQUIRED,,
MDS-00770,0,query,conditional,,,15904164,,15904164,15904164,medium,0.75,entitlement_unverified:AMB-13,0,21,DD-120;MW-310;MW-320;PD-201;PD-210,pd210_class_factor;rig_services_index;volume_tier_scope;report_vocabulary,pd210_class_factor=APPLY;rig_services_index=NOT_APPLIED;volume_tier_scope=CONTRACT_WIDE;report_vocabulary=CODES_REQUIRED,,
MDS-00771,0,query,conditional,,,8101575,,8101575,8101575,medium,0.75,entitlement_unverified:AMB-13,0,5,MW-310,standby_section_factor;rig_services_index;monthly_rate_basis;record_signatories;report_vocabulary,standby_section_factor=APPLY;rig_services_index=NOT_APPLIED;monthly_rate_basis=FINAL_RATE;record_signatories=FORM_SIGNATORIES_REQUIRED;report_vocabulary=CODES_REQUIRED,,
MDS-00772,0,query,conditional,,,14627842,,14627842,14627842,medium,0.75,entitlement_unverified:AMB-13,0,20,DD-120;LW-410;LW-411;MW-310;MW-320,appendix_g_reading;rig_services_index;record_signatories;report_vocabulary,appendix_g_reading=LWD_ROWS_SHIFTED;rig_services_index=NOT_APPLIED;record_signatories=FORM_SIGNATORIES_REQUIRED;report_vocabulary=CODES_REQUIRED,,
MDS-00773,0,query,conditional,,,46124284,,46124284,46124284,medium,0.75,entitlement_unverified:AMB-13,0,21,DD-120;LW-410;LW-411;MW-310;MW-320;PD-201;PD-210,appendix_g_reading;metre_source;rig_services_index;volume_tier_scope;lih_replacement_value;record_signatories;report_vocabulary,appendix_g_reading=LWD_ROWS_SHIFTED;metre_source=PART_B_RUN_METRES;rig_services_index=NOT_APPLIED;volume_tier_scope=CONTRACT_WIDE;lih_replacement_value=SCHEDULE_6_USD;record_signatories=FORM_SIGNATORIES_REQUIRED;report_vocabulary=CODES_REQUIRED,,
MDS-00774,0,query,conditional,,,16219614,,16219614,16219614,medium,0.75,entitlement_unverified:AMB-13,0,33,DD-120;LW-410;LW-411;LW-412;LW-413;MW-310;MW-320;PD-201;PD-210,appendix_g_reading;metre_source;rig_services_index;volume_tier_scope;record_signatories;report_vocabulary,appendix_g_reading=LWD_ROWS_SHIFTED;metre_source=PART_B_RUN_METRES;rig_services_index=NOT_APPLIED;volume_tier_scope=CONTRACT_WIDE;record_signatories=FORM_SIGNATORIES_REQUIRED;report_vocabulary=CODES_REQUIRED,,
MDS-00775,0,query,conditional,,,4645470,,4645470,4645470,medium,0.75,entitlement_unverified:AMB-13,0,3,MW-310,standby_section_factor;rig_services_index;monthly_rate_basis;report_vocabulary,standby_section_factor=APPLY;rig_services_index=NOT_APPLIED;monthly_rate_basis=FINAL_RATE;report_vocabulary=CODES_REQUIRED,,
MDS-00776,0,query,conditional,,,6803892,,6803892,6803892,medium,0.75,entitlement_unverified:AMB-13,0,4,MW-310,rig_services_index;report_vocabulary,rig_services_index=NOT_APPLIED;report_vocabulary=CODES_REQUIRED,,
MDS-00777,0,query,conditional,,,9772386,,9772386,9772386,medium,0.75,entitlement_unverified:AMB-13,0,6,MW-310,standby_section_factor;rig_services_index;monthly_rate_basis;record_signatories;report_vocabulary,standby_section_factor=APPLY;rig_services_index=NOT_APPLIED;monthly_rate_basis=FINAL_RATE;record_signatories=FORM_SIGNATORIES_REQUIRED;report_vocabulary=CODES_REQUIRED,,
MDS-00778,0,query,conditional,,,19325560,,19325560,19325560,medium,0.75,entitlement_unverified:AMB-13,0,33,DD-120;LW-410;LW-411;LW-412;LW-413;MW-310;MW-320;PD-201;PD-210,appendix_g_reading;metre_source;rig_services_index;volume_tier_scope;record_signatories;report_vocabulary,appendix_g_reading=LWD_ROWS_SHIFTED;metre_source=PART_B_RUN_METRES;rig_services_index=NOT_APPLIED;volume_tier_scope=CONTRACT_WIDE;record_signatories=FORM_SIGNATORIES_REQUIRED;report_vocabulary=CODES_REQUIRED,,
MDS-00779,0,query,conditional,,,16658972,,16658972,16658972,medium,0.75,entitlement_unverified:AMB-13,0,31,DD-120;LW-410;LW-411;LW-413;MW-310;MW-320,appendix_g_reading;metre_source;rig_services_index;record_signatories;report_vocabulary,appendix_g_reading=LWD_ROWS_SHIFTED;metre_source=PART_B_RUN_METRES;rig_services_index=NOT_APPLIED;record_signatories=FORM_SIGNATORIES_REQUIRED;report_vocabulary=CODES_REQUIRED,,
MDS-00780,0,query,conditional,,,22837157,,22837157,22837157,medium,0.75,entitlement_unverified:AMB-13,0,21,DD-120;MW-310;MW-320;PD-201;PD-210,metre_source;pd210_class_factor;rig_services_index;volume_tier_scope;record_signatories;report_vocabulary,metre_source=PART_B_RUN_METRES;pd210_class_factor=APPLY;rig_services_index=NOT_APPLIED;volume_tier_scope=CONTRACT_WIDE;record_signatories=FORM_SIGNATORIES_REQUIRED;report_vocabulary=CODES_REQUIRED,,
MDS-00781,0,query,conditional,,,8511374,,8511374,8511374,medium,0.75,entitlement_unverified:AMB-13,0,5,MW-310,rig_services_index;record_signatories;report_vocabulary,rig_services_index=NOT_APPLIED;record_signatories=FORM_SIGNATORIES_REQUIRED;report_vocabulary=CODES_REQUIRED,,
MDS-00782,0,query,conditional,,,16862727,,16862727,16862727,medium,0.75,entitlement_unverified:AMB-13,0,20,DD-120;MW-310;MW-320;PD-201;PD-210,pd210_class_factor;rig_services_index;volume_tier_scope;report_vocabulary,pd210_class_factor=APPLY;rig_services_index=NOT_APPLIED;volume_tier_scope=CONTRACT_WIDE;report_vocabulary=CODES_REQUIRED,,
MDS-00783,0,query,conditional,,,12558105,,12558105,12558105,medium,0.75,entitlement_unverified:AMB-13,0,19,DD-120;LW-410;LW-411;MW-310;MW-320;PD-201;PD-210,appendix_g_reading;metre_source;rig_services_index;volume_tier_scope;record_signatories;report_vocabulary,appendix_g_reading=LWD_ROWS_SHIFTED;metre_source=PART_B_RUN_METRES;rig_services_index=NOT_APPLIED;volume_tier_scope=CONTRACT_WIDE;record_signatories=FORM_SIGNATORIES_REQUIRED;report_vocabulary=CODES_REQUIRED,,
MDS-00784,0,query,conditional,,,12644027,,12644027,12644027,medium,0.75,entitlement_unverified:AMB-13,0,7,DD-120;MW-310;MW-320,rig_services_index;record_signatories;report_vocabulary,rig_services_index=NOT_APPLIED;record_signatories=FORM_SIGNATORIES_REQUIRED;report_vocabulary=CODES_REQUIRED,,
MDS-00785,0,query,conditional,,,10093204,,10093204,10093204,medium,0.75,entitlement_unverified:AMB-13,0,6,MW-310,standby_section_factor;rig_services_index;monthly_rate_basis;record_signatories;report_vocabulary,standby_section_factor=APPLY;rig_services_index=NOT_APPLIED;monthly_rate_basis=FINAL_RATE;record_signatories=FORM_SIGNATORIES_REQUIRED;report_vocabulary=CODES_REQUIRED,,
MDS-00786,0,query,conditional,,,17417279,,17417279,17417279,medium,0.75,entitlement_unverified:AMB-13,0,32,DD-120;LW-410;LW-411;LW-412;MW-310;MW-320;PD-201;PD-210,appendix_g_reading;metre_source;rig_services_index;volume_tier_scope;record_signatories;report_vocabulary,appendix_g_reading=LWD_ROWS_SHIFTED;metre_source=PART_B_RUN_METRES;rig_services_index=NOT_APPLIED;volume_tier_scope=CONTRACT_WIDE;record_signatories=FORM_SIGNATORIES_REQUIRED;report_vocabulary=CODES_REQUIRED,,
MDS-00787,0,query,conditional,,,20577941,,20577941,20577941,medium,0.75,entitlement_unverified:AMB-13,0,22,DD-120;MW-310;MW-320;PD-201;PD-210,pd210_class_factor;rig_services_index;volume_tier_scope;record_signatories;report_vocabulary,pd210_class_factor=APPLY;rig_services_index=NOT_APPLIED;volume_tier_scope=CONTRACT_WIDE;record_signatories=FORM_SIGNATORIES_REQUIRED;report_vocabulary=CODES_REQUIRED,,
MDS-00788,0,query,conditional,,,9608805,,9608805,9608805,medium,0.75,entitlement_unverified:AMB-13,0,16,DD-120;LW-410;LW-411;LW-412;MW-310;MW-320;PD-201;PD-210,appendix_g_reading;metre_source;rig_services_index;volume_tier_scope;record_signatories;report_vocabulary,appendix_g_reading=LWD_ROWS_SHIFTED;metre_source=PART_B_RUN_METRES;rig_services_index=NOT_APPLIED;volume_tier_scope=CONTRACT_WIDE;record_signatories=FORM_SIGNATORIES_REQUIRED;report_vocabulary=CODES_REQUIRED,,
MDS-00789,0,query,conditional,,,14560035,,14560035,14560035,medium,0.75,entitlement_unverified:AMB-13,0,6,MW-310,rig_services_index;record_signatories;report_vocabulary,rig_services_index=NOT_APPLIED;record_signatories=FORM_SIGNATORIES_REQUIRED;report_vocabulary=CODES_REQUIRED,,
MDS-00790,0,query,conditional,,,16204747,,16204747,16204747,medium,0.75,entitlement_unverified:AMB-13,0,30,DD-120;LW-410;LW-411;MW-310;MW-320,appendix_g_reading;metre_source;rig_services_index;record_signatories;report_vocabulary,appendix_g_reading=LWD_ROWS_SHIFTED;metre_source=PART_B_RUN_METRES;rig_services_index=NOT_APPLIED;record_signatories=FORM_SIGNATORIES_REQUIRED;report_vocabulary=CODES_REQUIRED,,
MDS-00791,1,part-reject,conditional,rate_mismatch,rate_mismatch,11772381,,11651250,11651250,high,0.95,entitlement_unverified:AMB-13,1,16,DD-120;MW-310;MW-320,rig_services_index;report_vocabulary,,,
MDS-00792,0,query,conditional,,,17611462,,17611462,17611462,medium,0.75,entitlement_unverified:AMB-13,0,20,DD-120;MW-310;MW-320;PD-201;PD-210,metre_source;pd210_class_factor;rig_services_index;volume_tier_scope;record_signatories;report_vocabulary,metre_source=PART_B_RUN_METRES;pd210_class_factor=APPLY;rig_services_index=NOT_APPLIED;volume_tier_scope=CONTRACT_WIDE;record_signatories=FORM_SIGNATORIES_REQUIRED;report_vocabulary=CODES_REQUIRED,,
MDS-00793,0,query,conditional,,,27128428,,27128428,27128428,medium,0.75,entitlement_unverified:AMB-13,0,41,DD-120;LW-410;LW-411;LW-413;MW-310;MW-320;PD-201;PD-210,appendix_g_reading;metre_source;pd210_class_factor;rig_services_index;volume_tier_scope;record_signatories;report_vocabulary,appendix_g_reading=LWD_ROWS_SHIFTED;metre_source=PART_B_RUN_METRES;pd210_class_factor=APPLY;rig_services_index=NOT_APPLIED;volume_tier_scope=CONTRACT_WIDE;record_signatories=FORM_SIGNATORIES_REQUIRED;report_vocabulary=CODES_REQUIRED,,
MDS-00794,0,query,conditional,,,9002264,,9002264,9002264,medium,0.75,entitlement_unverified:AMB-13,0,10,DD-120;MW-310;MW-320,rig_services_index;record_signatories;report_vocabulary,rig_services_index=NOT_APPLIED;record_signatories=FORM_SIGNATORIES_REQUIRED;report_vocabulary=CODES_REQUIRED,,
MDS-00795,0,query,conditional,,,10726557,,10726557,10726557,medium,0.75,entitlement_unverified:AMB-13,0,13,DD-120;LW-410;LW-411;MW-310;MW-320,appendix_g_reading;metre_source;rig_services_index;record_signatories;report_vocabulary,appendix_g_reading=LWD_ROWS_SHIFTED;metre_source=PART_B_RUN_METRES;rig_services_index=NOT_APPLIED;record_signatories=FORM_SIGNATORIES_REQUIRED;report_vocabulary=CODES_REQUIRED,,
MDS-00796,0,query,conditional,,,8030435,,8030435,8030435,medium,0.75,entitlement_unverified:AMB-13,0,15,DD-120;LW-410;LW-411;LW-412;LW-413;MW-310;MW-320;PD-201;PD-210,appendix_g_reading;metre_source;standby_section_factor;rig_services_index;volume_tier_scope;record_signatories;report_vocabulary,appendix_g_reading=LWD_ROWS_SHIFTED;metre_source=PART_B_RUN_METRES;standby_section_factor=APPLY;rig_services_index=NOT_APPLIED;volume_tier_scope=CONTRACT_WIDE;record_signatories=FORM_SIGNATORIES_REQUIRED;report_vocabulary=CODES_REQUIRED,,
MDS-00797,0,query,conditional,,,13144294,,13144294,13144294,medium,0.75,entitlement_unverified:AMB-13,0,12,DD-120;MW-310;MW-320,metre_source;rig_services_index;record_signatories;report_vocabulary,metre_source=PART_B_RUN_METRES;rig_services_index=NOT_APPLIED;record_signatories=FORM_SIGNATORIES_REQUIRED;report_vocabulary=CODES_REQUIRED,,
MDS-00798,0,query,conditional,,,10420884,,10420884,10420884,medium,0.75,entitlement_unverified:AMB-13,0,12,LW-410;MW-310,appendix_g_reading;metre_source;rig_services_index;record_signatories;report_vocabulary,appendix_g_reading=LWD_ROWS_SHIFTED;metre_source=PART_B_RUN_METRES;rig_services_index=NOT_APPLIED;record_signatories=FORM_SIGNATORIES_REQUIRED;report_vocabulary=CODES_REQUIRED,,
MDS-00799,1,part-reject,conditional,quantity_exceeds_record,quantity_exceeds_record,10173971,,10138349,10138349,high,0.95,entitlement_unverified:AMB-13,1,7,LW-410;MW-310,appendix_g_reading;metre_source;rig_services_index;record_signatories;report_vocabulary,,,
MDS-00800,0,query,conditional,,,20071996,,20071996,20071996,medium,0.75,entitlement_unverified:AMB-13,0,26,DD-120;MW-310;MW-320;PD-201;PD-210,rig_services_index;volume_tier_scope;report_vocabulary,rig_services_index=NOT_APPLIED;volume_tier_scope=CONTRACT_WIDE;report_vocabulary=CODES_REQUIRED,,
MDS-00801,0,query,conditional,,,16731370,,16731370,16731370,medium,0.75,entitlement_unverified:AMB-13,0,21,DD-120;MW-310;MW-320;PD-201;PD-210,pd210_class_factor;rig_services_index;volume_tier_scope;report_vocabulary,pd210_class_factor=APPLY;rig_services_index=NOT_APPLIED;volume_tier_scope=CONTRACT_WIDE;report_vocabulary=CODES_REQUIRED,,
MDS-00802,0,query,conditional,,,25831770,,25831770,25831770,medium,0.75,entitlement_unverified:AMB-13,0,40,DD-120;LW-410;LW-411;LW-413;MW-310;MW-320;PD-201;PD-210,appendix_g_reading;metre_source;pd210_class_factor;standby_section_factor;rig_services_index;volume_tier_scope;record_signatories;report_vocabulary,appendix_g_reading=LWD_ROWS_SHIFTED;metre_source=PART_B_RUN_METRES;pd210_class_factor=APPLY;standby_section_factor=APPLY;rig_services_index=NOT_APPLIED;volume_tier_scope=CONTRACT_WIDE;record_signatories=FORM_SIGNATORIES_REQUIRED;report_vocabulary=CODES_REQUIRED,,
MDS-00803,0,query,conditional,,,11154051,,11154051,11154051,medium,0.75,entitlement_unverified:AMB-13,0,15,DD-120;MW-310;MW-320,rig_services_index;report_vocabulary,rig_services_index=NOT_APPLIED;report_vocabulary=CODES_REQUIRED,,
MDS-00804,1,part-reject,conditional,discount_misapplied,discount_misapplied,20340628,,20367138,20367138,high,0.95,entitlement_unverified:AMB-13,1,32,DD-120;LW-410;LW-411;LW-412;MW-310;MW-320;PD-201;PD-210,appendix_g_reading;metre_source;standby_section_factor;rig_services_index;volume_tier_scope;record_signatories;report_vocabulary,,,
MDS-00805,0,query,conditional,,,6584054,,6584054,6584054,medium,0.75,entitlement_unverified:AMB-13,0,4,MW-310,rig_services_index;report_vocabulary,rig_services_index=NOT_APPLIED;report_vocabulary=CODES_REQUIRED,,
MDS-00806,0,query,conditional,,,10575788,,10575788,10575788,medium,0.75,entitlement_unverified:AMB-13,0,18,DD-120;LW-410;LW-411;MW-310;MW-320,appendix_g_reading;metre_source;rig_services_index;record_signatories;report_vocabulary,appendix_g_reading=LWD_ROWS_SHIFTED;metre_source=PART_B_RUN_METRES;rig_services_index=NOT_APPLIED;record_signatories=FORM_SIGNATORIES_REQUIRED;report_vocabulary=CODES_REQUIRED,,
MDS-00807,0,query,conditional,,,18888753,,18888753,18888753,medium,0.75,entitlement_unverified:AMB-13,0,17,DD-120;MW-310;MW-320,metre_source;rig_services_index;record_signatories;report_vocabulary,metre_source=PART_B_RUN_METRES;rig_services_index=NOT_APPLIED;record_signatories=FORM_SIGNATORIES_REQUIRED;report_vocabulary=CODES_REQUIRED,,
MDS-00808,0,query,conditional,,,9372074,,9372074,9372074,medium,0.75,entitlement_unverified:AMB-13,0,12,DD-120;MW-310;MW-320,rig_services_index;report_vocabulary,rig_services_index=NOT_APPLIED;report_vocabulary=CODES_REQUIRED,,
MDS-00809,0,query,conditional,,,22311917,,22311917,22311917,medium,0.75,entitlement_unverified:AMB-13,0,37,DD-120;LW-410;LW-411;LW-413;MW-310;MW-320;PD-201;PD-210,appendix_g_reading;metre_source;pd210_class_factor;rig_services_index;volume_tier_scope;record_signatories;report_vocabulary,appendix_g_reading=LWD_ROWS_SHIFTED;metre_source=PART_B_RUN_METRES;pd210_class_factor=APPLY;rig_services_index=NOT_APPLIED;volume_tier_scope=CONTRACT_WIDE;record_signatories=FORM_SIGNATORIES_REQUIRED;report_vocabulary=CODES_REQUIRED,,
MDS-00810,0,query,conditional,,,13005291,,13005291,13005291,medium,0.75,entitlement_unverified:AMB-13,0,5,MW-310,rig_services_index;record_signatories;report_vocabulary,rig_services_index=NOT_APPLIED;record_signatories=FORM_SIGNATORIES_REQUIRED;report_vocabulary=CODES_REQUIRED,,
MDS-00811,0,query,conditional,,,19955497,,19955497,19955497,medium,0.75,entitlement_unverified:AMB-13,0,24,DD-120;MW-310;MW-320;PD-201;PD-210,pd210_class_factor;rig_services_index;volume_tier_scope;report_vocabulary,pd210_class_factor=APPLY;rig_services_index=NOT_APPLIED;volume_tier_scope=CONTRACT_WIDE;report_vocabulary=CODES_REQUIRED,,
MDS-00812,0,query,conditional,,,6661493,,6661493,6661493,medium,0.75,entitlement_unverified:AMB-13,0,3,LW-410;MW-310,appendix_g_reading;metre_source;rig_services_index;record_signatories;report_vocabulary,appendix_g_reading=LWD_ROWS_SHIFTED;metre_source=PART_B_RUN_METRES;rig_services_index=NOT_APPLIED;record_signatories=FORM_SIGNATORIES_REQUIRED;report_vocabulary=CODES_REQUIRED,,
MDS-00813,0,query,conditional,,,17576528,,17576528,17576528,medium,0.75,entitlement_unverified:AMB-13,0,26,DD-120;LW-410;LW-411;MW-310;MW-320;PD-201;PD-210,appendix_g_reading;rig_services_index;volume_tier_scope;record_signatories;report_vocabulary,appendix_g_reading=LWD_ROWS_SHIFTED;rig_services_index=NOT_APPLIED;volume_tier_scope=CONTRACT_WIDE;record_signatories=FORM_SIGNATORIES_REQUIRED;report_vocabulary=CODES_REQUIRED,,
MDS-00814,0,query,conditional,,,17737603,,17737603,17737603,medium,0.75,entitlement_unverified:AMB-13,0,18,DD-120;MW-310;MW-320;PD-201;PD-210,rig_services_index;volume_tier_scope;record_signatories;report_vocabulary,rig_services_index=NOT_APPLIED;volume_tier_scope=CONTRACT_WIDE;record_signatories=FORM_SIGNATORIES_REQUIRED;report_vocabulary=CODES_REQUIRED,,
MDS-00815,0,query,conditional,,,10377735,,10377735,10377735,medium,0.75,entitlement_unverified:AMB-13,0,12,LW-410;MW-310,appendix_g_reading;metre_source;rig_services_index;record_signatories;report_vocabulary,appendix_g_reading=LWD_ROWS_SHIFTED;metre_source=PART_B_RUN_METRES;rig_services_index=NOT_APPLIED;record_signatories=FORM_SIGNATORIES_REQUIRED;report_vocabulary=CODES_REQUIRED,,
MDS-00816,0,query,conditional,,,13940706,,13940706,13940706,medium,0.75,entitlement_unverified:AMB-13,0,6,MW-310,rig_services_index;record_signatories;report_vocabulary,rig_services_index=NOT_APPLIED;record_signatories=FORM_SIGNATORIES_REQUIRED;report_vocabulary=CODES_REQUIRED,,
MDS-00817,0,query,conditional,,,19846733,,19846733,19846733,medium,0.75,entitlement_unverified:AMB-13,0,32,DD-120;LW-410;LW-411;LW-412;LW-413;MW-310;MW-320,appendix_g_reading;metre_source;rig_services_index;record_signatories;report_vocabulary,appendix_g_reading=LWD_ROWS_SHIFTED;metre_source=PART_B_RUN_METRES;rig_services_index=NOT_APPLIED;record_signatories=FORM_SIGNATORIES_REQUIRED;report_vocabulary=CODES_REQUIRED,,
MDS-00818,0,query,conditional,,,16436732,,16436732,16436732,medium,0.75,entitlement_unverified:AMB-13,0,28,DD-120;LW-410;LW-411;LW-413;MW-310;MW-320,appendix_g_reading;metre_source;rig_services_index;record_signatories;report_vocabulary,appendix_g_reading=LWD_ROWS_SHIFTED;metre_source=PART_B_RUN_METRES;rig_services_index=NOT_APPLIED;record_signatories=FORM_SIGNATORIES_REQUIRED;report_vocabulary=CODES_REQUIRED,,
MDS-00819,0,query,conditional,,,13375988,,13375988,13375988,medium,0.75,entitlement_unverified:AMB-13,0,21,DD-120;LW-410;LW-411;MW-310;MW-320;PD-201;PD-210,appendix_g_reading;metre_source;pd210_class_factor;rig_services_index;volume_tier_scope;record_signatories;report_vocabulary,appendix_g_reading=LWD_ROWS_SHIFTED;metre_source=PART_B_RUN_METRES;pd210_class_factor=APPLY;rig_services_index=NOT_APPLIED;volume_tier_scope=CONTRACT_WIDE;record_signatories=FORM_SIGNATORIES_REQUIRED;report_vocabulary=CODES_REQUIRED,,
MDS-00820,0,query,conditional,,,6022849,,6022849,6022849,medium,0.75,entitlement_unverified:AMB-13,0,4,DD-120;MW-310;MW-320;PD-201,rig_services_index;report_vocabulary,rig_services_index=NOT_APPLIED;report_vocabulary=CODES_REQUIRED,,
MDS-00821,0,query,conditional,,,7972242,,7972242,7972242,medium,0.75,entitlement_unverified:AMB-13,0,4,MW-310,rig_services_index;record_signatories;report_vocabulary,rig_services_index=NOT_APPLIED;record_signatories=FORM_SIGNATORIES_REQUIRED;report_vocabulary=CODES_REQUIRED,,
MDS-00822,0,query,conditional,,,14249023,,14249023,14249023,medium,0.75,entitlement_unverified:AMB-13,0,20,DD-120;LW-410;LW-411;LW-412;LW-413;MW-310;MW-320,appendix_g_reading;metre_source;rig_services_index;record_signatories;report_vocabulary,appendix_g_reading=LWD_ROWS_SHIFTED;metre_source=PART_B_RUN_METRES;rig_services_index=NOT_APPLIED;record_signatories=FORM_SIGNATORIES_REQUIRED;report_vocabulary=CODES_REQUIRED,,
MDS-00823,0,query,conditional,,,12615982,,12615982,12615982,medium,0.75,entitlement_unverified:AMB-13,0,18,DD-120;LW-410;LW-411;LW-413;MW-310;MW-320;PD-201;PD-210,appendix_g_reading;metre_source;pd210_class_factor;standby_section_factor;rig_services_index;volume_tier_scope;record_signatories;report_vocabulary,appendix_g_reading=LWD_ROWS_SHIFTED;metre_source=PART_B_RUN_METRES;pd210_class_factor=APPLY;standby_section_factor=APPLY;rig_services_index=NOT_APPLIED;volume_tier_scope=CONTRACT_WIDE;record_signatories=FORM_SIGNATORIES_REQUIRED;report_vocabulary=CODES_REQUIRED,,
MDS-00824,0,query,conditional,,,15871479,,15871479,15871479,medium,0.75,entitlement_unverified:AMB-13,0,23,DD-120;LW-410;LW-411;LW-413;MW-310;MW-320;PD-201;PD-210,appendix_g_reading;metre_source;pd210_class_factor;rig_services_index;volume_tier_scope;record_signatories;report_vocabulary,appendix_g_reading=LWD_ROWS_SHIFTED;metre_source=PART_B_RUN_METRES;pd210_class_factor=APPLY;rig_services_index=NOT_APPLIED;volume_tier_scope=CONTRACT_WIDE;record_signatories=FORM_SIGNATORIES_REQUIRED;report_vocabulary=CODES_REQUIRED,,
MDS-00825,0,query,conditional,,,15616271,,15616271,15616271,medium,0.75,entitlement_unverified:AMB-13,0,25,DD-120;LW-410;LW-411;LW-413;MW-310;MW-320;PD-201;PD-210,appendix_g_reading;metre_source;standby_section_factor;rig_services_index;volume_tier_scope;record_signatories;report_vocabulary,appendix_g_reading=LWD_ROWS_SHIFTED;metre_source=PART_B_RUN_METRES;standby_section_factor=APPLY;rig_services_index=NOT_APPLIED;volume_tier_scope=CONTRACT_WIDE;record_signatories=FORM_SIGNATORIES_REQUIRED;report_vocabulary=CODES_REQUIRED,,
MDS-00826,0,query,conditional,,,11389701,,11389701,11389701,medium,0.75,entitlement_unverified:AMB-13,0,4,MW-310,rig_services_index;record_signatories;report_vocabulary,rig_services_index=NOT_APPLIED;record_signatories=FORM_SIGNATORIES_REQUIRED;report_vocabulary=CODES_REQUIRED,,
MDS-00827,0,query,conditional,,,14689592,,14689592,14689592,medium,0.75,entitlement_unverified:AMB-13,0,20,DD-120;LW-410;LW-411;LW-412;LW-413;MW-310;MW-320,appendix_g_reading;metre_source;rig_services_index;record_signatories;report_vocabulary,appendix_g_reading=LWD_ROWS_SHIFTED;metre_source=PART_B_RUN_METRES;rig_services_index=NOT_APPLIED;record_signatories=FORM_SIGNATORIES_REQUIRED;report_vocabulary=CODES_REQUIRED,,
MDS-00828,0,query,conditional,,,8354006,,8354006,8354006,medium,0.75,entitlement_unverified:AMB-13,0,15,DD-120;LW-410;LW-411;MW-310;MW-320,appendix_g_reading;metre_source;rig_services_index;record_signatories;report_vocabulary,appendix_g_reading=LWD_ROWS_SHIFTED;metre_source=PART_B_RUN_METRES;rig_services_index=NOT_APPLIED;record_signatories=FORM_SIGNATORIES_REQUIRED;submission_date=INVOICE_DATE_IS_SUBMISSION;report_vocabulary=CODES_REQUIRED,,"invoice dated 2025-10-26, 1 day(s) before its period ended on 2025-10-27; the submission date is not in the data (AMB-25), so Clause 33 is not judged"
MDS-00829,0,query,conditional,,,20781115,,20781115,20781115,medium,0.75,entitlement_unverified:AMB-13,0,26,DD-120;MW-310;MW-320;PD-201;PD-210,rig_services_index;volume_tier_scope;report_vocabulary,rig_services_index=NOT_APPLIED;volume_tier_scope=CONTRACT_WIDE;report_vocabulary=CODES_REQUIRED,,
MDS-00830,0,query,conditional,,,10088921,,10088921,10088921,medium,0.75,entitlement_unverified:AMB-13,0,7,LW-410;MW-310,appendix_g_reading;metre_source;rig_services_index;record_signatories;report_vocabulary,appendix_g_reading=LWD_ROWS_SHIFTED;metre_source=PART_B_RUN_METRES;rig_services_index=NOT_APPLIED;record_signatories=FORM_SIGNATORIES_REQUIRED;report_vocabulary=CODES_REQUIRED,,
MDS-00831,0,query,conditional,,,9340688,,9340688,9340688,medium,0.75,entitlement_unverified:AMB-13,0,3,MW-310,rig_services_index;record_signatories;report_vocabulary,rig_services_index=NOT_APPLIED;record_signatories=FORM_SIGNATORIES_REQUIRED;report_vocabulary=CODES_REQUIRED,,
MDS-00832,0,query,conditional,,,8101575,,8101575,8101575,medium,0.75,entitlement_unverified:AMB-13,0,5,MW-310,standby_section_factor;rig_services_index;monthly_rate_basis;record_signatories;report_vocabulary,standby_section_factor=APPLY;rig_services_index=NOT_APPLIED;monthly_rate_basis=FINAL_RATE;record_signatories=FORM_SIGNATORIES_REQUIRED;report_vocabulary=CODES_REQUIRED,,
MDS-00833,0,query,conditional,,,10467340,,10467340,10467340,medium,0.75,entitlement_unverified:AMB-13,0,10,DD-120;MW-310;MW-320;PD-201;PD-210,rig_services_index;volume_tier_scope;record_signatories;report_vocabulary,rig_services_index=NOT_APPLIED;volume_tier_scope=CONTRACT_WIDE;record_signatories=FORM_SIGNATORIES_REQUIRED;report_vocabulary=CODES_REQUIRED,,
MDS-00834,0,query,conditional,,,14534273,,14534273,14534273,medium,0.75,entitlement_unverified:AMB-13,0,31,DD-120;LW-410;LW-411;LW-412;LW-413;MW-310;MW-320,appendix_g_reading;metre_source;rig_services_index;record_signatories;report_vocabulary,appendix_g_reading=LWD_ROWS_SHIFTED;metre_source=PART_B_RUN_METRES;rig_services_index=NOT_APPLIED;record_signatories=FORM_SIGNATORIES_REQUIRED;report_vocabulary=CODES_REQUIRED,,
MDS-00835,0,query,conditional,,,15537735,,15537735,15537735,medium,0.75,entitlement_unverified:AMB-13,0,6,MW-310,rig_services_index;record_signatories;report_vocabulary,rig_services_index=NOT_APPLIED;record_signatories=FORM_SIGNATORIES_REQUIRED;report_vocabulary=CODES_REQUIRED,,
MDS-00836,0,query,conditional,,,29257371,,29257371,29257371,medium,0.75,entitlement_unverified:AMB-13,0,45,DD-120;LW-410;LW-411;LW-413;MW-310;MW-320;PD-201;PD-210,appendix_g_reading;metre_source;pd210_class_factor;rig_services_index;volume_tier_scope;record_signatories;report_vocabulary,appendix_g_reading=LWD_ROWS_SHIFTED;metre_source=PART_B_RUN_METRES;pd210_class_factor=APPLY;rig_services_index=NOT_APPLIED;volume_tier_scope=CONTRACT_WIDE;record_signatories=FORM_SIGNATORIES_REQUIRED;report_vocabulary=CODES_REQUIRED,,
MDS-00837,0,query,conditional,,,13620376,,13620376,13620376,medium,0.75,entitlement_unverified:AMB-13,0,18,DD-120;LW-410;LW-411;MW-310;MW-320;PD-201;PD-210,appendix_g_reading;metre_source;pd210_class_factor;rig_services_index;volume_tier_scope;record_signatories;report_vocabulary,appendix_g_reading=LWD_ROWS_SHIFTED;metre_source=PART_B_RUN_METRES;pd210_class_factor=APPLY;rig_services_index=NOT_APPLIED;volume_tier_scope=CONTRACT_WIDE;record_signatories=FORM_SIGNATORIES_REQUIRED;report_vocabulary=CODES_REQUIRED,,
MDS-00838,0,query,conditional,,,141656395,,141656395,141656395,medium,0.75,entitlement_unverified:AMB-13,0,25,DD-120;LW-410;LW-411;MW-310;MW-320;PD-201;PD-210,appendix_g_reading;metre_source;rig_services_index;volume_tier_scope;lih_replacement_value;record_signatories;report_vocabulary,appendix_g_reading=LWD_ROWS_SHIFTED;metre_source=PART_B_RUN_METRES;rig_services_index=NOT_APPLIED;volume_tier_scope=CONTRACT_WIDE;lih_replacement_value=SCHEDULE_6_USD;record_signatories=FORM_SIGNATORIES_REQUIRED;report_vocabulary=CODES_REQUIRED,,
MDS-00839,0,query,conditional,,,13105316,,13105316,13105316,medium,0.75,entitlement_unverified:AMB-13,0,16,DD-120;LW-410;LW-411;LW-412;LW-413;MW-310;MW-320,appendix_g_reading;metre_source;rig_services_index;record_signatories;report_vocabulary,appendix_g_reading=LWD_ROWS_SHIFTED;metre_source=PART_B_RUN_METRES;rig_services_index=NOT_APPLIED;record_signatories=FORM_SIGNATORIES_REQUIRED;report_vocabulary=CODES_REQUIRED,,
MDS-00840,1,part-reject,conditional,superseded_rate,superseded_rate,8639539,,8649930,8649930,high,0.95,entitlement_unverified:AMB-13,1,14,DD-120;LW-410;LW-411;MW-310;MW-320,appendix_g_reading;metre_source;standby_section_factor;rig_services_index;record_signatories;report_vocabulary,,,
MDS-00841,0,query,conditional,,,9885099,,9885099,9885099,medium,0.75,entitlement_unverified:AMB-13,0,6,MW-310,rig_services_index;report_vocabulary,rig_services_index=NOT_APPLIED;report_vocabulary=CODES_REQUIRED,,
MDS-00842,1,part-reject,conditional,unsigned_record,unsigned_record,6047284,,4942549,4942549,high,0.95,entitlement_unverified:AMB-13,9,3,MW-310,rig_services_index;missing_record_consequence;report_vocabulary,,,
MDS-00843,0,query,conditional,,,20338354,,20338354,20338354,medium,0.75,entitlement_unverified:AMB-13,0,23,DD-120;MW-310;MW-320;PD-201;PD-210,metre_source;rig_services_index;volume_tier_scope;record_signatories;report_vocabulary,metre_source=PART_B_RUN_METRES;rig_services_index=NOT_APPLIED;volume_tier_scope=CONTRACT_WIDE;record_signatories=FORM_SIGNATORIES_REQUIRED;report_vocabulary=CODES_REQUIRED,,
MDS-00844,0,query,conditional,,,15983782,,15983782,15983782,medium,0.75,entitlement_unverified:AMB-13,0,28,DD-120;LW-410;LW-411;LW-412;MW-310;MW-320;PD-201;PD-210,appendix_g_reading;metre_source;rig_services_index;volume_tier_scope;record_signatories;report_vocabulary,appendix_g_reading=LWD_ROWS_SHIFTED;metre_source=PART_B_RUN_METRES;rig_services_index=NOT_APPLIED;volume_tier_scope=CONTRACT_WIDE;record_signatories=FORM_SIGNATORIES_REQUIRED;report_vocabulary=CODES_REQUIRED,,
MDS-00845,0,query,conditional,,,8880242,,8880242,8880242,medium,0.75,entitlement_unverified:AMB-13,0,7,DD-120;MW-310;MW-320;PD-201;PD-210,rig_services_index;volume_tier_scope;record_signatories;report_vocabulary,rig_services_index=NOT_APPLIED;volume_tier_scope=CONTRACT_WIDE;record_signatories=FORM_SIGNATORIES_REQUIRED;report_vocabulary=CODES_REQUIRED,,
MDS-00846,0,query,conditional,,,11684687,,11684687,11684687,medium,0.75,entitlement_unverified:AMB-13,0,15,DD-120;LW-410;LW-411;LW-412;LW-413;MW-310;MW-320,appendix_g_reading;metre_source;standby_section_factor;rig_services_index;record_signatories;report_vocabulary,appendix_g_reading=LWD_ROWS_SHIFTED;metre_source=PART_B_RUN_METRES;standby_section_factor=APPLY;rig_services_index=NOT_APPLIED;record_signatories=FORM_SIGNATORIES_REQUIRED;report_vocabulary=CODES_REQUIRED,,
MDS-00847,0,query,conditional,,,9097037,,9097037,9097037,medium,0.75,entitlement_unverified:AMB-13,0,3,MW-310,rig_services_index;record_signatories;report_vocabulary,rig_services_index=NOT_APPLIED;record_signatories=FORM_SIGNATORIES_REQUIRED;report_vocabulary=CODES_REQUIRED,,
MDS-00848,0,query,conditional,,,4542920,,4542920,4542920,medium,0.75,entitlement_unverified:AMB-13,0,3,MW-310,standby_section_factor;rig_services_index;monthly_rate_basis;report_vocabulary,standby_section_factor=APPLY;rig_services_index=NOT_APPLIED;monthly_rate_basis=FINAL_RATE;report_vocabulary=CODES_REQUIRED,,
MDS-00849,0,query,conditional,,,9334895,,9334895,9334895,medium,0.75,entitlement_unverified:AMB-13,0,11,DD-120;LW-410;LW-411;MW-310;MW-320;PD-201;PD-210,appendix_g_reading;metre_source;pd210_class_factor;rig_services_index;volume_tier_scope;record_signatories;report_vocabulary,appendix_g_reading=LWD_ROWS_SHIFTED;metre_source=PART_B_RUN_METRES;pd210_class_factor=APPLY;rig_services_index=NOT_APPLIED;volume_tier_scope=CONTRACT_WIDE;record_signatories=FORM_SIGNATORIES_REQUIRED;report_vocabulary=CODES_REQUIRED,,
MDS-00850,0,query,conditional,,,16341092,,16341092,16341092,medium,0.75,entitlement_unverified:AMB-13,0,23,DD-120;LW-410;LW-411;MW-310;MW-320,appendix_g_reading;metre_source;rig_services_index;record_signatories;report_vocabulary,appendix_g_reading=LWD_ROWS_SHIFTED;metre_source=PART_B_RUN_METRES;rig_services_index=NOT_APPLIED;record_signatories=FORM_SIGNATORIES_REQUIRED;report_vocabulary=CODES_REQUIRED,,
MDS-00851,0,query,conditional,,,13103481,,13103481,13103481,medium,0.75,entitlement_unverified:AMB-13,0,9,DD-120;MW-310;MW-320;PD-201;PD-210,rig_services_index;volume_tier_scope;record_signatories;report_vocabulary,rig_services_index=NOT_APPLIED;volume_tier_scope=CONTRACT_WIDE;record_signatories=FORM_SIGNATORIES_REQUIRED;report_vocabulary=CODES_REQUIRED,,
MDS-00852,0,query,conditional,,,19602750,,19602750,19602750,medium,0.75,entitlement_unverified:AMB-13,0,26,DD-120;MW-310;MW-320;PD-201;PD-210,rig_services_index;volume_tier_scope;report_vocabulary,rig_services_index=NOT_APPLIED;volume_tier_scope=CONTRACT_WIDE;report_vocabulary=CODES_REQUIRED,,
MDS-00853,0,query,conditional,,,78423910,,78423910,78423910,medium,0.75,entitlement_unverified:AMB-13,0,42,DD-120;LW-410;LW-411;LW-412;LW-413;MW-310;MW-320;PD-201;PD-210,appendix_g_reading;metre_source;rig_services_index;volume_tier_scope;lih_replacement_value;record_signatories;report_vocabulary,appendix_g_reading=LWD_ROWS_SHIFTED;metre_source=PART_B_RUN_METRES;rig_services_index=NOT_APPLIED;volume_tier_scope=CONTRACT_WIDE;lih_replacement_value=SCHEDULE_6_USD;record_signatories=FORM_SIGNATORIES_REQUIRED;report_vocabulary=CODES_REQUIRED,,
MDS-00854,0,query,conditional,,,10465750,,10465750,10465750,medium,0.75,entitlement_unverified:AMB-13,0,6,MW-310,rig_services_index;record_signatories;report_vocabulary,rig_services_index=NOT_APPLIED;record_signatories=FORM_SIGNATORIES_REQUIRED;report_vocabulary=CODES_REQUIRED,,
MDS-00855,0,query,conditional,,,11002060,,11002060,11002060,medium,0.75,entitlement_unverified:AMB-13,0,4,MW-310,rig_services_index;record_signatories;report_vocabulary,rig_services_index=NOT_APPLIED;record_signatories=FORM_SIGNATORIES_REQUIRED;report_vocabulary=CODES_REQUIRED,,
MDS-00856,1,part-reject,conditional,quantity_exceeds_record,quantity_exceeds_record,9740449,,9710026,9710026,medium,0.75,entitlement_unverified:AMB-13,1,7,DD-120;MW-310;MW-320,rig_up_hour;rig_services_index;record_signatories;report_vocabulary,,rig_up_hour=NO_DEDUCTION,
MDS-00857,0,query,conditional,,,14794484,,14794484,14794484,medium,0.75,entitlement_unverified:AMB-13,0,16,DD-120;MW-310;MW-320;PD-201;PD-210,metre_source;rig_services_index;volume_tier_scope;record_signatories;report_vocabulary,metre_source=PART_B_RUN_METRES;rig_services_index=NOT_APPLIED;volume_tier_scope=CONTRACT_WIDE;record_signatories=FORM_SIGNATORIES_REQUIRED;report_vocabulary=CODES_REQUIRED,,
MDS-00858,0,query,conditional,,,12640260,,12640260,12640260,medium,0.75,entitlement_unverified:AMB-13,0,9,DD-120;MW-310;MW-320,metre_source;rig_services_index;record_signatories;report_vocabulary,metre_source=PART_B_RUN_METRES;rig_services_index=NOT_APPLIED;record_signatories=FORM_SIGNATORIES_REQUIRED;report_vocabulary=CODES_REQUIRED,,
MDS-00859,0,query,conditional,,,13450913,,13450913,13450913,medium,0.75,entitlement_unverified:AMB-13,0,6,MW-310,standby_section_factor;rig_services_index;monthly_rate_basis;record_signatories;report_vocabulary,standby_section_factor=APPLY;rig_services_index=NOT_APPLIED;monthly_rate_basis=FINAL_RATE;record_signatories=FORM_SIGNATORIES_REQUIRED;report_vocabulary=CODES_REQUIRED,,
MDS-00860,0,query,conditional,,,13276044,,13276044,13276044,medium,0.75,entitlement_unverified:AMB-13,0,5,MW-310,rig_services_index;record_signatories;report_vocabulary,rig_services_index=NOT_APPLIED;record_signatories=FORM_SIGNATORIES_REQUIRED;report_vocabulary=CODES_REQUIRED,,
MDS-00861,0,query,conditional,,,4717268,,4717268,4717268,medium,0.75,entitlement_unverified:AMB-13,0,5,LW-410;MW-310,appendix_g_reading;metre_source;standby_section_factor;rig_services_index;record_signatories;report_vocabulary,appendix_g_reading=LWD_ROWS_SHIFTED;metre_source=PART_B_RUN_METRES;standby_section_factor=APPLY;rig_services_index=NOT_APPLIED;record_signatories=FORM_SIGNATORIES_REQUIRED;report_vocabulary=CODES_REQUIRED,,
MDS-00862,0,query,conditional,,,14721193,,14721193,14721193,medium,0.75,entitlement_unverified:AMB-13,0,6,MW-310,rig_services_index;record_signatories;report_vocabulary,rig_services_index=NOT_APPLIED;record_signatories=FORM_SIGNATORIES_REQUIRED;report_vocabulary=CODES_REQUIRED,,
MDS-00863,0,query,conditional,,,22219754,,22219754,22219754,medium,0.75,entitlement_unverified:AMB-13,0,24,DD-120;MW-310;MW-320;PD-201;PD-210,metre_source;rig_services_index;volume_tier_scope;record_signatories;report_vocabulary,metre_source=PART_B_RUN_METRES;rig_services_index=NOT_APPLIED;volume_tier_scope=CONTRACT_WIDE;record_signatories=FORM_SIGNATORIES_REQUIRED;report_vocabulary=CODES_REQUIRED,,
MDS-00864,1,part-reject,conditional,quantity_exceeds_record,quantity_exceeds_record,25621519,,25391588,25391588,high,0.95,entitlement_unverified:AMB-13,1,29,DD-120;MW-310;MW-320;PD-201;PD-210,metre_source;rig_services_index;volume_tier_scope;record_signatories;report_vocabulary,,,
MDS-00865,0,query,conditional,,,10465750,,10465750,10465750,medium,0.75,entitlement_unverified:AMB-13,0,6,MW-310,rig_services_index;record_signatories;report_vocabulary,rig_services_index=NOT_APPLIED;record_signatories=FORM_SIGNATORIES_REQUIRED;report_vocabulary=CODES_REQUIRED,,
MDS-00866,0,query,conditional,,,20013221,,20013221,20013221,medium,0.75,entitlement_unverified:AMB-13,0,31,DD-120;LW-410;LW-411;LW-413;MW-310;MW-320;PD-201;PD-210,appendix_g_reading;metre_source;rig_services_index;volume_tier_scope;record_signatories;report_vocabulary,appendix_g_reading=LWD_ROWS_SHIFTED;metre_source=PART_B_RUN_METRES;rig_services_index=NOT_APPLIED;volume_tier_scope=CONTRACT_WIDE;record_signatories=FORM_SIGNATORIES_REQUIRED;report_vocabulary=CODES_REQUIRED,,
MDS-00867,0,query,conditional,,,7285957,,7285957,7285957,medium,0.75,entitlement_unverified:AMB-13,0,8,LW-410;MW-310,appendix_g_reading;metre_source;rig_services_index;record_signatories;report_vocabulary,appendix_g_reading=LWD_ROWS_SHIFTED;metre_source=PART_B_RUN_METRES;rig_services_index=NOT_APPLIED;record_signatories=FORM_SIGNATORIES_REQUIRED;report_vocabulary=CODES_REQUIRED,,
MDS-00868,0,query,conditional,,,21442606,,21442606,21442606,medium,0.75,entitlement_unverified:AMB-13,0,39,DD-120;LW-410;LW-411;LW-412;LW-413;MW-310;MW-320;PD-201;PD-210,appendix_g_reading;metre_source;standby_section_factor;rig_services_index;volume_tier_scope;record_signatories;report_vocabulary,appendix_g_reading=LWD_ROWS_SHIFTED;metre_source=PART_B_RUN_METRES;standby_section_factor=APPLY;rig_services_index=NOT_APPLIED;volume_tier_scope=CONTRACT_WIDE;record_signatories=FORM_SIGNATORIES_REQUIRED;report_vocabulary=CODES_REQUIRED,,
MDS-00869,0,query,conditional,,,10318556,,10318556,10318556,medium,0.75,entitlement_unverified:AMB-13,0,14,DD-120;MW-310;MW-320,rig_services_index;report_vocabulary,rig_services_index=NOT_APPLIED;report_vocabulary=CODES_REQUIRED,,
MDS-00870,0,query,conditional,,,9930206,,9930206,9930206,medium,0.75,entitlement_unverified:AMB-13,0,9,DD-120;MW-310;MW-320,metre_source;rig_services_index;record_signatories;report_vocabulary,metre_source=PART_B_RUN_METRES;rig_services_index=NOT_APPLIED;record_signatories=FORM_SIGNATORIES_REQUIRED;report_vocabulary=CODES_REQUIRED,,
MDS-00871,0,query,conditional,,,11010016,,11010016,11010016,medium,0.75,entitlement_unverified:AMB-13,0,6,MW-310,rig_services_index;record_signatories;report_vocabulary,rig_services_index=NOT_APPLIED;record_signatories=FORM_SIGNATORIES_REQUIRED;report_vocabulary=CODES_REQUIRED,,
MDS-00872,0,query,conditional,,,10036404,,10036404,10036404,medium,0.75,entitlement_unverified:AMB-13,0,11,DD-120;MW-310;MW-320;PD-201;PD-210,rig_services_index;volume_tier_scope;record_signatories;report_vocabulary,rig_services_index=NOT_APPLIED;volume_tier_scope=CONTRACT_WIDE;record_signatories=FORM_SIGNATORIES_REQUIRED;report_vocabulary=CODES_REQUIRED,,
MDS-00873,0,query,conditional,,,13023063,,13023063,13023063,medium,0.75,entitlement_unverified:AMB-13,0,5,MW-310,rig_services_index;record_signatories;report_vocabulary,rig_services_index=NOT_APPLIED;record_signatories=FORM_SIGNATORIES_REQUIRED;report_vocabulary=CODES_REQUIRED,,
MDS-00874,0,query,conditional,,,5232875,,5232875,5232875,medium,0.75,entitlement_unverified:AMB-13,0,3,MW-310,rig_services_index;record_signatories;report_vocabulary,rig_services_index=NOT_APPLIED;record_signatories=FORM_SIGNATORIES_REQUIRED;report_vocabulary=CODES_REQUIRED,,
MDS-00875,0,query,conditional,,,10480012,,10480012,10480012,medium,0.75,entitlement_unverified:AMB-13,0,6,MW-310,standby_section_factor;rig_services_index;monthly_rate_basis;record_signatories;report_vocabulary,standby_section_factor=APPLY;rig_services_index=NOT_APPLIED;monthly_rate_basis=FINAL_RATE;record_signatories=FORM_SIGNATORIES_REQUIRED;report_vocabulary=CODES_REQUIRED,,
MDS-00876,1,part-reject,conditional,record_part_missing,record_part_missing,22130492,,21814639,21814639,high,0.95,entitlement_unverified:AMB-13,1,36,DD-120;LW-410;LW-411;LW-413;MW-310;MW-320;PD-201;PD-210,appendix_g_reading;metre_source;rig_services_index;volume_tier_scope;record_signatories;missing_record_consequence;report_vocabulary,,,
MDS-00877,0,query,conditional,,,4948131,,4948131,4948131,medium,0.75,entitlement_unverified:AMB-13,0,1,MW-310,rig_services_index;record_signatories;report_vocabulary,rig_services_index=NOT_APPLIED;record_signatories=FORM_SIGNATORIES_REQUIRED;report_vocabulary=CODES_REQUIRED,,
MDS-00878,0,query,conditional,,,8247615,,8247615,8247615,medium,0.75,entitlement_unverified:AMB-13,0,8,DD-120;MW-310;MW-320,metre_source;rig_services_index;record_signatories;report_vocabulary,metre_source=PART_B_RUN_METRES;rig_services_index=NOT_APPLIED;record_signatories=FORM_SIGNATORIES_REQUIRED;report_vocabulary=CODES_REQUIRED,,
MDS-00879,0,query,conditional,,,18754338,,18754338,18754338,medium,0.75,entitlement_unverified:AMB-13,0,26,DD-120;MW-310;MW-320;PD-201;PD-210,rig_services_index;volume_tier_scope;report_vocabulary,rig_services_index=NOT_APPLIED;volume_tier_scope=CONTRACT_WIDE;report_vocabulary=CODES_REQUIRED,,
MDS-00880,0,query,conditional,,,9470288,,9470288,9470288,medium,0.75,entitlement_unverified:AMB-13,0,17,DD-120;LW-410;LW-411;MW-310;MW-320;PD-201;PD-210,appendix_g_reading;metre_source;standby_section_factor;rig_services_index;volume_tier_scope;record_signatories;report_vocabulary,appendix_g_reading=LWD_ROWS_SHIFTED;metre_source=PART_B_RUN_METRES;standby_section_factor=APPLY;rig_services_index=NOT_APPLIED;volume_tier_scope=CONTRACT_WIDE;record_signatories=FORM_SIGNATORIES_REQUIRED;report_vocabulary=CODES_REQUIRED,,
MDS-00881,0,query,conditional,,,25427828,,25427828,25427828,medium,0.75,entitlement_unverified:AMB-13,0,38,DD-120;LW-410;LW-411;LW-412;MW-310;MW-320;PD-201;PD-210,appendix_g_reading;metre_source;rig_services_index;volume_tier_scope;record_signatories;report_vocabulary,appendix_g_reading=LWD_ROWS_SHIFTED;metre_source=PART_B_RUN_METRES;rig_services_index=NOT_APPLIED;volume_tier_scope=CONTRACT_WIDE;record_signatories=FORM_SIGNATORIES_REQUIRED;report_vocabulary=CODES_REQUIRED,,
MDS-00882,0,query,conditional,,,8950168,,8950168,8950168,medium,0.75,entitlement_unverified:AMB-13,0,5,MW-310,rig_services_index;record_signatories;report_vocabulary,rig_services_index=NOT_APPLIED;record_signatories=FORM_SIGNATORIES_REQUIRED;report_vocabulary=CODES_REQUIRED,,
MDS-00883,0,query,conditional,,,13347874,,13347874,13347874,medium,0.75,entitlement_unverified:AMB-13,0,16,DD-120;MW-310;MW-320,rig_services_index;record_signatories;report_vocabulary,rig_services_index=NOT_APPLIED;record_signatories=FORM_SIGNATORIES_REQUIRED;report_vocabulary=CODES_REQUIRED,,
MDS-00884,0,query,conditional,,,7003545,,7003545,7003545,medium,0.75,entitlement_unverified:AMB-13,0,9,DD-120;MW-310;MW-320,rig_services_index;report_vocabulary,rig_services_index=NOT_APPLIED;report_vocabulary=CODES_REQUIRED,,
MDS-00885,0,query,conditional,,,5548270,,5548270,5548270,medium,0.75,entitlement_unverified:AMB-13,0,4,DD-120;MW-310;MW-320;PD-201,rig_services_index;report_vocabulary,rig_services_index=NOT_APPLIED;report_vocabulary=CODES_REQUIRED,,
MDS-00886,0,query,conditional,,,14373571,,14373571,14373571,medium,0.75,entitlement_unverified:AMB-13,0,10,DD-120;MW-310;MW-320;PD-201;PD-210,pd210_class_factor;rig_services_index;volume_tier_scope;record_signatories;report_vocabulary,pd210_class_factor=APPLY;rig_services_index=NOT_APPLIED;volume_tier_scope=CONTRACT_WIDE;record_signatories=FORM_SIGNATORIES_REQUIRED;report_vocabulary=CODES_REQUIRED,,
MDS-00887,0,query,conditional,,,16410172,,16410172,16410172,medium,0.75,entitlement_unverified:AMB-13,0,17,DD-120;LW-410;LW-411;MW-310;MW-320,appendix_g_reading;metre_source;rig_services_index;record_signatories;report_vocabulary,appendix_g_reading=LWD_ROWS_SHIFTED;metre_source=PART_B_RUN_METRES;rig_services_index=NOT_APPLIED;record_signatories=FORM_SIGNATORIES_REQUIRED;report_vocabulary=CODES_REQUIRED,,
MDS-00888,0,query,conditional,,,12941599,,12941599,12941599,medium,0.75,entitlement_unverified:AMB-13,0,15,DD-120;MW-310;MW-320,rig_services_index;record_signatories;report_vocabulary,rig_services_index=NOT_APPLIED;record_signatories=FORM_SIGNATORIES_REQUIRED;report_vocabulary=CODES_REQUIRED,,
MDS-00889,0,query,conditional,,,23471671,,23471671,23471671,medium,0.75,entitlement_unverified:AMB-13,0,39,DD-120;LW-410;LW-411;LW-413;MW-310;MW-320;PD-201;PD-210,appendix_g_reading;metre_source;standby_section_factor;rig_services_index;volume_tier_scope;record_signatories;report_vocabulary,appendix_g_reading=LWD_ROWS_SHIFTED;metre_source=PART_B_RUN_METRES;standby_section_factor=APPLY;rig_services_index=NOT_APPLIED;volume_tier_scope=CONTRACT_WIDE;record_signatories=FORM_SIGNATORIES_REQUIRED;report_vocabulary=CODES_REQUIRED,,
MDS-00890,0,query,conditional,,,11775892,,11775892,11775892,medium,0.75,entitlement_unverified:AMB-13,0,21,DD-120;LW-410;LW-411;LW-412;MW-310;MW-320,appendix_g_reading;metre_source;rig_services_index;record_signatories;report_vocabulary,appendix_g_reading=LWD_ROWS_SHIFTED;metre_source=PART_B_RUN_METRES;rig_services_index=NOT_APPLIED;record_signatories=FORM_SIGNATORIES_REQUIRED;report_vocabulary=CODES_REQUIRED,,
MDS-00891,0,query,conditional,,,26964885,,26964885,26964885,medium,0.75,entitlement_unverified:AMB-13,0,40,DD-120;LW-410;LW-411;MW-310;MW-320;PD-201;PD-210,appendix_g_reading;metre_source;rig_services_index;volume_tier_scope;record_signatories;report_vocabulary,appendix_g_reading=LWD_ROWS_SHIFTED;metre_source=PART_B_RUN_METRES;rig_services_index=NOT_APPLIED;volume_tier_scope=CONTRACT_WIDE;record_signatories=FORM_SIGNATORIES_REQUIRED;report_vocabulary=CODES_REQUIRED,,
MDS-00892,0,query,conditional,,,12647277,,12647277,12647277,medium,0.75,entitlement_unverified:AMB-13,0,15,DD-120;MW-310;MW-320,rig_services_index;report_vocabulary,rig_services_index=NOT_APPLIED;report_vocabulary=CODES_REQUIRED,,
MDS-00893,0,query,conditional,,,13326975,,13326975,13326975,medium,0.75,entitlement_unverified:AMB-13,0,5,MW-310,rig_services_index;record_signatories;report_vocabulary,rig_services_index=NOT_APPLIED;record_signatories=FORM_SIGNATORIES_REQUIRED;report_vocabulary=CODES_REQUIRED,,
MDS-00894,0,query,conditional,,,23888077,,23888077,23888077,medium,0.75,entitlement_unverified:AMB-13,0,41,DD-120;LW-410;LW-411;LW-412;MW-310;MW-320;PD-201;PD-210,appendix_g_reading;metre_source;rig_services_index;volume_tier_scope;record_signatories;report_vocabulary,appendix_g_reading=LWD_ROWS_SHIFTED;metre_source=PART_B_RUN_METRES;rig_services_index=NOT_APPLIED;volume_tier_scope=CONTRACT_WIDE;record_signatories=FORM_SIGNATORIES_REQUIRED;report_vocabulary=CODES_REQUIRED,,
MDS-00895,1,part-reject,conditional,record_line_mismatch,record_line_mismatch;line_outside_invoice_period,27745588,,27366881,27366881,high,0.95,entitlement_unverified:AMB-13,2,31,DD-120;MW-310;MW-320;PD-201;PD-210,metre_source;rig_services_index;volume_tier_scope;record_signatories;missing_record_consequence;report_vocabulary,,,
MDS-00896,0,query,conditional,,,13070448,,13070448,13070448,medium,0.75,entitlement_unverified:AMB-13,0,25,DD-120;LW-410;LW-411;LW-412;LW-413;MW-310;MW-320;PD-201;PD-210,appendix_g_reading;metre_source;rig_services_index;volume_tier_scope;record_signatories;report_vocabulary,appendix_g_reading=LWD_ROWS_SHIFTED;metre_source=PART_B_RUN_METRES;rig_services_index=NOT_APPLIED;volume_tier_scope=CONTRACT_WIDE;record_signatories=FORM_SIGNATORIES_REQUIRED;report_vocabulary=CODES_REQUIRED,,
MDS-00897,0,query,conditional,,,8604820,,8604820,8604820,medium,0.75,entitlement_unverified:AMB-13,0,12,DD-120;MW-310;MW-320,rig_services_index;report_vocabulary,rig_services_index=NOT_APPLIED;report_vocabulary=CODES_REQUIRED,,
MDS-00898,0,query,conditional,,,15028951,,15028951,15028951,medium,0.75,entitlement_unverified:AMB-13,0,20,DD-120;LW-410;LW-411;LW-413;MW-310;MW-320,appendix_g_reading;metre_source;standby_section_factor;rig_services_index;record_signatories;report_vocabulary,appendix_g_reading=LWD_ROWS_SHIFTED;metre_source=PART_B_RUN_METRES;standby_section_factor=APPLY;rig_services_index=NOT_APPLIED;record_signatories=FORM_SIGNATORIES_REQUIRED;report_vocabulary=CODES_REQUIRED,,
MDS-00899,0,query,conditional,,,11312089,,11312089,11312089,medium,0.75,entitlement_unverified:AMB-13,0,24,DD-120;LW-410;LW-411;LW-412;MW-310;MW-320,appendix_g_reading;metre_source;rig_services_index;record_signatories;report_vocabulary,appendix_g_reading=LWD_ROWS_SHIFTED;metre_source=PART_B_RUN_METRES;rig_services_index=NOT_APPLIED;record_signatories=FORM_SIGNATORIES_REQUIRED;report_vocabulary=CODES_REQUIRED,,
MDS-00900,0,query,conditional,,,15128460,,15128460,15128460,medium,0.75,entitlement_unverified:AMB-13,0,6,MW-310,rig_services_index;record_signatories;report_vocabulary,rig_services_index=NOT_APPLIED;record_signatories=FORM_SIGNATORIES_REQUIRED;report_vocabulary=CODES_REQUIRED,,
MDS-00901,1,part-reject,conditional,unsigned_record,unsigned_record,15146066,,10426944,10426944,high,0.95,entitlement_unverified:AMB-13,15,10,DD-120;MW-310;MW-320;PD-201;PD-210,metre_source;pd210_class_factor;rig_services_index;volume_tier_scope;record_signatories;missing_record_consequence;report_vocabulary,,,
MDS-00902,0,query,conditional,,,6911890,,6911890,6911890,medium,0.75,entitlement_unverified:AMB-13,0,9,DD-120;MW-310;MW-320,rig_services_index;report_vocabulary,rig_services_index=NOT_APPLIED;report_vocabulary=CODES_REQUIRED,,
MDS-00903,0,query,conditional,,,8537023,,8537023,8537023,medium,0.75,entitlement_unverified:AMB-13,0,11,DD-120;LW-410;LW-411;MW-310;MW-320;PD-201;PD-210,appendix_g_reading;metre_source;rig_services_index;volume_tier_scope;record_signatories;report_vocabulary,appendix_g_reading=LWD_ROWS_SHIFTED;metre_source=PART_B_RUN_METRES;rig_services_index=NOT_APPLIED;volume_tier_scope=CONTRACT_WIDE;record_signatories=FORM_SIGNATORIES_REQUIRED;report_vocabulary=CODES_REQUIRED,,
MDS-00904,0,query,conditional,,,13366882,,13366882,13366882,medium,0.75,entitlement_unverified:AMB-13,0,25,DD-120;LW-410;LW-411;LW-412;LW-413;MW-310;MW-320;PD-201;PD-210,appendix_g_reading;metre_source;rig_services_index;volume_tier_scope;record_signatories;report_vocabulary,appendix_g_reading=LWD_ROWS_SHIFTED;metre_source=PART_B_RUN_METRES;rig_services_index=NOT_APPLIED;volume_tier_scope=CONTRACT_WIDE;record_signatories=FORM_SIGNATORIES_REQUIRED;report_vocabulary=CODES_REQUIRED,,
MDS-00905,0,query,conditional,,,16617631,,16617631,16617631,medium,0.75,entitlement_unverified:AMB-13,0,24,DD-120;LW-410;LW-411;MW-310;MW-320,appendix_g_reading;metre_source;rig_services_index;record_signatories;report_vocabulary,appendix_g_reading=LWD_ROWS_SHIFTED;metre_source=PART_B_RUN_METRES;rig_services_index=NOT_APPLIED;record_signatories=FORM_SIGNATORIES_REQUIRED;report_vocabulary=CODES_REQUIRED,,
MDS-00906,0,query,conditional,,,9654969,,9654969,9654969,medium,0.75,entitlement_unverified:AMB-13,0,5,MW-310,rig_services_index;record_signatories;report_vocabulary,rig_services_index=NOT_APPLIED;record_signatories=FORM_SIGNATORIES_REQUIRED;report_vocabulary=CODES_REQUIRED,,
MDS-00907,0,query,conditional,,,11801798,,11801798,11801798,medium,0.75,entitlement_unverified:AMB-13,0,4,MW-310,rig_services_index;record_signatories;report_vocabulary,rig_services_index=NOT_APPLIED;record_signatories=FORM_SIGNATORIES_REQUIRED;report_vocabulary=CODES_REQUIRED,,
MDS-00908,0,query,conditional,,,28109003,,28109003,28109003,medium,0.75,entitlement_unverified:AMB-13,0,45,DD-120;LW-410;LW-411;LW-412;LW-413;MW-310;MW-320;PD-201;PD-210,appendix_g_reading;metre_source;rig_services_index;volume_tier_scope;record_signatories;report_vocabulary,appendix_g_reading=LWD_ROWS_SHIFTED;metre_source=PART_B_RUN_METRES;rig_services_index=NOT_APPLIED;volume_tier_scope=CONTRACT_WIDE;record_signatories=FORM_SIGNATORIES_REQUIRED;report_vocabulary=CODES_REQUIRED,,
MDS-00909,0,query,conditional,,,11965500,,11965500,11965500,medium,0.75,entitlement_unverified:AMB-13,0,19,DD-120;LW-410;LW-411;LW-413;MW-310;MW-320,appendix_g_reading;metre_source;rig_services_index;record_signatories;report_vocabulary,appendix_g_reading=LWD_ROWS_SHIFTED;metre_source=PART_B_RUN_METRES;rig_services_index=NOT_APPLIED;record_signatories=FORM_SIGNATORIES_REQUIRED;report_vocabulary=CODES_REQUIRED,,
MDS-00910,0,query,conditional,,,20382134,,20382134,20382134,medium,0.75,entitlement_unverified:AMB-13,0,20,DD-120;MW-310;MW-320;PD-201;PD-210,metre_source;pd210_class_factor;rig_services_index;volume_tier_scope;record_signatories;report_vocabulary,metre_source=PART_B_RUN_METRES;pd210_class_factor=APPLY;rig_services_index=NOT_APPLIED;volume_tier_scope=CONTRACT_WIDE;record_signatories=FORM_SIGNATORIES_REQUIRED;report_vocabulary=CODES_REQUIRED,,
MDS-00911,0,query,conditional,,,69924047,,69924047,69924047,medium,0.75,entitlement_unverified:AMB-13,0,21,DD-120;LW-410;LW-411;LW-413;MW-310;MW-320,appendix_g_reading;metre_source;rig_services_index;lih_replacement_value;record_signatories;report_vocabulary,appendix_g_reading=LWD_ROWS_SHIFTED;metre_source=PART_B_RUN_METRES;rig_services_index=NOT_APPLIED;lih_replacement_value=SCHEDULE_6_USD;record_signatories=FORM_SIGNATORIES_REQUIRED;report_vocabulary=CODES_REQUIRED,,
MDS-00912,0,query,conditional,,,20798150,,20798150,20798150,medium,0.75,entitlement_unverified:AMB-13,0,28,DD-120;LW-410;LW-411;MW-310;MW-320;PD-201;PD-210,appendix_g_reading;metre_source;rig_services_index;volume_tier_scope;record_signatories;report_vocabulary,appendix_g_reading=LWD_ROWS_SHIFTED;metre_source=PART_B_RUN_METRES;rig_services_index=NOT_APPLIED;volume_tier_scope=CONTRACT_WIDE;record_signatories=FORM_SIGNATORIES_REQUIRED;report_vocabulary=CODES_REQUIRED,,
MDS-00913,0,query,conditional,,,6820235,,6820235,6820235,medium,0.75,entitlement_unverified:AMB-13,0,9,DD-120;MW-310;MW-320,rig_services_index;report_vocabulary,rig_services_index=NOT_APPLIED;report_vocabulary=CODES_REQUIRED,,
MDS-00914,0,query,conditional,,,15342130,,15342130,15342130,medium,0.75,entitlement_unverified:AMB-13,0,6,MW-310,standby_section_factor;rig_services_index;monthly_rate_basis;record_signatories;report_vocabulary,standby_section_factor=APPLY;rig_services_index=NOT_APPLIED;monthly_rate_basis=FINAL_RATE;record_signatories=FORM_SIGNATORIES_REQUIRED;report_vocabulary=CODES_REQUIRED,,
MDS-00915,0,query,conditional,,,8333790,,8333790,8333790,medium,0.75,entitlement_unverified:AMB-13,0,18,DD-120;LW-410;LW-411;LW-412;MW-310;MW-320,appendix_g_reading;metre_source;rig_services_index;record_signatories;report_vocabulary,appendix_g_reading=LWD_ROWS_SHIFTED;metre_source=PART_B_RUN_METRES;rig_services_index=NOT_APPLIED;record_signatories=FORM_SIGNATORIES_REQUIRED;report_vocabulary=CODES_REQUIRED,,
MDS-00916,1,part-reject,conditional,invoice_arithmetic,invoice_arithmetic,9678240,,9671825,9671825,high,0.95,entitlement_unverified:AMB-13,1,13,DD-120;LW-410;LW-411;LW-412;MW-310;MW-320;PD-201;PD-210,appendix_g_reading;metre_source;rig_services_index;volume_tier_scope;record_signatories;report_vocabulary,,,
MDS-00917,0,query,conditional,,,8954422,,8954422,8954422,medium,0.75,entitlement_unverified:AMB-13,0,5,MW-310,standby_section_factor;rig_services_index;monthly_rate_basis;record_signatories;report_vocabulary,standby_section_factor=APPLY;rig_services_index=NOT_APPLIED;monthly_rate_basis=FINAL_RATE;record_signatories=FORM_SIGNATORIES_REQUIRED;report_vocabulary=CODES_REQUIRED,,
MDS-00918,0,query,conditional,,,5822985,,5822985,5822985,medium,0.75,entitlement_unverified:AMB-13,0,3,MW-310,rig_services_index;record_signatories;report_vocabulary,rig_services_index=NOT_APPLIED;record_signatories=FORM_SIGNATORIES_REQUIRED;report_vocabulary=CODES_REQUIRED,,
MDS-00919,0,query,conditional,,,8360968,,8360968,8360968,medium,0.75,entitlement_unverified:AMB-13,0,13,DD-120;LW-410;LW-411;MW-310;MW-320,appendix_g_reading;metre_source;rig_services_index;record_signatories;report_vocabulary,appendix_g_reading=LWD_ROWS_SHIFTED;metre_source=PART_B_RUN_METRES;rig_services_index=NOT_APPLIED;record_signatories=FORM_SIGNATORIES_REQUIRED;report_vocabulary=CODES_REQUIRED,,
MDS-00920,0,query,conditional,,,11419214,,11419214,11419214,medium,0.75,entitlement_unverified:AMB-13,0,11,DD-120;MW-310;MW-320,rig_services_index;record_signatories;report_vocabulary,rig_services_index=NOT_APPLIED;record_signatories=FORM_SIGNATORIES_REQUIRED;report_vocabulary=CODES_REQUIRED,,
MDS-00921,0,query,conditional,,,16841269,,16841269,16841269,medium,0.75,entitlement_unverified:AMB-13,0,30,DD-120;LW-410;LW-411;MW-310;MW-320,appendix_g_reading;metre_source;rig_services_index;record_signatories;report_vocabulary,appendix_g_reading=LWD_ROWS_SHIFTED;metre_source=PART_B_RUN_METRES;rig_services_index=NOT_APPLIED;record_signatories=FORM_SIGNATORIES_REQUIRED;report_vocabulary=CODES_REQUIRED,,
MDS-00922,0,query,conditional,,,11641098,,11641098,11641098,medium,0.75,entitlement_unverified:AMB-13,0,16,DD-120;LW-410;LW-411;LW-412;LW-413;MW-310;MW-320,appendix_g_reading;metre_source;rig_services_index;record_signatories;report_vocabulary,appendix_g_reading=LWD_ROWS_SHIFTED;metre_source=PART_B_RUN_METRES;rig_services_index=NOT_APPLIED;record_signatories=FORM_SIGNATORIES_REQUIRED;report_vocabulary=CODES_REQUIRED,,
MDS-00923,0,query,conditional,,,23210520,,23210520,23210520,medium,0.75,entitlement_unverified:AMB-13,0,31,DD-120;LW-410;LW-411;LW-412;MW-310;MW-320;PD-201;PD-210,appendix_g_reading;metre_source;pd210_class_factor;rig_services_index;volume_tier_scope;record_signatories;report_vocabulary,appendix_g_reading=LWD_ROWS_SHIFTED;metre_source=PART_B_RUN_METRES;pd210_class_factor=APPLY;rig_services_index=NOT_APPLIED;volume_tier_scope=CONTRACT_WIDE;record_signatories=FORM_SIGNATORIES_REQUIRED;report_vocabulary=CODES_REQUIRED,,
MDS-00924,0,query,conditional,,,11966545,,11966545,11966545,medium,0.75,entitlement_unverified:AMB-13,0,18,DD-120;LW-410;LW-411;MW-310;MW-320,appendix_g_reading;metre_source;rig_services_index;record_signatories;report_vocabulary,appendix_g_reading=LWD_ROWS_SHIFTED;metre_source=PART_B_RUN_METRES;rig_services_index=NOT_APPLIED;record_signatories=FORM_SIGNATORIES_REQUIRED;report_vocabulary=CODES_REQUIRED,,
MDS-00925,0,query,conditional,,,10604557,,10604557,10604557,medium,0.75,entitlement_unverified:AMB-13,0,17,DD-120;LW-410;LW-411;MW-310;MW-320,appendix_g_reading;metre_source;standby_section_factor;rig_services_index;record_signatories;report_vocabulary,appendix_g_reading=LWD_ROWS_SHIFTED;metre_source=PART_B_RUN_METRES;standby_section_factor=APPLY;rig_services_index=NOT_APPLIED;record_signatories=FORM_SIGNATORIES_REQUIRED;report_vocabulary=CODES_REQUIRED,,
MDS-00926,0,query,conditional,,,12694300,,12694300,12694300,medium,0.75,entitlement_unverified:AMB-13,0,5,MW-310,rig_services_index;record_signatories;report_vocabulary,rig_services_index=NOT_APPLIED;record_signatories=FORM_SIGNATORIES_REQUIRED;report_vocabulary=CODES_REQUIRED,,
MDS-00927,0,query,conditional,,,22141564,,22141564,22141564,medium,0.75,entitlement_unverified:AMB-13,0,39,DD-120;LW-410;LW-411;LW-413;MW-310;MW-320;PD-201;PD-210,appendix_g_reading;metre_source;standby_section_factor;rig_services_index;volume_tier_scope;record_signatories;report_vocabulary,appendix_g_reading=LWD_ROWS_SHIFTED;metre_source=PART_B_RUN_METRES;standby_section_factor=APPLY;rig_services_index=NOT_APPLIED;volume_tier_scope=CONTRACT_WIDE;record_signatories=FORM_SIGNATORIES_REQUIRED;report_vocabulary=CODES_REQUIRED,,
MDS-00928,0,query,conditional,,,4949400,,4949400,4949400,medium,0.75,entitlement_unverified:AMB-13,0,3,MW-310,standby_section_factor;rig_services_index;monthly_rate_basis;record_signatories;report_vocabulary,standby_section_factor=APPLY;rig_services_index=NOT_APPLIED;monthly_rate_basis=FINAL_RATE;record_signatories=FORM_SIGNATORIES_REQUIRED;report_vocabulary=CODES_REQUIRED,,
MDS-00929,0,query,conditional,,,20353807,,20353807,20353807,medium,0.75,entitlement_unverified:AMB-13,0,32,DD-120;LW-410;LW-411;LW-413;MW-310;MW-320,appendix_g_reading;metre_source;rig_services_index;record_signatories;report_vocabulary,appendix_g_reading=LWD_ROWS_SHIFTED;metre_source=PART_B_RUN_METRES;rig_services_index=NOT_APPLIED;record_signatories=FORM_SIGNATORIES_REQUIRED;report_vocabulary=CODES_REQUIRED,,
MDS-00930,0,query,conditional,,,6101856,,6101856,6101856,medium,0.75,entitlement_unverified:AMB-13,0,3,MW-310,rig_services_index;record_signatories;report_vocabulary,rig_services_index=NOT_APPLIED;record_signatories=FORM_SIGNATORIES_REQUIRED;report_vocabulary=CODES_REQUIRED,,
MDS-00931,0,query,conditional,,,12972193,,12972193,12972193,medium,0.75,entitlement_unverified:AMB-13,0,15,DD-120;MW-310;MW-320,rig_services_index;report_vocabulary,rig_services_index=NOT_APPLIED;report_vocabulary=CODES_REQUIRED,,
MDS-00932,0,query,conditional,,,9000665,,9000665,9000665,medium,0.75,entitlement_unverified:AMB-13,0,10,LW-410;MW-310,appendix_g_reading;metre_source;rig_services_index;record_signatories;report_vocabulary,appendix_g_reading=LWD_ROWS_SHIFTED;metre_source=PART_B_RUN_METRES;rig_services_index=NOT_APPLIED;record_signatories=FORM_SIGNATORIES_REQUIRED;report_vocabulary=CODES_REQUIRED,,
MDS-00933,0,query,conditional,,,8886219,,8886219,8886219,medium,0.75,entitlement_unverified:AMB-13,0,15,DD-120;LW-410;LW-411;MW-310;MW-320,appendix_g_reading;metre_source;rig_services_index;record_signatories;report_vocabulary,appendix_g_reading=LWD_ROWS_SHIFTED;metre_source=PART_B_RUN_METRES;rig_services_index=NOT_APPLIED;record_signatories=FORM_SIGNATORIES_REQUIRED;report_vocabulary=CODES_REQUIRED,,
MDS-00934,0,query,conditional,,,9786353,,9786353,9786353,medium,0.75,entitlement_unverified:AMB-13,0,12,DD-120;MW-310;MW-320,rig_services_index;report_vocabulary,rig_services_index=NOT_APPLIED;report_vocabulary=CODES_REQUIRED,,
MDS-00935,0,query,conditional,,,9750435,,9750435,9750435,medium,0.75,entitlement_unverified:AMB-13,0,3,MW-310,rig_services_index;record_signatories;report_vocabulary,rig_services_index=NOT_APPLIED;record_signatories=FORM_SIGNATORIES_REQUIRED;report_vocabulary=CODES_REQUIRED,,
MDS-00936,0,query,conditional,,,14134451,,14134451,14134451,medium,0.75,entitlement_unverified:AMB-13,0,25,DD-120;LW-410;LW-411;LW-412;LW-413;MW-310;MW-320;PD-201;PD-210,appendix_g_reading;metre_source;pd210_class_factor;rig_services_index;volume_tier_scope;record_signatories;report_vocabulary,appendix_g_reading=LWD_ROWS_SHIFTED;metre_source=PART_B_RUN_METRES;pd210_class_factor=APPLY;rig_services_index=NOT_APPLIED;volume_tier_scope=CONTRACT_WIDE;record_signatories=FORM_SIGNATORIES_REQUIRED;report_vocabulary=CODES_REQUIRED,,
MDS-00937,0,query,conditional,,,58209629,,58209629,58209629,medium,0.75,entitlement_unverified:AMB-13,0,14,DD-120;MW-310;MW-320,metre_source;rig_services_index;lih_replacement_value;record_signatories;report_vocabulary,metre_source=PART_B_RUN_METRES;rig_services_index=NOT_APPLIED;lih_replacement_value=SCHEDULE_6_USD;record_signatories=FORM_SIGNATORIES_REQUIRED;report_vocabulary=CODES_REQUIRED,,
MDS-00938,0,query,conditional,,,7599416,,7599416,7599416,medium,0.75,entitlement_unverified:AMB-13,0,4,MW-310,rig_services_index;record_signatories;report_vocabulary,rig_services_index=NOT_APPLIED;record_signatories=FORM_SIGNATORIES_REQUIRED;report_vocabulary=CODES_REQUIRED,,
MDS-00939,0,query,conditional,,,13518417,,13518417,13518417,medium,0.75,entitlement_unverified:AMB-13,0,18,DD-120;LW-410;LW-411;MW-310;MW-320,appendix_g_reading;metre_source;rig_services_index;record_signatories;report_vocabulary,appendix_g_reading=LWD_ROWS_SHIFTED;metre_source=PART_B_RUN_METRES;rig_services_index=NOT_APPLIED;record_signatories=FORM_SIGNATORIES_REQUIRED;report_vocabulary=CODES_REQUIRED,,
MDS-00940,0,query,conditional,,,5525702,,5525702,5525702,medium,0.75,entitlement_unverified:AMB-13,0,3,MW-310,rig_services_index;record_signatories;report_vocabulary,rig_services_index=NOT_APPLIED;record_signatories=FORM_SIGNATORIES_REQUIRED;report_vocabulary=CODES_REQUIRED,,
MDS-00941,0,query,conditional,,,15932632,,15932632,15932632,medium,0.75,entitlement_unverified:AMB-13,0,6,MW-310,rig_services_index;record_signatories;report_vocabulary,rig_services_index=NOT_APPLIED;record_signatories=FORM_SIGNATORIES_REQUIRED;report_vocabulary=CODES_REQUIRED,,
MDS-00942,0,query,conditional,,,21156528,,21156528,21156528,medium,0.75,entitlement_unverified:AMB-13,0,36,DD-120;LW-410;LW-411;MW-310;MW-320;PD-201;PD-210,appendix_g_reading;metre_source;rig_services_index;volume_tier_scope;record_signatories;report_vocabulary,appendix_g_reading=LWD_ROWS_SHIFTED;metre_source=PART_B_RUN_METRES;rig_services_index=NOT_APPLIED;volume_tier_scope=CONTRACT_WIDE;record_signatories=FORM_SIGNATORIES_REQUIRED;report_vocabulary=CODES_REQUIRED,,
MDS-00943,0,query,conditional,,,8106284,,8106284,8106284,medium,0.75,entitlement_unverified:AMB-13,0,15,DD-120;LW-410;LW-411;MW-310;MW-320,appendix_g_reading;metre_source;rig_services_index;record_signatories;report_vocabulary,appendix_g_reading=LWD_ROWS_SHIFTED;metre_source=PART_B_RUN_METRES;rig_services_index=NOT_APPLIED;record_signatories=FORM_SIGNATORIES_REQUIRED;report_vocabulary=CODES_REQUIRED,,
MDS-00944,0,query,conditional,,,8790807,,8790807,8790807,medium,0.75,entitlement_unverified:AMB-13,0,5,MW-310,rig_services_index;report_vocabulary,rig_services_index=NOT_APPLIED;report_vocabulary=CODES_REQUIRED,,
MDS-00945,0,query,conditional,,,28357418,,28357418,28357418,medium,0.75,entitlement_unverified:AMB-13,0,49,DD-120;LW-410;LW-411;LW-412;LW-413;MW-310;MW-320;PD-201;PD-210,appendix_g_reading;metre_source;pd210_class_factor;rig_services_index;volume_tier_scope;record_signatories;report_vocabulary,appendix_g_reading=LWD_ROWS_SHIFTED;metre_source=PART_B_RUN_METRES;pd210_class_factor=APPLY;rig_services_index=NOT_APPLIED;volume_tier_scope=CONTRACT_WIDE;record_signatories=FORM_SIGNATORIES_REQUIRED;report_vocabulary=CODES_REQUIRED,,
MDS-00946,0,query,conditional,,,10006297,,10006297,10006297,medium,0.75,entitlement_unverified:AMB-13,0,15,DD-120;LW-410;LW-411;MW-310;MW-320,appendix_g_reading;metre_source;rig_services_index;record_signatories;report_vocabulary,appendix_g_reading=LWD_ROWS_SHIFTED;metre_source=PART_B_RUN_METRES;rig_services_index=NOT_APPLIED;record_signatories=FORM_SIGNATORIES_REQUIRED;report_vocabulary=CODES_REQUIRED,,
MDS-00947,0,query,conditional,,,17297623,,17297623,17297623,medium,0.75,entitlement_unverified:AMB-13,0,26,DD-120;LW-410;LW-411;MW-310;MW-320,appendix_g_reading;metre_source;rig_services_index;record_signatories;report_vocabulary,appendix_g_reading=LWD_ROWS_SHIFTED;metre_source=PART_B_RUN_METRES;rig_services_index=NOT_APPLIED;record_signatories=FORM_SIGNATORIES_REQUIRED;report_vocabulary=CODES_REQUIRED,,
MDS-00948,0,query,conditional,,,15036527,,15036527,15036527,medium,0.75,entitlement_unverified:AMB-13,0,19,DD-120;LW-410;LW-411;MW-310;MW-320,appendix_g_reading;metre_source;rig_services_index;record_signatories;report_vocabulary,appendix_g_reading=LWD_ROWS_SHIFTED;metre_source=PART_B_RUN_METRES;rig_services_index=NOT_APPLIED;record_signatories=FORM_SIGNATORIES_REQUIRED;report_vocabulary=CODES_REQUIRED,,
MDS-00949,0,query,conditional,,,8295727,,8295727,8295727,medium,0.75,entitlement_unverified:AMB-13,0,9,LW-410;MW-310,appendix_g_reading;metre_source;standby_section_factor;rig_services_index;record_signatories;report_vocabulary,appendix_g_reading=LWD_ROWS_SHIFTED;metre_source=PART_B_RUN_METRES;standby_section_factor=APPLY;rig_services_index=NOT_APPLIED;record_signatories=FORM_SIGNATORIES_REQUIRED;report_vocabulary=CODES_REQUIRED,,
MDS-00950,0,query,conditional,,,25861542,,25861542,25861542,medium,0.75,entitlement_unverified:AMB-13,0,7,DD-120;MW-310;MW-320,rig_services_index;lih_replacement_value;record_signatories;report_vocabulary,rig_services_index=NOT_APPLIED;lih_replacement_value=SCHEDULE_6_USD;record_signatories=FORM_SIGNATORIES_REQUIRED;report_vocabulary=CODES_REQUIRED,,
MDS-00951,0,query,conditional,,,24670416,,24670416,24670416,medium,0.75,entitlement_unverified:AMB-13,0,31,DD-120;MW-310;MW-320;PD-201;PD-210,pd210_class_factor;rig_services_index;volume_tier_scope;report_vocabulary,pd210_class_factor=APPLY;rig_services_index=NOT_APPLIED;volume_tier_scope=CONTRACT_WIDE;report_vocabulary=CODES_REQUIRED,,
MDS-00952,0,query,conditional,,,11600846,,11600846,11600846,medium,0.75,entitlement_unverified:AMB-13,0,12,DD-120;LW-410;MW-310;MW-320,appendix_g_reading;metre_source;standby_section_factor;rig_services_index;record_signatories;report_vocabulary,appendix_g_reading=LWD_ROWS_SHIFTED;metre_source=PART_B_RUN_METRES;standby_section_factor=APPLY;rig_services_index=NOT_APPLIED;record_signatories=FORM_SIGNATORIES_REQUIRED;report_vocabulary=CODES_REQUIRED,,
MDS-00953,0,query,conditional,,,11704904,,11704904,11704904,medium,0.75,entitlement_unverified:AMB-13,0,11,DD-120;MW-310;MW-320,metre_source;rig_services_index;record_signatories;report_vocabulary,metre_source=PART_B_RUN_METRES;rig_services_index=NOT_APPLIED;record_signatories=FORM_SIGNATORIES_REQUIRED;report_vocabulary=CODES_REQUIRED,,
MDS-00954,1,part-reject,conditional,record_part_missing,record_part_missing,15392865,,15111558,15111558,high,0.95,entitlement_unverified:AMB-13,1,6,MW-310,rig_services_index;record_signatories;missing_record_consequence;report_vocabulary,,,
MDS-00955,0,query,conditional,,,14588992,,14588992,14588992,medium,0.75,entitlement_unverified:AMB-13,0,21,DD-120;LW-410;LW-411;MW-310;MW-320;PD-201;PD-210,appendix_g_reading;metre_source;standby_section_factor;rig_services_index;volume_tier_scope;record_signatories;report_vocabulary,appendix_g_reading=LWD_ROWS_SHIFTED;metre_source=PART_B_RUN_METRES;standby_section_factor=APPLY;rig_services_index=NOT_APPLIED;volume_tier_scope=CONTRACT_WIDE;record_signatories=FORM_SIGNATORIES_REQUIRED;report_vocabulary=CODES_REQUIRED,,
MDS-00956,0,query,conditional,,,10401284,,10401284,10401284,medium,0.75,entitlement_unverified:AMB-13,0,12,LW-410;MW-310,appendix_g_reading;metre_source;rig_services_index;record_signatories;report_vocabulary,appendix_g_reading=LWD_ROWS_SHIFTED;metre_source=PART_B_RUN_METRES;rig_services_index=NOT_APPLIED;record_signatories=FORM_SIGNATORIES_REQUIRED;report_vocabulary=CODES_REQUIRED,,
MDS-00957,0,query,conditional,,,14096273,,14096273,14096273,medium,0.75,entitlement_unverified:AMB-13,0,12,DD-120;MW-310;MW-320,rig_services_index;record_signatories;report_vocabulary,rig_services_index=NOT_APPLIED;record_signatories=FORM_SIGNATORIES_REQUIRED;report_vocabulary=CODES_REQUIRED,,
MDS-00958,0,query,conditional,,,5274484,,5274484,5274484,medium,0.75,entitlement_unverified:AMB-13,0,3,MW-310,rig_services_index;report_vocabulary,rig_services_index=NOT_APPLIED;report_vocabulary=CODES_REQUIRED,,
MDS-00959,0,query,conditional,,,15089313,,15089313,15089313,medium,0.75,entitlement_unverified:AMB-13,0,21,DD-120;LW-410;LW-411;LW-413;MW-310;MW-320,appendix_g_reading;metre_source;rig_services_index;record_signatories;report_vocabulary,appendix_g_reading=LWD_ROWS_SHIFTED;metre_source=PART_B_RUN_METRES;rig_services_index=NOT_APPLIED;record_signatories=FORM_SIGNATORIES_REQUIRED;report_vocabulary=CODES_REQUIRED,,
MDS-00960,0,query,conditional,,,14100722,,14100722,14100722,medium,0.75,entitlement_unverified:AMB-13,0,22,DD-120;LW-410;LW-411;LW-412;LW-413;MW-310;MW-320;PD-201;PD-210,appendix_g_reading;metre_source;pd210_class_factor;rig_services_index;volume_tier_scope;record_signatories;report_vocabulary,appendix_g_reading=LWD_ROWS_SHIFTED;metre_source=PART_B_RUN_METRES;pd210_class_factor=APPLY;rig_services_index=NOT_APPLIED;volume_tier_scope=CONTRACT_WIDE;record_signatories=FORM_SIGNATORIES_REQUIRED;report_vocabulary=CODES_REQUIRED,,
MDS-00961,0,query,conditional,,,5115639,,5115639,5115639,medium,0.75,entitlement_unverified:AMB-13,0,1,MW-310,rig_services_index;record_signatories;report_vocabulary,rig_services_index=NOT_APPLIED;record_signatories=FORM_SIGNATORIES_REQUIRED;report_vocabulary=CODES_REQUIRED,,
MDS-00962,0,query,conditional,,,15435697,,15435697,15435697,medium,0.75,entitlement_unverified:AMB-13,0,15,DD-120;MW-310;MW-320,metre_source;rig_services_index;record_signatories;report_vocabulary,metre_source=PART_B_RUN_METRES;rig_services_index=NOT_APPLIED;record_signatories=FORM_SIGNATORIES_REQUIRED;report_vocabulary=CODES_REQUIRED,,
MDS-00963,0,query,conditional,,,9176655,,9176655,9176655,medium,0.75,entitlement_unverified:AMB-13,0,14,DD-120;LW-410;LW-411;MW-310;MW-320,appendix_g_reading;metre_source;standby_section_factor;rig_services_index;record_signatories;report_vocabulary,appendix_g_reading=LWD_ROWS_SHIFTED;metre_source=PART_B_RUN_METRES;standby_section_factor=APPLY;rig_services_index=NOT_APPLIED;record_signatories=FORM_SIGNATORIES_REQUIRED;report_vocabulary=CODES_REQUIRED,,
MDS-00964,0,query,conditional,,,10625693,,10625693,10625693,medium,0.75,entitlement_unverified:AMB-13,0,9,DD-120;MW-310;MW-320,metre_source;rig_services_index;record_signatories;report_vocabulary,metre_source=PART_B_RUN_METRES;rig_services_index=NOT_APPLIED;record_signatories=FORM_SIGNATORIES_REQUIRED;report_vocabulary=CODES_REQUIRED,,
MDS-00965,0,query,conditional,,,22191379,,22191379,22191379,medium,0.75,entitlement_unverified:AMB-13,0,29,DD-120;LW-410;LW-411;LW-413;MW-310;MW-320;PD-201;PD-210,appendix_g_reading;metre_source;pd210_class_factor;rig_services_index;volume_tier_scope;record_signatories;report_vocabulary,appendix_g_reading=LWD_ROWS_SHIFTED;metre_source=PART_B_RUN_METRES;pd210_class_factor=APPLY;rig_services_index=NOT_APPLIED;volume_tier_scope=CONTRACT_WIDE;record_signatories=FORM_SIGNATORIES_REQUIRED;report_vocabulary=CODES_REQUIRED,,
MDS-00966,0,query,conditional,,,15637746,,15637746,15637746,medium,0.75,entitlement_unverified:AMB-13,0,13,DD-120;MW-310;MW-320,metre_source;rig_services_index;record_signatories;report_vocabulary,metre_source=PART_B_RUN_METRES;rig_services_index=NOT_APPLIED;record_signatories=FORM_SIGNATORIES_REQUIRED;report_vocabulary=CODES_REQUIRED,,
MDS-00967,0,query,conditional,,,8588067,,8588067,8588067,medium,0.75,entitlement_unverified:AMB-13,0,5,LW-410;MW-310,appendix_g_reading;metre_source;rig_services_index;record_signatories;report_vocabulary,appendix_g_reading=LWD_ROWS_SHIFTED;metre_source=PART_B_RUN_METRES;rig_services_index=NOT_APPLIED;record_signatories=FORM_SIGNATORIES_REQUIRED;report_vocabulary=CODES_REQUIRED,,
MDS-00968,0,query,conditional,,,22634462,,22634462,22634462,medium,0.75,entitlement_unverified:AMB-13,0,8,LW-410;MW-310,appendix_g_reading;metre_source;rig_services_index;lih_replacement_value;record_signatories;report_vocabulary,appendix_g_reading=LWD_ROWS_SHIFTED;metre_source=PART_B_RUN_METRES;rig_services_index=NOT_APPLIED;lih_replacement_value=SCHEDULE_6_USD;record_signatories=FORM_SIGNATORIES_REQUIRED;report_vocabulary=CODES_REQUIRED,,
MDS-00969,0,query,conditional,,,5525702,,5525702,5525702,medium,0.75,entitlement_unverified:AMB-13,0,3,MW-310,rig_services_index;record_signatories;report_vocabulary,rig_services_index=NOT_APPLIED;record_signatories=FORM_SIGNATORIES_REQUIRED;report_vocabulary=CODES_REQUIRED,,
MDS-00970,0,query,conditional,,,21876181,,21876181,21876181,medium,0.75,entitlement_unverified:AMB-13,0,26,DD-120;LW-410;LW-411;LW-413;MW-310;MW-320,appendix_g_reading;metre_source;standby_section_factor;rig_services_index;record_signatories;report_vocabulary,appendix_g_reading=LWD_ROWS_SHIFTED;metre_source=PART_B_RUN_METRES;standby_section_factor=APPLY;rig_services_index=NOT_APPLIED;record_signatories=FORM_SIGNATORIES_REQUIRED;report_vocabulary=CODES_REQUIRED,,
MDS-00971,0,query,conditional,,,12689531,,12689531,12689531,medium,0.75,entitlement_unverified:AMB-13,0,14,DD-120;LW-410;LW-411;MW-310;MW-320,appendix_g_reading;metre_source;rig_services_index;record_signatories;report_vocabulary,appendix_g_reading=LWD_ROWS_SHIFTED;metre_source=PART_B_RUN_METRES;rig_services_index=NOT_APPLIED;record_signatories=FORM_SIGNATORIES_REQUIRED;report_vocabulary=CODES_REQUIRED,,
MDS-00972,0,query,conditional,,,14576352,,14576352,14576352,medium,0.75,entitlement_unverified:AMB-13,0,6,MW-310,rig_services_index;record_signatories;report_vocabulary,rig_services_index=NOT_APPLIED;record_signatories=FORM_SIGNATORIES_REQUIRED;report_vocabulary=CODES_REQUIRED,,
MDS-00973,0,query,conditional,,,4920323,,4920323,4920323,medium,0.75,entitlement_unverified:AMB-13,0,1,MW-310,rig_services_index;record_signatories;report_vocabulary,rig_services_index=NOT_APPLIED;record_signatories=FORM_SIGNATORIES_REQUIRED;report_vocabulary=CODES_REQUIRED,,
MDS-00974,0,query,conditional,,,12125246,,12125246,12125246,medium,0.75,entitlement_unverified:AMB-13,0,15,DD-120;MW-310;MW-320,rig_services_index;report_vocabulary,rig_services_index=NOT_APPLIED;report_vocabulary=CODES_REQUIRED,,
MDS-00975,1,part-reject,conditional,lost_in_hole_valuation,lost_in_hole_valuation,43658247,,43593240,43593240,high,0.95,entitlement_unverified:AMB-13,1,8,DD-120;LW-410;LW-411;MW-310;MW-320,appendix_g_reading;metre_source;rig_services_index;lih_replacement_value;record_signatories;report_vocabulary,,,
MDS-00976,0,query,conditional,,,9597580,,9597580,9597580,medium,0.75,entitlement_unverified:AMB-13,0,9,DD-120;MW-310;MW-320,metre_source;rig_services_index;record_signatories;report_vocabulary,metre_source=PART_B_RUN_METRES;rig_services_index=NOT_APPLIED;record_signatories=FORM_SIGNATORIES_REQUIRED;report_vocabulary=CODES_REQUIRED,,
MDS-00977,1,part-reject,conditional,factor_misapplied,factor_misapplied,22248803,,22113397,22113397,medium,0.75,entitlement_unverified:AMB-13,1,34,DD-120;LW-410;LW-411;MW-310;MW-320;PD-201;PD-210,appendix_g_reading;metre_source;pd210_class_factor;rig_services_index;volume_tier_scope;record_signatories;report_vocabulary,,,
MDS-00978,1,part-reject,conditional,lost_in_hole_valuation,lost_in_hole_valuation,22335643,,20981215,20981215,high,0.95,entitlement_unverified:AMB-13,1,3,MW-310,rig_services_index;lih_replacement_value;record_signatories;report_vocabulary,,,
MDS-00979,1,part-reject,conditional,factor_misapplied,factor_misapplied,11318299,,11298051,11298051,high,0.95,entitlement_unverified:AMB-13,1,4,MW-310,rig_services_index;record_signatories;report_vocabulary,,,
MDS-00980,0,query,conditional,,,9777414,,9777414,9777414,medium,0.75,entitlement_unverified:AMB-13,0,10,DD-120;MW-310;MW-320,metre_source;rig_services_index;record_signatories;report_vocabulary,metre_source=PART_B_RUN_METRES;rig_services_index=NOT_APPLIED;record_signatories=FORM_SIGNATORIES_REQUIRED;report_vocabulary=CODES_REQUIRED,,
MDS-00981,0,query,conditional,,,9273643,,9273643,9273643,medium,0.75,entitlement_unverified:AMB-13,0,3,MW-310,rig_services_index;record_signatories;report_vocabulary,rig_services_index=NOT_APPLIED;record_signatories=FORM_SIGNATORIES_REQUIRED;report_vocabulary=CODES_REQUIRED,,
MDS-00982,0,query,conditional,,,9327559,,9327559,9327559,medium,0.75,entitlement_unverified:AMB-13,0,10,LW-410;MW-310,appendix_g_reading;metre_source;rig_services_index;record_signatories;report_vocabulary,appendix_g_reading=LWD_ROWS_SHIFTED;metre_source=PART_B_RUN_METRES;rig_services_index=NOT_APPLIED;record_signatories=FORM_SIGNATORIES_REQUIRED;report_vocabulary=CODES_REQUIRED,,
MDS-00983,0,query,conditional,,,12144761,,12144761,12144761,medium,0.75,entitlement_unverified:AMB-13,0,18,DD-120;LW-410;LW-411;LW-412;MW-310;MW-320,appendix_g_reading;metre_source;rig_services_index;record_signatories;report_vocabulary,appendix_g_reading=LWD_ROWS_SHIFTED;metre_source=PART_B_RUN_METRES;rig_services_index=NOT_APPLIED;record_signatories=FORM_SIGNATORIES_REQUIRED;report_vocabulary=CODES_REQUIRED,,
MDS-00984,0,query,conditional,,,20106007,,20106007,20106007,medium,0.75,entitlement_unverified:AMB-13,0,30,DD-120;LW-410;LW-411;MW-310;MW-320,appendix_g_reading;metre_source;rig_services_index;record_signatories;report_vocabulary,appendix_g_reading=LWD_ROWS_SHIFTED;metre_source=PART_B_RUN_METRES;rig_services_index=NOT_APPLIED;record_signatories=FORM_SIGNATORIES_REQUIRED;report_vocabulary=CODES_REQUIRED,,
MDS-00985,0,query,conditional,,,9463437,,9463437,9463437,medium,0.75,entitlement_unverified:AMB-13,0,3,MW-310,rig_services_index;record_signatories;report_vocabulary,rig_services_index=NOT_APPLIED;record_signatories=FORM_SIGNATORIES_REQUIRED;report_vocabulary=CODES_REQUIRED,,
MDS-00986,0,query,conditional,,,12719070,,12719070,12719070,medium,0.75,entitlement_unverified:AMB-13,0,15,DD-120;MW-310;MW-320,rig_services_index;report_vocabulary,rig_services_index=NOT_APPLIED;report_vocabulary=CODES_REQUIRED,,
MDS-00987,0,query,conditional,,,7058018,,7058018,7058018,medium,0.75,entitlement_unverified:AMB-13,0,9,DD-120;MW-310;MW-320,rig_services_index;report_vocabulary,rig_services_index=NOT_APPLIED;report_vocabulary=CODES_REQUIRED,,
MDS-00988,1,query,conditional,contract_reference_mismatch,contract_reference_mismatch,10824136,,10824136,10824136,high,0.95,entitlement_unverified:AMB-13,1,6,MW-310,rig_services_index;record_signatories;report_vocabulary,,,
MDS-00989,0,query,conditional,,,9121484,,9121484,9121484,medium,0.75,entitlement_unverified:AMB-13,0,5,MW-310,rig_services_index;record_signatories;report_vocabulary,rig_services_index=NOT_APPLIED;record_signatories=FORM_SIGNATORIES_REQUIRED;report_vocabulary=CODES_REQUIRED,,
MDS-00990,0,query,conditional,,,4963087,,4963087,4963087,medium,0.75,entitlement_unverified:AMB-13,0,3,MW-310,rig_services_index;report_vocabulary,rig_services_index=NOT_APPLIED;report_vocabulary=CODES_REQUIRED,,
MDS-00991,1,part-reject,conditional,quantity_exceeds_record,quantity_exceeds_record,23226436,,23142423,23142423,medium,0.75,entitlement_unverified:AMB-13,1,22,DD-120;LW-410;LW-411;LW-412;LW-413;MW-310;MW-320,appendix_g_reading;metre_source;rig_services_index;record_signatories;report_vocabulary,,,
MDS-00992,0,query,conditional,,,15601791,,15601791,15601791,medium,0.75,entitlement_unverified:AMB-13,0,6,MW-310,rig_services_index;record_signatories;report_vocabulary,rig_services_index=NOT_APPLIED;record_signatories=FORM_SIGNATORIES_REQUIRED;report_vocabulary=CODES_REQUIRED,,
MDS-00993,0,query,conditional,,,8138809,,8138809,8138809,medium,0.75,entitlement_unverified:AMB-13,0,5,MW-310,standby_section_factor;rig_services_index;monthly_rate_basis;record_signatories;report_vocabulary,standby_section_factor=APPLY;rig_services_index=NOT_APPLIED;monthly_rate_basis=FINAL_RATE;record_signatories=FORM_SIGNATORIES_REQUIRED;report_vocabulary=CODES_REQUIRED,,
MDS-00994,0,query,conditional,,,9202767,,9202767,9202767,medium,0.75,entitlement_unverified:AMB-13,0,3,MW-310,rig_services_index;record_signatories;report_vocabulary,rig_services_index=NOT_APPLIED;record_signatories=FORM_SIGNATORIES_REQUIRED;report_vocabulary=CODES_REQUIRED,,
MDS-00995,0,query,conditional,,,6878306,,6878306,6878306,medium,0.75,entitlement_unverified:AMB-13,0,3,LW-410;MW-310,appendix_g_reading;metre_source;rig_services_index;record_signatories;report_vocabulary,appendix_g_reading=LWD_ROWS_SHIFTED;metre_source=PART_B_RUN_METRES;rig_services_index=NOT_APPLIED;record_signatories=FORM_SIGNATORIES_REQUIRED;report_vocabulary=CODES_REQUIRED,,
MDS-00996,0,query,conditional,,,14058295,,14058295,14058295,medium,0.75,entitlement_unverified:AMB-13,0,27,DD-120;LW-410;LW-411;LW-412;LW-413;MW-310;MW-320,appendix_g_reading;metre_source;standby_section_factor;rig_services_index;record_signatories;report_vocabulary,appendix_g_reading=LWD_ROWS_SHIFTED;metre_source=PART_B_RUN_METRES;standby_section_factor=APPLY;rig_services_index=NOT_APPLIED;record_signatories=FORM_SIGNATORIES_REQUIRED;report_vocabulary=CODES_REQUIRED,,
MDS-00997,0,query,conditional,,,7191313,,7191313,7191313,medium,0.75,entitlement_unverified:AMB-13,0,8,LW-410;MW-310,appendix_g_reading;metre_source;rig_services_index;record_signatories;report_vocabulary,appendix_g_reading=LWD_ROWS_SHIFTED;metre_source=PART_B_RUN_METRES;rig_services_index=NOT_APPLIED;record_signatories=FORM_SIGNATORIES_REQUIRED;report_vocabulary=CODES_REQUIRED,,
MDS-00998,0,query,conditional,,,12806403,,12806403,12806403,medium,0.75,entitlement_unverified:AMB-13,0,17,DD-120;MW-310;MW-320,rig_services_index;report_vocabulary,rig_services_index=NOT_APPLIED;report_vocabulary=CODES_REQUIRED,,
MDS-00999,0,query,conditional,,,9402791,,9402791,9402791,medium,0.75,entitlement_unverified:AMB-13,0,5,MW-310,rig_services_index;record_signatories;report_vocabulary,rig_services_index=NOT_APPLIED;record_signatories=FORM_SIGNATORIES_REQUIRED;report_vocabulary=CODES_REQUIRED,,
MDS-01000,0,query,conditional,,,16107105,,16107105,16107105,medium,0.75,entitlement_unverified:AMB-13,0,22,DD-120;LW-410;LW-411;MW-310;MW-320,appendix_g_reading;metre_source;rig_services_index;record_signatories;report_vocabulary,appendix_g_reading=LWD_ROWS_SHIFTED;metre_source=PART_B_RUN_METRES;rig_services_index=NOT_APPLIED;record_signatories=FORM_SIGNATORIES_REQUIRED;report_vocabulary=CODES_REQUIRED,,
MDS-01001,0,query,conditional,,,55710260,,55710260,55710260,medium,0.75,entitlement_unverified:AMB-13,0,33,DD-120;LW-410;LW-411;LW-412;LW-413;MW-310;MW-320,appendix_g_reading;metre_source;standby_section_factor;rig_services_index;lih_replacement_value;record_signatories;report_vocabulary,appendix_g_reading=LWD_ROWS_SHIFTED;metre_source=PART_B_RUN_METRES;standby_section_factor=APPLY;rig_services_index=NOT_APPLIED;lih_replacement_value=SCHEDULE_6_USD;record_signatories=FORM_SIGNATORIES_REQUIRED;report_vocabulary=CODES_REQUIRED,,
MDS-01002,0,query,conditional,,,7180064,,7180064,7180064,medium,0.75,entitlement_unverified:AMB-13,0,4,MW-310,rig_services_index;record_signatories;report_vocabulary,rig_services_index=NOT_APPLIED;record_signatories=FORM_SIGNATORIES_REQUIRED;report_vocabulary=CODES_REQUIRED,,
MDS-01003,0,query,conditional,,,23247635,,23247635,23247635,medium,0.75,entitlement_unverified:AMB-13,0,30,DD-120;MW-310;MW-320;PD-201;PD-210,rig_services_index;volume_tier_scope;report_vocabulary,rig_services_index=NOT_APPLIED;volume_tier_scope=CONTRACT_WIDE;report_vocabulary=CODES_REQUIRED,,
MDS-01004,0,query,conditional,,,12402795,,12402795,12402795,medium,0.75,entitlement_unverified:AMB-13,0,13,DD-120;MW-310;MW-320,rig_services_index;record_signatories;report_vocabulary,rig_services_index=NOT_APPLIED;record_signatories=FORM_SIGNATORIES_REQUIRED;report_vocabulary=CODES_REQUIRED,,
MDS-01005,0,query,conditional,,,9912338,,9912338,9912338,medium,0.75,entitlement_unverified:AMB-13,0,3,MW-310,rig_services_index;record_signatories;report_vocabulary,rig_services_index=NOT_APPLIED;record_signatories=FORM_SIGNATORIES_REQUIRED;report_vocabulary=CODES_REQUIRED,,
MDS-01006,0,query,conditional,,,8665814,,8665814,8665814,medium,0.75,entitlement_unverified:AMB-13,0,5,LW-410;MW-310,appendix_g_reading;metre_source;rig_services_index;record_signatories;report_vocabulary,appendix_g_reading=LWD_ROWS_SHIFTED;metre_source=PART_B_RUN_METRES;rig_services_index=NOT_APPLIED;record_signatories=FORM_SIGNATORIES_REQUIRED;report_vocabulary=CODES_REQUIRED,,
MDS-01007,0,query,conditional,,,5660643,,5660643,5660643,medium,0.75,entitlement_unverified:AMB-13,0,3,MW-310,rig_services_index;record_signatories;report_vocabulary,rig_services_index=NOT_APPLIED;record_signatories=FORM_SIGNATORIES_REQUIRED;report_vocabulary=CODES_REQUIRED,,
MDS-01008,0,query,conditional,,,19893744,,19893744,19893744,medium,0.75,entitlement_unverified:AMB-13,0,33,DD-120;LW-410;LW-411;LW-412;MW-310;MW-320,appendix_g_reading;metre_source;rig_services_index;record_signatories;report_vocabulary,appendix_g_reading=LWD_ROWS_SHIFTED;metre_source=PART_B_RUN_METRES;rig_services_index=NOT_APPLIED;record_signatories=FORM_SIGNATORIES_REQUIRED;report_vocabulary=CODES_REQUIRED,,
MDS-01009,0,query,conditional,,,11753309,,11753309,11753309,medium,0.75,entitlement_unverified:AMB-13,0,21,DD-120;LW-410;LW-411;LW-412;LW-413;MW-310;MW-320,appendix_g_reading;metre_source;standby_section_factor;rig_services_index;record_signatories;report_vocabulary,appendix_g_reading=LWD_ROWS_SHIFTED;metre_source=PART_B_RUN_METRES;standby_section_factor=APPLY;rig_services_index=NOT_APPLIED;record_signatories=FORM_SIGNATORIES_REQUIRED;report_vocabulary=CODES_REQUIRED,,
MDS-01010,0,query,conditional,,,9380392,,9380392,9380392,medium,0.75,entitlement_unverified:AMB-13,0,5,MW-310,rig_services_index;record_signatories;report_vocabulary,rig_services_index=NOT_APPLIED;record_signatories=FORM_SIGNATORIES_REQUIRED;report_vocabulary=CODES_REQUIRED,,
MDS-01011,0,query,conditional,,,10265821,,10265821,10265821,medium,0.75,entitlement_unverified:AMB-13,0,12,DD-120;LW-410;LW-411;LW-413;MW-310;MW-320,appendix_g_reading;rig_services_index;record_signatories;report_vocabulary,appendix_g_reading=LWD_ROWS_SHIFTED;rig_services_index=NOT_APPLIED;record_signatories=FORM_SIGNATORIES_REQUIRED;report_vocabulary=CODES_REQUIRED,,
MDS-01012,0,query,conditional,,,6633945,,6633945,6633945,medium,0.75,entitlement_unverified:AMB-13,0,9,DD-120;MW-310;MW-320,rig_services_index;report_vocabulary,rig_services_index=NOT_APPLIED;report_vocabulary=CODES_REQUIRED,,
MDS-01013,0,query,conditional,,,11412370,,11412370,11412370,medium,0.75,entitlement_unverified:AMB-13,0,11,DD-120;MW-310;MW-320;PD-201;PD-210,rig_services_index;record_signatories;report_vocabulary,rig_services_index=NOT_APPLIED;record_signatories=FORM_SIGNATORIES_REQUIRED;report_vocabulary=CODES_REQUIRED,,
MDS-01014,0,query,conditional,,,7140458,,7140458,7140458,medium,0.75,entitlement_unverified:AMB-13,0,4,MW-310,rig_services_index;report_vocabulary,rig_services_index=NOT_APPLIED;report_vocabulary=CODES_REQUIRED,,
MDS-01015,0,query,conditional,,,29023393,,29023393,29023393,medium,0.75,entitlement_unverified:AMB-13,0,30,DD-120;MW-310;MW-320;PD-201;PD-210,metre_source;rig_services_index;volume_tier_scope;record_signatories;report_vocabulary,metre_source=PART_B_RUN_METRES;rig_services_index=NOT_APPLIED;volume_tier_scope=CONTRACT_WIDE;record_signatories=FORM_SIGNATORIES_REQUIRED;report_vocabulary=CODES_REQUIRED,,
MDS-01016,0,query,conditional,,,10840721,,10840721,10840721,medium,0.75,entitlement_unverified:AMB-13,0,11,LW-410;MW-310,appendix_g_reading;metre_source;standby_section_factor;rig_services_index;record_signatories;report_vocabulary,appendix_g_reading=LWD_ROWS_SHIFTED;metre_source=PART_B_RUN_METRES;standby_section_factor=APPLY;rig_services_index=NOT_APPLIED;record_signatories=FORM_SIGNATORIES_REQUIRED;report_vocabulary=CODES_REQUIRED,,
MDS-01017,0,query,conditional,,,15854373,,15854373,15854373,medium,0.75,entitlement_unverified:AMB-13,0,22,DD-120;LW-410;LW-411;LW-412;LW-413;MW-310;MW-320,appendix_g_reading;metre_source;rig_services_index;record_signatories;report_vocabulary,appendix_g_reading=LWD_ROWS_SHIFTED;metre_source=PART_B_RUN_METRES;rig_services_index=NOT_APPLIED;record_signatories=FORM_SIGNATORIES_REQUIRED;report_vocabulary=CODES_REQUIRED,,
MDS-01018,0,query,conditional,,,11035926,,11035926,11035926,medium,0.75,entitlement_unverified:AMB-13,0,15,DD-120;LW-410;LW-411;LW-412;MW-310;MW-320,appendix_g_reading;metre_source;rig_services_index;record_signatories;report_vocabulary,appendix_g_reading=LWD_ROWS_SHIFTED;metre_source=PART_B_RUN_METRES;rig_services_index=NOT_APPLIED;record_signatories=FORM_SIGNATORIES_REQUIRED;report_vocabulary=CODES_REQUIRED,,
MDS-01019,0,query,conditional,,,15296852,,15296852,15296852,medium,0.75,entitlement_unverified:AMB-13,0,21,DD-120;MW-310;MW-320;PD-201;PD-210,rig_services_index;report_vocabulary,rig_services_index=NOT_APPLIED;report_vocabulary=CODES_REQUIRED,,
MDS-01020,0,query,conditional,,,9381738,,9381738,9381738,medium,0.75,entitlement_unverified:AMB-13,0,3,MW-310,rig_services_index;record_signatories;report_vocabulary,rig_services_index=NOT_APPLIED;record_signatories=FORM_SIGNATORIES_REQUIRED;report_vocabulary=CODES_REQUIRED,,
MDS-01021,0,query,conditional,,,13978594,,13978594,13978594,medium,0.75,entitlement_unverified:AMB-13,0,25,DD-120;LW-410;LW-411;MW-310;MW-320,appendix_g_reading;metre_source;rig_services_index;record_signatories;report_vocabulary,appendix_g_reading=LWD_ROWS_SHIFTED;metre_source=PART_B_RUN_METRES;rig_services_index=NOT_APPLIED;record_signatories=FORM_SIGNATORIES_REQUIRED;report_vocabulary=CODES_REQUIRED,,
MDS-01022,0,query,conditional,,,11811892,,11811892,11811892,medium,0.75,entitlement_unverified:AMB-13,0,15,DD-120;MW-310;MW-320,rig_services_index;report_vocabulary,rig_services_index=NOT_APPLIED;report_vocabulary=CODES_REQUIRED,,
MDS-01023,0,query,conditional,,,14888261,,14888261,14888261,medium,0.75,entitlement_unverified:AMB-13,0,18,DD-120;MW-310;MW-320,rig_services_index;report_vocabulary,rig_services_index=NOT_APPLIED;report_vocabulary=CODES_REQUIRED,,
MDS-01024,0,query,conditional,,,12584346,,12584346,12584346,medium,0.75,entitlement_unverified:AMB-13,0,15,DD-120;MW-310;MW-320;PD-201;PD-210,pd210_class_factor;rig_services_index;report_vocabulary,pd210_class_factor=APPLY;rig_services_index=NOT_APPLIED;report_vocabulary=CODES_REQUIRED,,
MDS-01025,0,query,conditional,,,9498708,,9498708,9498708,medium,0.75,entitlement_unverified:AMB-13,0,10,LW-410;MW-310,appendix_g_reading;metre_source;rig_services_index;record_signatories;report_vocabulary,appendix_g_reading=LWD_ROWS_SHIFTED;metre_source=PART_B_RUN_METRES;rig_services_index=NOT_APPLIED;record_signatories=FORM_SIGNATORIES_REQUIRED;report_vocabulary=CODES_REQUIRED,,
MDS-01026,0,query,conditional,,,8307375,,8307375,8307375,medium,0.75,entitlement_unverified:AMB-13,0,4,MW-310,rig_services_index;record_signatories;report_vocabulary,rig_services_index=NOT_APPLIED;record_signatories=FORM_SIGNATORIES_REQUIRED;report_vocabulary=CODES_REQUIRED,,
MDS-01027,0,query,conditional,,,11328938,,11328938,11328938,medium,0.75,entitlement_unverified:AMB-13,0,15,DD-120;MW-310;MW-320;PD-201;PD-210,rig_services_index;report_vocabulary,rig_services_index=NOT_APPLIED;report_vocabulary=CODES_REQUIRED,,
MDS-01028,0,query,conditional,,,8141845,,8141845,8141845,medium,0.75,entitlement_unverified:AMB-13,0,5,MW-310,standby_section_factor;rig_services_index;monthly_rate_basis;report_vocabulary,standby_section_factor=APPLY;rig_services_index=NOT_APPLIED;monthly_rate_basis=FINAL_RATE;report_vocabulary=CODES_REQUIRED,,
MDS-01029,0,query,conditional,,,17161387,,17161387,17161387,medium,0.75,entitlement_unverified:AMB-13,0,21,DD-120;MW-310;MW-320;PD-201;PD-210,pd210_class_factor;rig_services_index;report_vocabulary,pd210_class_factor=APPLY;rig_services_index=NOT_APPLIED;report_vocabulary=CODES_REQUIRED,,
MDS-01030,0,query,conditional,,,14371350,,14371350,14371350,medium,0.75,entitlement_unverified:AMB-13,0,22,DD-120;LW-410;LW-411;LW-412;LW-413;MW-310;MW-320;PD-201;PD-210,appendix_g_reading;metre_source;rig_services_index;record_signatories;report_vocabulary,appendix_g_reading=LWD_ROWS_SHIFTED;metre_source=PART_B_RUN_METRES;rig_services_index=NOT_APPLIED;record_signatories=FORM_SIGNATORIES_REQUIRED;report_vocabulary=CODES_REQUIRED,,
MDS-01031,0,query,conditional,,,24343861,,24343861,24343861,medium,0.75,entitlement_unverified:AMB-13,0,25,DD-120;MW-310;MW-320;PD-201;PD-210,metre_source;rig_services_index;record_signatories;report_vocabulary,metre_source=PART_B_RUN_METRES;rig_services_index=NOT_APPLIED;record_signatories=FORM_SIGNATORIES_REQUIRED;report_vocabulary=CODES_REQUIRED,,
MDS-01032,0,query,conditional,,,15972271,,15972271,15972271,medium,0.75,entitlement_unverified:AMB-13,0,6,MW-310,rig_services_index;record_signatories;report_vocabulary,rig_services_index=NOT_APPLIED;record_signatories=FORM_SIGNATORIES_REQUIRED;report_vocabulary=CODES_REQUIRED,,
MDS-01033,0,query,conditional,,,6923465,,6923465,6923465,medium,0.75,entitlement_unverified:AMB-13,0,3,LW-410;MW-310,appendix_g_reading;metre_source;rig_services_index;record_signatories;report_vocabulary,appendix_g_reading=LWD_ROWS_SHIFTED;metre_source=PART_B_RUN_METRES;rig_services_index=NOT_APPLIED;record_signatories=FORM_SIGNATORIES_REQUIRED;report_vocabulary=CODES_REQUIRED,,
MDS-01034,0,query,conditional,,,8439703,,8439703,8439703,medium,0.75,entitlement_unverified:AMB-13,0,15,DD-120;LW-410;LW-411;MW-310;MW-320,appendix_g_reading;metre_source;rig_services_index;record_signatories;report_vocabulary,appendix_g_reading=LWD_ROWS_SHIFTED;metre_source=PART_B_RUN_METRES;rig_services_index=NOT_APPLIED;record_signatories=FORM_SIGNATORIES_REQUIRED;report_vocabulary=CODES_REQUIRED,,
MDS-01035,0,query,conditional,,,18523493,,18523493,18523493,medium,0.75,entitlement_unverified:AMB-13,0,31,DD-120;LW-410;LW-411;LW-413;MW-310;MW-320,appendix_g_reading;metre_source;rig_services_index;record_signatories;report_vocabulary,appendix_g_reading=LWD_ROWS_SHIFTED;metre_source=PART_B_RUN_METRES;rig_services_index=NOT_APPLIED;record_signatories=FORM_SIGNATORIES_REQUIRED;report_vocabulary=CODES_REQUIRED,,
MDS-01036,0,query,conditional,,,21607908,,21607908,21607908,medium,0.75,entitlement_unverified:AMB-13,0,26,DD-120;MW-310;MW-320;PD-201;PD-210,rig_services_index;report_vocabulary,rig_services_index=NOT_APPLIED;report_vocabulary=CODES_REQUIRED,,
MDS-01037,0,query,conditional,,,7537014,,7537014,7537014,medium,0.75,entitlement_unverified:AMB-13,0,9,DD-120;MW-310;MW-320,rig_services_index;report_vocabulary,rig_services_index=NOT_APPLIED;report_vocabulary=CODES_REQUIRED,,
MDS-01038,0,query,conditional,,,15941847,,15941847,15941847,medium,0.75,entitlement_unverified:AMB-13,0,6,MW-310,rig_services_index;record_signatories;report_vocabulary,rig_services_index=NOT_APPLIED;record_signatories=FORM_SIGNATORIES_REQUIRED;report_vocabulary=CODES_REQUIRED,,
MDS-01039,0,query,conditional,,,10726067,,10726067,10726067,medium,0.75,entitlement_unverified:AMB-13,0,7,LW-410;MW-310,appendix_g_reading;metre_source;rig_services_index;record_signatories;report_vocabulary,appendix_g_reading=LWD_ROWS_SHIFTED;metre_source=PART_B_RUN_METRES;rig_services_index=NOT_APPLIED;record_signatories=FORM_SIGNATORIES_REQUIRED;report_vocabulary=CODES_REQUIRED,,
MDS-01040,0,query,conditional,,,7583750,,7583750,7583750,medium,0.75,entitlement_unverified:AMB-13,0,9,DD-120;MW-310;MW-320,rig_services_index;report_vocabulary,rig_services_index=NOT_APPLIED;report_vocabulary=CODES_REQUIRED,,
MDS-01041,0,query,conditional,,,24721069,,24721069,24721069,medium,0.75,entitlement_unverified:AMB-13,0,49,DD-120;LW-410;LW-411;LW-412;LW-413;MW-310;MW-320;PD-201;PD-210,appendix_g_reading;metre_source;rig_services_index;record_signatories;report_vocabulary,appendix_g_reading=LWD_ROWS_SHIFTED;metre_source=PART_B_RUN_METRES;rig_services_index=NOT_APPLIED;record_signatories=FORM_SIGNATORIES_REQUIRED;report_vocabulary=CODES_REQUIRED,,
MDS-01042,0,query,conditional,,,10901696,,10901696,10901696,medium,0.75,entitlement_unverified:AMB-13,0,16,DD-120;LW-410;LW-411;MW-310;MW-320;PD-201;PD-210,appendix_g_reading;pd210_class_factor;rig_services_index;record_signatories;report_vocabulary,appendix_g_reading=LWD_ROWS_SHIFTED;pd210_class_factor=APPLY;rig_services_index=NOT_APPLIED;record_signatories=FORM_SIGNATORIES_REQUIRED;report_vocabulary=CODES_REQUIRED,,
MDS-01043,1,part-reject,conditional,unsupported_service,unsupported_service,6393846,,6212246,6212246,high,0.95,entitlement_unverified:AMB-13,1,3,MW-310,rig_services_index;record_signatories;report_vocabulary,,,
MDS-01044,1,part-reject,conditional,line_arithmetic,line_arithmetic,9811112,,9811802,9811802,high,0.95,entitlement_unverified:AMB-13,1,9,DD-120;LW-410;LW-411;LW-413;MW-310;MW-320,appendix_g_reading;rig_services_index;record_signatories;report_vocabulary,,,
MDS-01045,0,query,conditional,,,7779898,,7779898,7779898,medium,0.75,entitlement_unverified:AMB-13,0,9,DD-120;MW-310;MW-320,rig_services_index;report_vocabulary,rig_services_index=NOT_APPLIED;report_vocabulary=CODES_REQUIRED,,
MDS-01046,0,query,conditional,,,28810487,,28810487,28810487,medium,0.75,entitlement_unverified:AMB-13,0,50,DD-120;LW-410;LW-411;LW-412;LW-413;MW-310;MW-320;PD-201;PD-210,appendix_g_reading;metre_source;rig_services_index;record_signatories;report_vocabulary,appendix_g_reading=LWD_ROWS_SHIFTED;metre_source=PART_B_RUN_METRES;rig_services_index=NOT_APPLIED;record_signatories=FORM_SIGNATORIES_REQUIRED;report_vocabulary=CODES_REQUIRED,,
MDS-01047,1,part-reject,conditional,quantity_exceeds_record,quantity_exceeds_record,13657368,,13643540,13643540,high,0.95,entitlement_unverified:AMB-13,1,17,DD-120;LW-410;LW-411;LW-413;MW-310;MW-320,appendix_g_reading;metre_source;rig_services_index;record_signatories;report_vocabulary,,,
MDS-01048,0,query,conditional,,,14633158,,14633158,14633158,medium,0.75,entitlement_unverified:AMB-13,0,25,DD-120;LW-410;LW-411;LW-412;MW-310;MW-320;PD-201;PD-210,appendix_g_reading;metre_source;rig_services_index;record_signatories;report_vocabulary,appendix_g_reading=LWD_ROWS_SHIFTED;metre_source=PART_B_RUN_METRES;rig_services_index=NOT_APPLIED;record_signatories=FORM_SIGNATORIES_REQUIRED;report_vocabulary=CODES_REQUIRED,,
MDS-01049,1,part-reject,conditional,invoice_discount_error,invoice_discount_error,31578143,,31465018,31465018,high,0.95,entitlement_unverified:AMB-13,1,13,DD-120;MW-310;MW-320;PD-201;PD-210,metre_source;rig_services_index;lih_replacement_value;record_signatories;report_vocabulary,,,
MDS-01050,1,part-reject,conditional,lost_in_hole_valuation,lost_in_hole_valuation,78865084,,78685436,78685436,high,0.95,entitlement_unverified:AMB-13,1,35,DD-120;LW-410;LW-411;MW-310;MW-320;PD-201;PD-210,appendix_g_reading;metre_source;pd210_class_factor;rig_services_index;lih_replacement_value;record_signatories;report_vocabulary,,,
MDS-01051,0,query,conditional,,,15660540,,15660540,15660540,medium,0.75,entitlement_unverified:AMB-13,0,6,MW-310,rig_services_index;record_signatories;report_vocabulary,rig_services_index=NOT_APPLIED;record_signatories=FORM_SIGNATORIES_REQUIRED;report_vocabulary=CODES_REQUIRED,,
MDS-01052,0,query,conditional,,,14005281,,14005281,14005281,medium,0.75,entitlement_unverified:AMB-13,0,15,DD-120;MW-310;MW-320,rig_services_index;record_signatories;report_vocabulary,rig_services_index=NOT_APPLIED;record_signatories=FORM_SIGNATORIES_REQUIRED;report_vocabulary=CODES_REQUIRED,,
MDS-01053,0,query,conditional,,,16145887,,16145887,16145887,medium,0.75,entitlement_unverified:AMB-13,0,28,DD-120;LW-410;LW-411;LW-413;MW-310;MW-320,appendix_g_reading;metre_source;standby_section_factor;rig_services_index;record_signatories;report_vocabulary,appendix_g_reading=LWD_ROWS_SHIFTED;metre_source=PART_B_RUN_METRES;standby_section_factor=APPLY;rig_services_index=NOT_APPLIED;record_signatories=FORM_SIGNATORIES_REQUIRED;report_vocabulary=CODES_REQUIRED,,
MDS-01054,0,query,conditional,,,13135835,,13135835,13135835,medium,0.75,entitlement_unverified:AMB-13,0,5,MW-310,rig_services_index;record_signatories;report_vocabulary,rig_services_index=NOT_APPLIED;record_signatories=FORM_SIGNATORIES_REQUIRED;report_vocabulary=CODES_REQUIRED,,
MDS-01055,0,query,conditional,,,19871562,,19871562,19871562,medium,0.75,entitlement_unverified:AMB-13,0,30,DD-120;LW-410;LW-411;LW-412;MW-310;MW-320,appendix_g_reading;metre_source;rig_services_index;record_signatories;report_vocabulary,appendix_g_reading=LWD_ROWS_SHIFTED;metre_source=PART_B_RUN_METRES;rig_services_index=NOT_APPLIED;record_signatories=FORM_SIGNATORIES_REQUIRED;report_vocabulary=CODES_REQUIRED,,
MDS-01056,0,query,conditional,,,5067153,,5067153,5067153,medium,0.75,entitlement_unverified:AMB-13,0,3,MW-310,rig_services_index;report_vocabulary,rig_services_index=NOT_APPLIED;report_vocabulary=CODES_REQUIRED,,
MDS-01057,0,query,conditional,,,7814125,,7814125,7814125,medium,0.75,entitlement_unverified:AMB-13,0,12,DD-120;LW-410;LW-411;MW-310;MW-320,appendix_g_reading;metre_source;standby_section_factor;rig_services_index;record_signatories;report_vocabulary,appendix_g_reading=LWD_ROWS_SHIFTED;metre_source=PART_B_RUN_METRES;standby_section_factor=APPLY;rig_services_index=NOT_APPLIED;record_signatories=FORM_SIGNATORIES_REQUIRED;report_vocabulary=CODES_REQUIRED,,
MDS-01058,0,query,conditional,,,8676164,,8676164,8676164,medium,0.75,entitlement_unverified:AMB-13,0,12,DD-120;LW-410;LW-411;LW-412;MW-310;MW-320;PD-201;PD-210,appendix_g_reading;metre_source;rig_services_index;record_signatories;report_vocabulary,appendix_g_reading=LWD_ROWS_SHIFTED;metre_source=PART_B_RUN_METRES;rig_services_index=NOT_APPLIED;record_signatories=FORM_SIGNATORIES_REQUIRED;report_vocabulary=CODES_REQUIRED,,
MDS-01059,0,query,conditional,,,9217274,,9217274,9217274,medium,0.75,entitlement_unverified:AMB-13,0,3,MW-310,rig_services_index;record_signatories;report_vocabulary,rig_services_index=NOT_APPLIED;record_signatories=FORM_SIGNATORIES_REQUIRED;report_vocabulary=CODES_REQUIRED,,
MDS-01060,0,query,conditional,,,17341723,,17341723,17341723,medium,0.75,entitlement_unverified:AMB-13,0,30,DD-120;LW-410;LW-411;LW-412;LW-413;MW-310;MW-320;PD-201;PD-210,appendix_g_reading;metre_source;standby_section_factor;rig_services_index;record_signatories;report_vocabulary,appendix_g_reading=LWD_ROWS_SHIFTED;metre_source=PART_B_RUN_METRES;standby_section_factor=APPLY;rig_services_index=NOT_APPLIED;record_signatories=FORM_SIGNATORIES_REQUIRED;report_vocabulary=CODES_REQUIRED,,
MDS-01061,0,query,conditional,,,24166236,,24166236,24166236,medium,0.75,entitlement_unverified:AMB-13,0,44,DD-120;LW-410;LW-411;LW-412;MW-310;MW-320;PD-201;PD-210,appendix_g_reading;metre_source;standby_section_factor;rig_services_index;record_signatories;report_vocabulary,appendix_g_reading=LWD_ROWS_SHIFTED;metre_source=PART_B_RUN_METRES;standby_section_factor=APPLY;rig_services_index=NOT_APPLIED;record_signatories=FORM_SIGNATORIES_REQUIRED;report_vocabulary=CODES_REQUIRED,,
MDS-01062,0,query,conditional,,,10884296,,10884296,10884296,medium,0.75,entitlement_unverified:AMB-13,0,11,DD-120;MW-310;MW-320,rig_services_index;record_signatories;report_vocabulary,rig_services_index=NOT_APPLIED;record_signatories=FORM_SIGNATORIES_REQUIRED;report_vocabulary=CODES_REQUIRED,,
MDS-01063,0,query,conditional,,,10752124,,10752124,10752124,medium,0.75,entitlement_unverified:AMB-13,0,16,DD-120;LW-410;LW-411;LW-413;MW-310;MW-320,appendix_g_reading;metre_source;rig_services_index;record_signatories;report_vocabulary,appendix_g_reading=LWD_ROWS_SHIFTED;metre_source=PART_B_RUN_METRES;rig_services_index=NOT_APPLIED;record_signatories=FORM_SIGNATORIES_REQUIRED;report_vocabulary=CODES_REQUIRED,,
MDS-01064,0,query,conditional,,,19335801,,19335801,19335801,medium,0.75,entitlement_unverified:AMB-13,0,20,DD-120;MW-310;MW-320;PD-201;PD-210,metre_source;rig_services_index;record_signatories;report_vocabulary,metre_source=PART_B_RUN_METRES;rig_services_index=NOT_APPLIED;record_signatories=FORM_SIGNATORIES_REQUIRED;report_vocabulary=CODES_REQUIRED,,
MDS-01065,0,query,conditional,,,21248038,,21248038,21248038,medium,0.75,entitlement_unverified:AMB-13,0,31,DD-120;LW-410;LW-411;LW-413;MW-310;MW-320;PD-201;PD-210,appendix_g_reading;metre_source;pd210_class_factor;rig_services_index;record_signatories;report_vocabulary,appendix_g_reading=LWD_ROWS_SHIFTED;metre_source=PART_B_RUN_METRES;pd210_class_factor=APPLY;rig_services_index=NOT_APPLIED;record_signatories=FORM_SIGNATORIES_REQUIRED;report_vocabulary=CODES_REQUIRED,,
MDS-01066,0,query,conditional,,,7263767,,7263767,7263767,medium,0.75,entitlement_unverified:AMB-13,0,4,MW-310,rig_services_index;record_signatories;report_vocabulary,rig_services_index=NOT_APPLIED;record_signatories=FORM_SIGNATORIES_REQUIRED;report_vocabulary=CODES_REQUIRED,,
MDS-01067,0,query,conditional,,,5629768,,5629768,5629768,medium,0.75,entitlement_unverified:AMB-13,0,3,MW-310,rig_services_index;record_signatories;report_vocabulary,rig_services_index=NOT_APPLIED;record_signatories=FORM_SIGNATORIES_REQUIRED;report_vocabulary=CODES_REQUIRED,,
MDS-01068,0,query,conditional,,,10134306,,10134306,10134306,medium,0.75,entitlement_unverified:AMB-13,0,6,MW-310,rig_services_index;report_vocabulary,rig_services_index=NOT_APPLIED;report_vocabulary=CODES_REQUIRED,,
MDS-01069,0,query,conditional,,,12891513,,12891513,12891513,medium,0.75,entitlement_unverified:AMB-13,0,15,DD-120;MW-310;MW-320,rig_services_index;report_vocabulary,rig_services_index=NOT_APPLIED;report_vocabulary=CODES_REQUIRED,,
MDS-01070,0,query,conditional,,,9282611,,9282611,9282611,medium,0.75,entitlement_unverified:AMB-13,0,12,DD-120;LW-410;LW-411;MW-310;MW-320,appendix_g_reading;metre_source;rig_services_index;record_signatories;report_vocabulary,appendix_g_reading=LWD_ROWS_SHIFTED;metre_source=PART_B_RUN_METRES;rig_services_index=NOT_APPLIED;record_signatories=FORM_SIGNATORIES_REQUIRED;report_vocabulary=CODES_REQUIRED,,
MDS-01071,0,query,conditional,,,9830091,,9830091,9830091,medium,0.75,entitlement_unverified:AMB-13,0,3,MW-310,rig_services_index;record_signatories;report_vocabulary,rig_services_index=NOT_APPLIED;record_signatories=FORM_SIGNATORIES_REQUIRED;report_vocabulary=CODES_REQUIRED,,
MDS-01072,0,query,conditional,,,20402113,,20402113,20402113,medium,0.75,entitlement_unverified:AMB-13,0,33,DD-120;LW-410;LW-411;LW-412;LW-413;MW-310;MW-320,appendix_g_reading;metre_source;standby_section_factor;rig_services_index;record_signatories;report_vocabulary,appendix_g_reading=LWD_ROWS_SHIFTED;metre_source=PART_B_RUN_METRES;standby_section_factor=APPLY;rig_services_index=NOT_APPLIED;record_signatories=FORM_SIGNATORIES_REQUIRED;report_vocabulary=CODES_REQUIRED,,
MDS-01073,0,query,conditional,,,10112181,,10112181,10112181,medium,0.75,entitlement_unverified:AMB-13,0,12,DD-120;LW-410;LW-411;MW-310;MW-320,appendix_g_reading;metre_source;rig_services_index;record_signatories;report_vocabulary,appendix_g_reading=LWD_ROWS_SHIFTED;metre_source=PART_B_RUN_METRES;rig_services_index=NOT_APPLIED;record_signatories=FORM_SIGNATORIES_REQUIRED;report_vocabulary=CODES_REQUIRED,,
MDS-01074,0,query,conditional,,,23565442,,23565442,23565442,medium,0.75,entitlement_unverified:AMB-13,0,41,DD-120;LW-410;LW-411;LW-412;MW-310;MW-320;PD-201;PD-210,appendix_g_reading;metre_source;rig_services_index;record_signatories;report_vocabulary,appendix_g_reading=LWD_ROWS_SHIFTED;metre_source=PART_B_RUN_METRES;rig_services_index=NOT_APPLIED;record_signatories=FORM_SIGNATORIES_REQUIRED;report_vocabulary=CODES_REQUIRED,,
MDS-01075,0,query,conditional,,,17304170,,17304170,17304170,medium,0.75,entitlement_unverified:AMB-13,0,23,DD-120;LW-410;LW-411;LW-412;MW-310;MW-320;PD-201;PD-210,appendix_g_reading;metre_source;rig_services_index;record_signatories;report_vocabulary,appendix_g_reading=LWD_ROWS_SHIFTED;metre_source=PART_B_RUN_METRES;rig_services_index=NOT_APPLIED;record_signatories=FORM_SIGNATORIES_REQUIRED;report_vocabulary=CODES_REQUIRED,,
MDS-01076,0,query,conditional,,,9453702,,9453702,9453702,medium,0.75,entitlement_unverified:AMB-13,0,8,DD-120;MW-310;MW-320;PD-201;PD-210,rig_services_index;volume_tier_scope;record_signatories;report_vocabulary,rig_services_index=NOT_APPLIED;volume_tier_scope=CONTRACT_WIDE;record_signatories=FORM_SIGNATORIES_REQUIRED;report_vocabulary=CODES_REQUIRED,,
MDS-01077,0,query,conditional,,,6610694,,6610694,6610694,medium,0.75,entitlement_unverified:AMB-13,0,9,DD-120;MW-310;MW-320,rig_services_index;report_vocabulary,rig_services_index=NOT_APPLIED;report_vocabulary=CODES_REQUIRED,,
MDS-01078,0,query,conditional,,,11327208,,11327208,11327208,medium,0.75,entitlement_unverified:AMB-13,0,6,MW-310,rig_services_index;record_signatories;report_vocabulary,rig_services_index=NOT_APPLIED;record_signatories=FORM_SIGNATORIES_REQUIRED;report_vocabulary=CODES_REQUIRED,,
MDS-01079,0,query,conditional,,,19991139,,19991139,19991139,medium,0.75,entitlement_unverified:AMB-13,0,18,DD-120;MW-310;MW-320;PD-201;PD-210,pd210_class_factor;rig_services_index;volume_tier_scope;record_signatories;report_vocabulary,pd210_class_factor=APPLY;rig_services_index=NOT_APPLIED;volume_tier_scope=CONTRACT_WIDE;record_signatories=FORM_SIGNATORIES_REQUIRED;report_vocabulary=CODES_REQUIRED,,
MDS-01080,0,query,conditional,,,12495501,,12495501,12495501,medium,0.75,entitlement_unverified:AMB-13,0,20,DD-120;LW-410;LW-411;LW-412;MW-310;MW-320;PD-201;PD-210,appendix_g_reading;metre_source;rig_services_index;record_signatories;report_vocabulary,appendix_g_reading=LWD_ROWS_SHIFTED;metre_source=PART_B_RUN_METRES;rig_services_index=NOT_APPLIED;record_signatories=FORM_SIGNATORIES_REQUIRED;report_vocabulary=CODES_REQUIRED,,
MDS-01081,0,query,conditional,,,5324468,,5324468,5324468,medium,0.75,entitlement_unverified:AMB-13,0,6,LW-410;MW-310,appendix_g_reading;metre_source;rig_services_index;record_signatories;report_vocabulary,appendix_g_reading=LWD_ROWS_SHIFTED;metre_source=PART_B_RUN_METRES;rig_services_index=NOT_APPLIED;record_signatories=FORM_SIGNATORIES_REQUIRED;report_vocabulary=CODES_REQUIRED,,
MDS-01082,0,query,conditional,,,7858397,,7858397,7858397,medium,0.75,entitlement_unverified:AMB-13,0,8,LW-410;MW-310,appendix_g_reading;metre_source;rig_services_index;record_signatories;report_vocabulary,appendix_g_reading=LWD_ROWS_SHIFTED;metre_source=PART_B_RUN_METRES;rig_services_index=NOT_APPLIED;record_signatories=FORM_SIGNATORIES_REQUIRED;report_vocabulary=CODES_REQUIRED,,
MDS-01083,0,query,conditional,,,19389406,,19389406,19389406,medium,0.75,entitlement_unverified:AMB-13,0,33,DD-120;LW-410;LW-411;LW-412;MW-310;MW-320,appendix_g_reading;metre_source;rig_services_index;record_signatories;report_vocabulary,appendix_g_reading=LWD_ROWS_SHIFTED;metre_source=PART_B_RUN_METRES;rig_services_index=NOT_APPLIED;record_signatories=FORM_SIGNATORIES_REQUIRED;report_vocabulary=CODES_REQUIRED,,
MDS-01084,0,query,conditional,,,7228409,,7228409,7228409,medium,0.75,entitlement_unverified:AMB-13,0,7,LW-410;MW-310,appendix_g_reading;metre_source;standby_section_factor;rig_services_index;record_signatories;report_vocabulary,appendix_g_reading=LWD_ROWS_SHIFTED;metre_source=PART_B_RUN_METRES;standby_section_factor=APPLY;rig_services_index=NOT_APPLIED;record_signatories=FORM_SIGNATORIES_REQUIRED;report_vocabulary=CODES_REQUIRED,,
MDS-01085,0,query,conditional,,,10204514,,10204514,10204514,medium,0.75,entitlement_unverified:AMB-13,0,8,DD-120;MW-310;MW-320,metre_source;rig_services_index;record_signatories;report_vocabulary,metre_source=PART_B_RUN_METRES;rig_services_index=NOT_APPLIED;record_signatories=FORM_SIGNATORIES_REQUIRED;report_vocabulary=CODES_REQUIRED,,
MDS-01086,1,part-reject,conditional,factor_misapplied,factor_misapplied,6624125,,6610694,6610694,high,0.95,entitlement_unverified:AMB-13,1,9,DD-120;MW-310;MW-320,rig_services_index;report_vocabulary,,,
MDS-01087,0,query,conditional,,,9244502,,9244502,9244502,medium,0.75,entitlement_unverified:AMB-13,0,12,DD-120;LW-410;LW-411;LW-412;MW-310;MW-320;PD-201;PD-210,appendix_g_reading;rig_services_index;volume_tier_scope;record_signatories;report_vocabulary,appendix_g_reading=LWD_ROWS_SHIFTED;rig_services_index=NOT_APPLIED;volume_tier_scope=CONTRACT_WIDE;record_signatories=FORM_SIGNATORIES_REQUIRED;report_vocabulary=CODES_REQUIRED,,
MDS-01088,0,query,conditional,,,15795962,,15795962,15795962,medium,0.75,entitlement_unverified:AMB-13,0,26,DD-120;LW-410;LW-411;LW-412;LW-413;MW-310;MW-320;PD-201;PD-210,appendix_g_reading;metre_source;rig_services_index;volume_tier_scope;record_signatories;report_vocabulary,appendix_g_reading=LWD_ROWS_SHIFTED;metre_source=PART_B_RUN_METRES;rig_services_index=NOT_APPLIED;volume_tier_scope=CONTRACT_WIDE;record_signatories=FORM_SIGNATORIES_REQUIRED;report_vocabulary=CODES_REQUIRED,,
MDS-01089,1,part-reject,conditional,lost_in_hole_valuation,lost_in_hole_valuation,150602323,,150174882,150174882,high,0.95,entitlement_unverified:AMB-13,1,21,DD-120;MW-310;MW-320;PD-201;PD-210,rig_services_index;volume_tier_scope;lih_replacement_value;record_signatories;report_vocabulary,,,
MDS-01090,0,query,conditional,,,12984188,,12984188,12984188,medium,0.75,entitlement_unverified:AMB-13,0,21,DD-120;LW-410;LW-411;LW-412;MW-310;MW-320,appendix_g_reading;metre_source;rig_services_index;record_signatories;report_vocabulary,appendix_g_reading=LWD_ROWS_SHIFTED;metre_source=PART_B_RUN_METRES;rig_services_index=NOT_APPLIED;record_signatories=FORM_SIGNATORIES_REQUIRED;report_vocabulary=CODES_REQUIRED,,
MDS-01091,0,query,conditional,,,12118294,,12118294,12118294,medium,0.75,entitlement_unverified:AMB-13,0,9,LW-410;MW-310,appendix_g_reading;metre_source;rig_services_index;record_signatories;report_vocabulary,appendix_g_reading=LWD_ROWS_SHIFTED;metre_source=PART_B_RUN_METRES;rig_services_index=NOT_APPLIED;record_signatories=FORM_SIGNATORIES_REQUIRED;report_vocabulary=CODES_REQUIRED,,
MDS-01092,0,query,conditional,,,8531462,,8531462,8531462,medium,0.75,entitlement_unverified:AMB-13,0,9,LW-410;MW-310,appendix_g_reading;metre_source;standby_section_factor;rig_services_index;record_signatories;report_vocabulary,appendix_g_reading=LWD_ROWS_SHIFTED;metre_source=PART_B_RUN_METRES;standby_section_factor=APPLY;rig_services_index=NOT_APPLIED;record_signatories=FORM_SIGNATORIES_REQUIRED;report_vocabulary=CODES_REQUIRED,,
MDS-01093,0,query,conditional,,,10050684,,10050684,10050684,medium,0.75,entitlement_unverified:AMB-13,0,12,DD-120;MW-310;MW-320,rig_services_index;report_vocabulary,rig_services_index=NOT_APPLIED;report_vocabulary=CODES_REQUIRED,,
MDS-01094,0,query,conditional,,,14248717,,14248717,14248717,medium,0.75,entitlement_unverified:AMB-13,0,11,LW-410;MW-310,appendix_g_reading;metre_source;rig_services_index;record_signatories;report_vocabulary,appendix_g_reading=LWD_ROWS_SHIFTED;metre_source=PART_B_RUN_METRES;rig_services_index=NOT_APPLIED;record_signatories=FORM_SIGNATORIES_REQUIRED;report_vocabulary=CODES_REQUIRED,,
MDS-01095,0,query,conditional,,,15648809,,15648809,15648809,medium,0.75,entitlement_unverified:AMB-13,0,16,DD-120;MW-310;MW-320,rig_services_index;record_signatories;report_vocabulary,rig_services_index=NOT_APPLIED;record_signatories=FORM_SIGNATORIES_REQUIRED;report_vocabulary=CODES_REQUIRED,,
MDS-01096,0,query,conditional,,,18805803,,18805803,18805803,medium,0.75,entitlement_unverified:AMB-13,0,33,DD-120;LW-410;LW-411;LW-412;LW-413;MW-310;MW-320;PD-201;PD-210,appendix_g_reading;metre_source;rig_services_index;volume_tier_scope;record_signatories;report_vocabulary,appendix_g_reading=LWD_ROWS_SHIFTED;metre_source=PART_B_RUN_METRES;rig_services_index=NOT_APPLIED;volume_tier_scope=CONTRACT_WIDE;record_signatories=FORM_SIGNATORIES_REQUIRED;report_vocabulary=CODES_REQUIRED,,
MDS-01097,0,query,conditional,,,10645207,,10645207,10645207,medium,0.75,entitlement_unverified:AMB-13,0,14,DD-120;MW-310;MW-320;PD-201;PD-210,pd210_class_factor;rig_services_index;volume_tier_scope;report_vocabulary,pd210_class_factor=APPLY;rig_services_index=NOT_APPLIED;volume_tier_scope=CONTRACT_WIDE;report_vocabulary=CODES_REQUIRED,,
MDS-01098,0,query,conditional,,,13035757,,13035757,13035757,medium,0.75,entitlement_unverified:AMB-13,0,12,DD-120;MW-310;MW-320,metre_source;rig_services_index;record_signatories;report_vocabulary,metre_source=PART_B_RUN_METRES;rig_services_index=NOT_APPLIED;record_signatories=FORM_SIGNATORIES_REQUIRED;report_vocabulary=CODES_REQUIRED,,
MDS-01099,0,query,conditional,,,15054076,,15054076,15054076,medium,0.75,entitlement_unverified:AMB-13,0,22,DD-120;LW-410;LW-411;LW-412;MW-310;MW-320;PD-201;PD-210,appendix_g_reading;rig_services_index;volume_tier_scope;record_signatories;report_vocabulary,appendix_g_reading=LWD_ROWS_SHIFTED;rig_services_index=NOT_APPLIED;volume_tier_scope=CONTRACT_WIDE;record_signatories=FORM_SIGNATORIES_REQUIRED;report_vocabulary=CODES_REQUIRED,,
MDS-01100,0,query,conditional,,,9619022,,9619022,9619022,medium,0.75,entitlement_unverified:AMB-13,0,10,LW-410;MW-310,appendix_g_reading;metre_source;rig_services_index;record_signatories;report_vocabulary,appendix_g_reading=LWD_ROWS_SHIFTED;metre_source=PART_B_RUN_METRES;rig_services_index=NOT_APPLIED;record_signatories=FORM_SIGNATORIES_REQUIRED;report_vocabulary=CODES_REQUIRED,,
MDS-01101,0,query,conditional,,,9390380,,9390380,9390380,medium,0.75,entitlement_unverified:AMB-13,0,9,DD-120;LW-410;LW-411;LW-412;MW-310;MW-320,appendix_g_reading;metre_source;rig_services_index;record_signatories;report_vocabulary,appendix_g_reading=LWD_ROWS_SHIFTED;metre_source=PART_B_RUN_METRES;rig_services_index=NOT_APPLIED;record_signatories=FORM_SIGNATORIES_REQUIRED;report_vocabulary=CODES_REQUIRED,,
MDS-01102,0,query,conditional,,,15507993,,15507993,15507993,medium,0.75,entitlement_unverified:AMB-13,0,6,MW-310,rig_services_index;record_signatories;report_vocabulary,rig_services_index=NOT_APPLIED;record_signatories=FORM_SIGNATORIES_REQUIRED;report_vocabulary=CODES_REQUIRED,,
MDS-01103,0,query,conditional,,,12957956,,12957956,12957956,medium,0.75,entitlement_unverified:AMB-13,0,5,MW-310,rig_services_index;record_signatories;report_vocabulary,rig_services_index=NOT_APPLIED;record_signatories=FORM_SIGNATORIES_REQUIRED;report_vocabulary=CODES_REQUIRED,,
MDS-01104,0,query,conditional,,,21969262,,21969262,21969262,medium,0.75,entitlement_unverified:AMB-13,0,27,DD-120;MW-310;MW-320;PD-201;PD-210,pd210_class_factor;rig_services_index;volume_tier_scope;report_vocabulary,pd210_class_factor=APPLY;rig_services_index=NOT_APPLIED;volume_tier_scope=CONTRACT_WIDE;report_vocabulary=CODES_REQUIRED,,
MDS-01105,0,query,conditional,,,13149359,,13149359,13149359,medium,0.75,entitlement_unverified:AMB-13,0,25,DD-120;LW-410;LW-411;LW-412;LW-413;MW-310;MW-320,appendix_g_reading;metre_source;rig_services_index;record_signatories;report_vocabulary,appendix_g_reading=LWD_ROWS_SHIFTED;metre_source=PART_B_RUN_METRES;rig_services_index=NOT_APPLIED;record_signatories=FORM_SIGNATORIES_REQUIRED;report_vocabulary=CODES_REQUIRED,,
MDS-01106,0,query,conditional,,,17199098,,17199098,17199098,medium,0.75,entitlement_unverified:AMB-13,0,33,DD-120;LW-410;LW-411;LW-412;MW-310;MW-320;PD-201;PD-210,appendix_g_reading;metre_source;rig_services_index;volume_tier_scope;record_signatories;report_vocabulary,appendix_g_reading=LWD_ROWS_SHIFTED;metre_source=PART_B_RUN_METRES;rig_services_index=NOT_APPLIED;volume_tier_scope=CONTRACT_WIDE;record_signatories=FORM_SIGNATORIES_REQUIRED;report_vocabulary=CODES_REQUIRED,,
MDS-01107,0,query,conditional,,,5160404,,5160404,5160404,medium,0.75,entitlement_unverified:AMB-13,0,1,MW-310,rig_services_index;record_signatories;report_vocabulary,rig_services_index=NOT_APPLIED;record_signatories=FORM_SIGNATORIES_REQUIRED;report_vocabulary=CODES_REQUIRED,,
MDS-01108,0,query,conditional,,,12841514,,12841514,12841514,medium,0.75,entitlement_unverified:AMB-13,0,12,DD-120;MW-310;MW-320,metre_source;rig_services_index;record_signatories;report_vocabulary,metre_source=PART_B_RUN_METRES;rig_services_index=NOT_APPLIED;record_signatories=FORM_SIGNATORIES_REQUIRED;report_vocabulary=CODES_REQUIRED,,
MDS-01109,0,query,conditional,,,20203310,,20203310,20203310,medium,0.75,entitlement_unverified:AMB-13,0,40,DD-120;LW-410;LW-411;LW-412;MW-310;MW-320;PD-201;PD-210,appendix_g_reading;metre_source;rig_services_index;volume_tier_scope;record_signatories;report_vocabulary,appendix_g_reading=LWD_ROWS_SHIFTED;metre_source=PART_B_RUN_METRES;rig_services_index=NOT_APPLIED;volume_tier_scope=CONTRACT_WIDE;record_signatories=FORM_SIGNATORIES_REQUIRED;report_vocabulary=CODES_REQUIRED,,
MDS-01110,0,query,conditional,,,14586955,,14586955,14586955,medium,0.75,entitlement_unverified:AMB-13,0,6,MW-310,standby_section_factor;rig_services_index;monthly_rate_basis;record_signatories;report_vocabulary,standby_section_factor=APPLY;rig_services_index=NOT_APPLIED;monthly_rate_basis=FINAL_RATE;record_signatories=FORM_SIGNATORIES_REQUIRED;report_vocabulary=CODES_REQUIRED,,
MDS-01111,0,query,conditional,,,6689510,,6689510,6689510,medium,0.75,entitlement_unverified:AMB-13,0,8,DD-120;MW-310;MW-320,rig_services_index;report_vocabulary,rig_services_index=NOT_APPLIED;report_vocabulary=CODES_REQUIRED,,
MDS-01112,0,query,conditional,,,12612321,,12612321,12612321,medium,0.75,entitlement_unverified:AMB-13,0,9,LW-410;MW-310,appendix_g_reading;metre_source;rig_services_index;record_signatories;report_vocabulary,appendix_g_reading=LWD_ROWS_SHIFTED;metre_source=PART_B_RUN_METRES;rig_services_index=NOT_APPLIED;record_signatories=FORM_SIGNATORIES_REQUIRED;report_vocabulary=CODES_REQUIRED,,
MDS-01113,0,query,conditional,,,11231182,,11231182,11231182,medium,0.75,entitlement_unverified:AMB-13,0,4,MW-310,rig_services_index;record_signatories;report_vocabulary,rig_services_index=NOT_APPLIED;record_signatories=FORM_SIGNATORIES_REQUIRED;report_vocabulary=CODES_REQUIRED,,
MDS-01114,0,query,conditional,,,13110598,,13110598,13110598,medium,0.75,entitlement_unverified:AMB-13,0,5,MW-310,rig_services_index;record_signatories;report_vocabulary,rig_services_index=NOT_APPLIED;record_signatories=FORM_SIGNATORIES_REQUIRED;report_vocabulary=CODES_REQUIRED,,
MDS-01115,0,query,conditional,,,5074671,,5074671,5074671,medium,0.75,entitlement_unverified:AMB-13,0,3,MW-310,rig_services_index;report_vocabulary,rig_services_index=NOT_APPLIED;report_vocabulary=CODES_REQUIRED,,
MDS-01116,0,query,conditional,,,15845830,,15845830,15845830,medium,0.75,entitlement_unverified:AMB-13,0,26,DD-120;LW-410;LW-411;LW-412;LW-413;MW-310;MW-320,appendix_g_reading;metre_source;standby_section_factor;rig_services_index;record_signatories;report_vocabulary,appendix_g_reading=LWD_ROWS_SHIFTED;metre_source=PART_B_RUN_METRES;standby_section_factor=APPLY;rig_services_index=NOT_APPLIED;record_signatories=FORM_SIGNATORIES_REQUIRED;report_vocabulary=CODES_REQUIRED,,
MDS-01117,0,query,conditional,,,24717948,,24717948,24717948,medium,0.75,entitlement_unverified:AMB-13,0,48,DD-120;LW-410;LW-411;LW-412;MW-310;MW-320;PD-201;PD-210,appendix_g_reading;metre_source;rig_services_index;volume_tier_scope;record_signatories;report_vocabulary,appendix_g_reading=LWD_ROWS_SHIFTED;metre_source=PART_B_RUN_METRES;rig_services_index=NOT_APPLIED;volume_tier_scope=CONTRACT_WIDE;record_signatories=FORM_SIGNATORIES_REQUIRED;report_vocabulary=CODES_REQUIRED,,
MDS-01118,0,query,conditional,,,12863607,,12863607,12863607,medium,0.75,entitlement_unverified:AMB-13,0,5,MW-310,rig_services_index;record_signatories;report_vocabulary,rig_services_index=NOT_APPLIED;record_signatories=FORM_SIGNATORIES_REQUIRED;report_vocabulary=CODES_REQUIRED,,
MDS-01119,0,query,conditional,,,11663951,,11663951,11663951,medium,0.75,entitlement_unverified:AMB-13,0,9,DD-120;MW-310;MW-320;PD-201;PD-210,pd210_class_factor;standby_section_factor;rig_services_index;monthly_rate_basis;volume_tier_scope;record_signatories;report_vocabulary,pd210_class_factor=APPLY;standby_section_factor=APPLY;rig_services_index=NOT_APPLIED;monthly_rate_basis=FINAL_RATE;volume_tier_scope=CONTRACT_WIDE;record_signatories=FORM_SIGNATORIES_REQUIRED;report_vocabulary=CODES_REQUIRED,,
MDS-01120,0,query,conditional,,,9483136,,9483136,9483136,medium,0.75,entitlement_unverified:AMB-13,0,12,DD-120;LW-410;LW-411;LW-413;MW-310;MW-320,appendix_g_reading;metre_source;rig_services_index;record_signatories;report_vocabulary,appendix_g_reading=LWD_ROWS_SHIFTED;metre_source=PART_B_RUN_METRES;rig_services_index=NOT_APPLIED;record_signatories=FORM_SIGNATORIES_REQUIRED;report_vocabulary=CODES_REQUIRED,,
MDS-01121,0,query,conditional,,,10931013,,10931013,10931013,medium,0.75,entitlement_unverified:AMB-13,0,12,DD-120;MW-310;MW-320,rig_services_index;report_vocabulary,rig_services_index=NOT_APPLIED;report_vocabulary=CODES_REQUIRED,,
MDS-01122,0,query,conditional,,,16016845,,16016845,16016845,medium,0.75,entitlement_unverified:AMB-13,0,25,DD-120;LW-410;LW-411;LW-412;LW-413;MW-310;MW-320;PD-201;PD-210,appendix_g_reading;metre_source;pd210_class_factor;rig_services_index;volume_tier_scope;record_signatories;report_vocabulary,appendix_g_reading=LWD_ROWS_SHIFTED;metre_source=PART_B_RUN_METRES;pd210_class_factor=APPLY;rig_services_index=NOT_APPLIED;volume_tier_scope=CONTRACT_WIDE;record_signatories=FORM_SIGNATORIES_REQUIRED;report_vocabulary=CODES_REQUIRED,,
MDS-01123,0,query,conditional,,,18813780,,18813780,18813780,medium,0.75,entitlement_unverified:AMB-13,0,32,DD-120;LW-410;LW-411;LW-412;MW-310;MW-320;PD-201;PD-210,appendix_g_reading;metre_source;rig_services_index;volume_tier_scope;record_signatories;report_vocabulary,appendix_g_reading=LWD_ROWS_SHIFTED;metre_source=PART_B_RUN_METRES;rig_services_index=NOT_APPLIED;volume_tier_scope=CONTRACT_WIDE;record_signatories=FORM_SIGNATORIES_REQUIRED;report_vocabulary=CODES_REQUIRED,,
MDS-01124,0,query,conditional,,,9558340,,9558340,9558340,medium,0.75,entitlement_unverified:AMB-13,0,5,MW-310,rig_services_index;record_signatories;report_vocabulary,rig_services_index=NOT_APPLIED;record_signatories=FORM_SIGNATORIES_REQUIRED;report_vocabulary=CODES_REQUIRED,,
MDS-01125,0,query,conditional,,,9305030,,9305030,9305030,medium,0.75,entitlement_unverified:AMB-13,0,5,MW-310,rig_services_index;record_signatories;report_vocabulary,rig_services_index=NOT_APPLIED;record_signatories=FORM_SIGNATORIES_REQUIRED;report_vocabulary=CODES_REQUIRED,,
MDS-01126,0,query,conditional,,,11218603,,11218603,11218603,medium,0.75,entitlement_unverified:AMB-13,0,17,DD-120;LW-410;LW-411;LW-413;MW-310;MW-320,appendix_g_reading;metre_source;rig_services_index;record_signatories;report_vocabulary,appendix_g_reading=LWD_ROWS_SHIFTED;metre_source=PART_B_RUN_METRES;rig_services_index=NOT_APPLIED;record_signatories=FORM_SIGNATORIES_REQUIRED;report_vocabulary=CODES_REQUIRED,,
MDS-01127,0,query,conditional,,,6235754,,6235754,6235754,medium,0.75,entitlement_unverified:AMB-13,0,3,MW-310,rig_services_index;record_signatories;report_vocabulary,rig_services_index=NOT_APPLIED;record_signatories=FORM_SIGNATORIES_REQUIRED;report_vocabulary=CODES_REQUIRED,,
MDS-01128,0,query,conditional,,,8464649,,8464649,8464649,medium,0.75,entitlement_unverified:AMB-13,0,5,MW-310,standby_section_factor;rig_services_index;monthly_rate_basis;record_signatories;report_vocabulary,standby_section_factor=APPLY;rig_services_index=NOT_APPLIED;monthly_rate_basis=FINAL_RATE;record_signatories=FORM_SIGNATORIES_REQUIRED;report_vocabulary=CODES_REQUIRED,,
MDS-01129,0,query,conditional,,,5992950,,5992950,5992950,medium,0.75,entitlement_unverified:AMB-13,0,4,DD-120;MW-310;MW-320;PD-201,rig_services_index;report_vocabulary,rig_services_index=NOT_APPLIED;report_vocabulary=CODES_REQUIRED,,
MDS-01130,0,query,conditional,,,10280078,,10280078,10280078,medium,0.75,entitlement_unverified:AMB-13,0,13,DD-120;LW-410;LW-411;MW-310;MW-320,appendix_g_reading;metre_source;rig_services_index;record_signatories;report_vocabulary,appendix_g_reading=LWD_ROWS_SHIFTED;metre_source=PART_B_RUN_METRES;rig_services_index=NOT_APPLIED;record_signatories=FORM_SIGNATORIES_REQUIRED;report_vocabulary=CODES_REQUIRED,,
MDS-01131,0,query,conditional,,,9845972,,9845972,9845972,medium,0.75,entitlement_unverified:AMB-13,0,5,MW-310,rig_services_index;record_signatories;report_vocabulary,rig_services_index=NOT_APPLIED;record_signatories=FORM_SIGNATORIES_REQUIRED;report_vocabulary=CODES_REQUIRED,,
MDS-01132,0,query,conditional,,,11772340,,11772340,11772340,medium,0.75,entitlement_unverified:AMB-13,0,15,DD-120;MW-310;MW-320;PD-201;PD-210,pd210_class_factor;rig_services_index;volume_tier_scope;report_vocabulary,pd210_class_factor=APPLY;rig_services_index=NOT_APPLIED;volume_tier_scope=CONTRACT_WIDE;report_vocabulary=CODES_REQUIRED,,
MDS-01133,0,query,conditional,,,11143236,,11143236,11143236,medium,0.75,entitlement_unverified:AMB-13,0,12,LW-410;MW-310,appendix_g_reading;metre_source;rig_services_index;record_signatories;report_vocabulary,appendix_g_reading=LWD_ROWS_SHIFTED;metre_source=PART_B_RUN_METRES;rig_services_index=NOT_APPLIED;record_signatories=FORM_SIGNATORIES_REQUIRED;report_vocabulary=CODES_REQUIRED,,
MDS-01134,0,query,conditional,,,12578407,,12578407,12578407,medium,0.75,entitlement_unverified:AMB-13,0,5,MW-310,rig_services_index;record_signatories;report_vocabulary,rig_services_index=NOT_APPLIED;record_signatories=FORM_SIGNATORIES_REQUIRED;report_vocabulary=CODES_REQUIRED,,
MDS-01135,0,query,conditional,,,5742760,,5742760,5742760,medium,0.75,entitlement_unverified:AMB-13,0,4,DD-120;MW-310;MW-320;PD-201,rig_services_index;report_vocabulary,rig_services_index=NOT_APPLIED;report_vocabulary=CODES_REQUIRED,,
MDS-01136,0,query,conditional,,,11991411,,11991411,11991411,medium,0.75,entitlement_unverified:AMB-13,0,17,DD-120;LW-410;LW-411;MW-310;MW-320,appendix_g_reading;metre_source;rig_services_index;record_signatories;report_vocabulary,appendix_g_reading=LWD_ROWS_SHIFTED;metre_source=PART_B_RUN_METRES;rig_services_index=NOT_APPLIED;record_signatories=FORM_SIGNATORIES_REQUIRED;report_vocabulary=CODES_REQUIRED,,
MDS-01137,1,part-reject,conditional,superseded_rate,superseded_rate,7216262,,7230395,7230395,high,0.95,entitlement_unverified:AMB-13,1,5,DD-120;MW-310;MW-320,rig_services_index;record_signatories;report_vocabulary,,,
MDS-01138,0,query,conditional,,,11261605,,11261605,11261605,medium,0.75,entitlement_unverified:AMB-13,0,4,MW-310,rig_services_index;record_signatories;report_vocabulary,rig_services_index=NOT_APPLIED;record_signatories=FORM_SIGNATORIES_REQUIRED;report_vocabulary=CODES_REQUIRED,,
MDS-01139,0,query,conditional,,,146537373,,146537373,146537373,medium,0.75,entitlement_unverified:AMB-13,0,18,DD-120;MW-310;MW-320,rig_services_index;lih_replacement_value;record_signatories;report_vocabulary,rig_services_index=NOT_APPLIED;lih_replacement_value=SCHEDULE_6_USD;record_signatories=FORM_SIGNATORIES_REQUIRED;report_vocabulary=CODES_REQUIRED,,
MDS-01140,0,query,conditional,,,11403936,,11403936,11403936,medium,0.75,entitlement_unverified:AMB-13,0,8,DD-120;MW-310;MW-320,standby_section_factor;rig_services_index;monthly_rate_basis;record_signatories;report_vocabulary,standby_section_factor=APPLY;rig_services_index=NOT_APPLIED;monthly_rate_basis=FINAL_RATE;record_signatories=FORM_SIGNATORIES_REQUIRED;report_vocabulary=CODES_REQUIRED,,
MDS-01141,0,query,conditional,,,13977690,,13977690,13977690,medium,0.75,entitlement_unverified:AMB-13,0,17,DD-120;LW-410;LW-411;LW-413;MW-310;MW-320,appendix_g_reading;metre_source;rig_services_index;record_signatories;report_vocabulary,appendix_g_reading=LWD_ROWS_SHIFTED;metre_source=PART_B_RUN_METRES;rig_services_index=NOT_APPLIED;record_signatories=FORM_SIGNATORIES_REQUIRED;report_vocabulary=CODES_REQUIRED,,
MDS-01142,0,query,conditional,,,8783173,,8783173,8783173,medium,0.75,entitlement_unverified:AMB-13,0,10,LW-410;MW-310,appendix_g_reading;metre_source;rig_services_index;record_signatories;report_vocabulary,appendix_g_reading=LWD_ROWS_SHIFTED;metre_source=PART_B_RUN_METRES;rig_services_index=NOT_APPLIED;record_signatories=FORM_SIGNATORIES_REQUIRED;report_vocabulary=CODES_REQUIRED,,
MDS-01143,0,query,conditional,,,16344361,,16344361,16344361,medium,0.75,entitlement_unverified:AMB-13,0,21,DD-120;MW-310;MW-320;PD-201;PD-210,pd210_class_factor;rig_services_index;volume_tier_scope;report_vocabulary,pd210_class_factor=APPLY;rig_services_index=NOT_APPLIED;volume_tier_scope=CONTRACT_WIDE;report_vocabulary=CODES_REQUIRED,,
MDS-01144,0,query,conditional,,,8922273,,8922273,8922273,medium,0.75,entitlement_unverified:AMB-13,0,6,DD-120;MW-310;MW-320,rig_services_index;record_signatories;report_vocabulary,rig_services_index=NOT_APPLIED;record_signatories=FORM_SIGNATORIES_REQUIRED;report_vocabulary=CODES_REQUIRED,,
MDS-01145,0,query,conditional,,,15758948,,15758948,15758948,medium,0.75,entitlement_unverified:AMB-13,0,18,DD-120;MW-310;MW-320,rig_services_index;report_vocabulary,rig_services_index=NOT_APPLIED;report_vocabulary=CODES_REQUIRED,,
MDS-01146,0,query,conditional,,,12312431,,12312431,12312431,medium,0.75,entitlement_unverified:AMB-13,0,10,DD-120;MW-310;MW-320,metre_source;rig_services_index;record_signatories;report_vocabulary,metre_source=PART_B_RUN_METRES;rig_services_index=NOT_APPLIED;record_signatories=FORM_SIGNATORIES_REQUIRED;report_vocabulary=CODES_REQUIRED,,
MDS-01147,0,query,conditional,,,9815279,,9815279,9815279,medium,0.75,entitlement_unverified:AMB-13,0,4,MW-310,standby_section_factor;rig_services_index;record_signatories;report_vocabulary,standby_section_factor=APPLY;rig_services_index=NOT_APPLIED;record_signatories=FORM_SIGNATORIES_REQUIRED;report_vocabulary=CODES_REQUIRED,,
MDS-01148,0,query,conditional,,,9870070,,9870070,9870070,medium,0.75,entitlement_unverified:AMB-13,0,5,MW-310,rig_services_index;record_signatories;report_vocabulary,rig_services_index=NOT_APPLIED;record_signatories=FORM_SIGNATORIES_REQUIRED;report_vocabulary=CODES_REQUIRED,,
MDS-01149,0,query,conditional,,,11053512,,11053512,11053512,medium,0.75,entitlement_unverified:AMB-13,0,6,MW-310,rig_services_index;record_signatories;report_vocabulary,rig_services_index=NOT_APPLIED;record_signatories=FORM_SIGNATORIES_REQUIRED;report_vocabulary=CODES_REQUIRED,,
MDS-01150,0,query,conditional,,,14477773,,14477773,14477773,medium,0.75,entitlement_unverified:AMB-13,0,21,DD-120;LW-410;LW-411;LW-413;MW-310;MW-320,appendix_g_reading;metre_source;rig_services_index;record_signatories;report_vocabulary,appendix_g_reading=LWD_ROWS_SHIFTED;metre_source=PART_B_RUN_METRES;rig_services_index=NOT_APPLIED;record_signatories=FORM_SIGNATORIES_REQUIRED;report_vocabulary=CODES_REQUIRED,,
MDS-01151,0,query,conditional,,,12214770,,12214770,12214770,medium,0.75,entitlement_unverified:AMB-13,0,9,LW-410;MW-310,appendix_g_reading;metre_source;rig_services_index;record_signatories;report_vocabulary,appendix_g_reading=LWD_ROWS_SHIFTED;metre_source=PART_B_RUN_METRES;rig_services_index=NOT_APPLIED;record_signatories=FORM_SIGNATORIES_REQUIRED;report_vocabulary=CODES_REQUIRED,,
MDS-01152,0,query,conditional,,,8512429,,8512429,8512429,medium,0.75,entitlement_unverified:AMB-13,0,5,LW-410;MW-310,appendix_g_reading;metre_source;rig_services_index;record_signatories;report_vocabulary,appendix_g_reading=LWD_ROWS_SHIFTED;metre_source=PART_B_RUN_METRES;rig_services_index=NOT_APPLIED;record_signatories=FORM_SIGNATORIES_REQUIRED;report_vocabulary=CODES_REQUIRED,,
MDS-01153,0,query,conditional,,,12645302,,12645302,12645302,medium,0.75,entitlement_unverified:AMB-13,0,15,DD-120;MW-310;MW-320;PD-201;PD-210,pd210_class_factor;rig_services_index;volume_tier_scope;report_vocabulary,pd210_class_factor=APPLY;rig_services_index=NOT_APPLIED;volume_tier_scope=CONTRACT_WIDE;report_vocabulary=CODES_REQUIRED,,
MDS-01154,0,query,conditional,,,9423109,,9423109,9423109,medium,0.75,entitlement_unverified:AMB-13,0,9,DD-120;MW-310;MW-320,metre_source;rig_services_index;record_signatories;report_vocabulary,metre_source=PART_B_RUN_METRES;rig_services_index=NOT_APPLIED;record_signatories=FORM_SIGNATORIES_REQUIRED;report_vocabulary=CODES_REQUIRED,,
MDS-01155,0,query,conditional,,,5055558,,5055558,5055558,medium,0.75,entitlement_unverified:AMB-13,0,1,MW-310,rig_services_index;record_signatories;report_vocabulary,rig_services_index=NOT_APPLIED;record_signatories=FORM_SIGNATORIES_REQUIRED;report_vocabulary=CODES_REQUIRED,,
MDS-01156,0,query,conditional,,,17479819,,17479819,17479819,medium,0.75,entitlement_unverified:AMB-13,0,33,DD-120;LW-410;LW-411;LW-412;MW-310;MW-320,appendix_g_reading;metre_source;rig_services_index;record_signatories;report_vocabulary,appendix_g_reading=LWD_ROWS_SHIFTED;metre_source=PART_B_RUN_METRES;rig_services_index=NOT_APPLIED;record_signatories=FORM_SIGNATORIES_REQUIRED;report_vocabulary=CODES_REQUIRED,,
MDS-01157,0,query,conditional,,,15619145,,15619145,15619145,medium,0.75,entitlement_unverified:AMB-13,0,18,DD-120;MW-310;MW-320,rig_services_index;report_vocabulary,rig_services_index=NOT_APPLIED;report_vocabulary=CODES_REQUIRED,,
MDS-01158,0,query,conditional,,,18357742,,18357742,18357742,medium,0.75,entitlement_unverified:AMB-13,0,20,DD-120;LW-410;LW-411;MW-310;MW-320,appendix_g_reading;metre_source;rig_services_index;record_signatories;report_vocabulary,appendix_g_reading=LWD_ROWS_SHIFTED;metre_source=PART_B_RUN_METRES;rig_services_index=NOT_APPLIED;record_signatories=FORM_SIGNATORIES_REQUIRED;report_vocabulary=CODES_REQUIRED,,
MDS-01159,0,query,conditional,,,9885354,,9885354,9885354,medium,0.75,entitlement_unverified:AMB-13,0,5,MW-310,rig_services_index;record_signatories;report_vocabulary,rig_services_index=NOT_APPLIED;record_signatories=FORM_SIGNATORIES_REQUIRED;report_vocabulary=CODES_REQUIRED,,
MDS-01160,0,query,conditional,,,9468320,,9468320,9468320,medium,0.75,entitlement_unverified:AMB-13,0,15,DD-120;LW-410;LW-411;MW-310;MW-320,appendix_g_reading;metre_source;rig_services_index;record_signatories;report_vocabulary,appendix_g_reading=LWD_ROWS_SHIFTED;metre_source=PART_B_RUN_METRES;rig_services_index=NOT_APPLIED;record_signatories=FORM_SIGNATORIES_REQUIRED;report_vocabulary=CODES_REQUIRED,,
MDS-01161,0,query,conditional,,,9361006,,9361006,9361006,medium,0.75,entitlement_unverified:AMB-13,0,3,MW-310,rig_services_index;record_signatories;report_vocabulary,rig_services_index=NOT_APPLIED;record_signatories=FORM_SIGNATORIES_REQUIRED;report_vocabulary=CODES_REQUIRED,,
MDS-01162,0,query,conditional,,,12730938,,12730938,12730938,medium,0.75,entitlement_unverified:AMB-13,0,17,DD-120;LW-410;LW-411;LW-412;MW-310;MW-320;PD-201;PD-210,appendix_g_reading;pd210_class_factor;rig_services_index;volume_tier_scope;record_signatories;report_vocabulary,appendix_g_reading=LWD_ROWS_SHIFTED;pd210_class_factor=APPLY;rig_services_index=NOT_APPLIED;volume_tier_scope=CONTRACT_WIDE;record_signatories=FORM_SIGNATORIES_REQUIRED;report_vocabulary=CODES_REQUIRED,,
MDS-01163,0,query,conditional,,,15316809,,15316809,15316809,medium,0.75,entitlement_unverified:AMB-13,0,20,DD-120;MW-310;MW-320;PD-201;PD-210,rig_services_index;volume_tier_scope;report_vocabulary,rig_services_index=NOT_APPLIED;volume_tier_scope=CONTRACT_WIDE;report_vocabulary=CODES_REQUIRED,,
MDS-01164,0,query,conditional,,,7970556,,7970556,7970556,medium,0.75,entitlement_unverified:AMB-13,0,9,DD-120;MW-310;MW-320,rig_services_index;report_vocabulary,rig_services_index=NOT_APPLIED;report_vocabulary=CODES_REQUIRED,,
MDS-01165,0,query,conditional,,,12465539,,12465539,12465539,medium,0.75,entitlement_unverified:AMB-13,0,13,DD-120;MW-310;MW-320,metre_source;rig_services_index;record_signatories;report_vocabulary,metre_source=PART_B_RUN_METRES;rig_services_index=NOT_APPLIED;record_signatories=FORM_SIGNATORIES_REQUIRED;report_vocabulary=CODES_REQUIRED,,
MDS-01166,0,query,conditional,,,13815395,,13815395,13815395,medium,0.75,entitlement_unverified:AMB-13,0,16,DD-120;MW-310;MW-320;PD-201;PD-210,pd210_class_factor;rig_services_index;volume_tier_scope;record_signatories;report_vocabulary,pd210_class_factor=APPLY;rig_services_index=NOT_APPLIED;volume_tier_scope=CONTRACT_WIDE;record_signatories=FORM_SIGNATORIES_REQUIRED;report_vocabulary=CODES_REQUIRED,,
MDS-01167,0,query,conditional,,,25706175,,25706175,25706175,medium,0.75,entitlement_unverified:AMB-13,0,12,DD-120;LW-410;LW-411;MW-310;MW-320,appendix_g_reading;metre_source;rig_services_index;lih_replacement_value;record_signatories;report_vocabulary,appendix_g_reading=LWD_ROWS_SHIFTED;metre_source=PART_B_RUN_METRES;rig_services_index=NOT_APPLIED;lih_replacement_value=SCHEDULE_6_USD;record_signatories=FORM_SIGNATORIES_REQUIRED;report_vocabulary=CODES_REQUIRED,,
MDS-01168,0,query,conditional,,,9567988,,9567988,9567988,medium,0.75,entitlement_unverified:AMB-13,0,5,MW-310,rig_services_index;record_signatories;report_vocabulary,rig_services_index=NOT_APPLIED;record_signatories=FORM_SIGNATORIES_REQUIRED;report_vocabulary=CODES_REQUIRED,,
MDS-01169,0,query,conditional,,,20591268,,20591268,20591268,medium,0.75,entitlement_unverified:AMB-13,0,33,DD-120;LW-410;LW-411;LW-412;LW-413;MW-310;MW-320;PD-201;PD-210,appendix_g_reading;metre_source;pd210_class_factor;rig_services_index;volume_tier_scope;record_signatories;report_vocabulary,appendix_g_reading=LWD_ROWS_SHIFTED;metre_source=PART_B_RUN_METRES;pd210_class_factor=APPLY;rig_services_index=NOT_APPLIED;volume_tier_scope=CONTRACT_WIDE;record_signatories=FORM_SIGNATORIES_REQUIRED;report_vocabulary=CODES_REQUIRED,,
MDS-01170,0,query,conditional,,,18593790,,18593790,18593790,medium,0.75,entitlement_unverified:AMB-13,0,24,DD-120;LW-410;LW-411;LW-413;MW-310;MW-320,appendix_g_reading;metre_source;standby_section_factor;rig_services_index;record_signatories;report_vocabulary,appendix_g_reading=LWD_ROWS_SHIFTED;metre_source=PART_B_RUN_METRES;standby_section_factor=APPLY;rig_services_index=NOT_APPLIED;record_signatories=FORM_SIGNATORIES_REQUIRED;report_vocabulary=CODES_REQUIRED,,
MDS-01171,0,query,conditional,,,8748622,,8748622,8748622,medium,0.75,entitlement_unverified:AMB-13,0,3,MW-310,rig_services_index;record_signatories;report_vocabulary,rig_services_index=NOT_APPLIED;record_signatories=FORM_SIGNATORIES_REQUIRED;report_vocabulary=CODES_REQUIRED,,
MDS-01172,0,query,conditional,,,7328842,,7328842,7328842,medium,0.75,entitlement_unverified:AMB-13,0,4,MW-310,rig_services_index;record_signatories;report_vocabulary,rig_services_index=NOT_APPLIED;record_signatories=FORM_SIGNATORIES_REQUIRED;report_vocabulary=CODES_REQUIRED,,
MDS-01173,0,query,conditional,,,14668588,,14668588,14668588,medium,0.75,entitlement_unverified:AMB-13,0,30,DD-120;LW-410;LW-411;LW-412;MW-310;MW-320,appendix_g_reading;metre_source;rig_services_index;record_signatories;report_vocabulary,appendix_g_reading=LWD_ROWS_SHIFTED;metre_source=PART_B_RUN_METRES;rig_services_index=NOT_APPLIED;record_signatories=FORM_SIGNATORIES_REQUIRED;report_vocabulary=CODES_REQUIRED,,
MDS-01174,0,query,conditional,,,13780283,,13780283,13780283,medium,0.75,entitlement_unverified:AMB-13,0,5,MW-310,rig_services_index;record_signatories;report_vocabulary,rig_services_index=NOT_APPLIED;record_signatories=FORM_SIGNATORIES_REQUIRED;report_vocabulary=CODES_REQUIRED,,
MDS-01175,0,query,conditional,,,11388183,,11388183,11388183,medium,0.75,entitlement_unverified:AMB-13,0,15,DD-120;MW-310;MW-320;PD-201;PD-210,rig_services_index;volume_tier_scope;report_vocabulary,rig_services_index=NOT_APPLIED;volume_tier_scope=CONTRACT_WIDE;report_vocabulary=CODES_REQUIRED,,
MDS-01176,0,query,conditional,,,17171889,,17171889,17171889,medium,0.75,entitlement_unverified:AMB-13,0,31,DD-120;LW-410;LW-411;LW-412;LW-413;MW-310;MW-320,appendix_g_reading;metre_source;rig_services_index;record_signatories;report_vocabulary,appendix_g_reading=LWD_ROWS_SHIFTED;metre_source=PART_B_RUN_METRES;rig_services_index=NOT_APPLIED;record_signatories=FORM_SIGNATORIES_REQUIRED;report_vocabulary=CODES_REQUIRED,,
MDS-01177,0,query,conditional,,,10438379,,10438379,10438379,medium,0.75,entitlement_unverified:AMB-13,0,20,DD-120;LW-410;LW-411;MW-310;MW-320,appendix_g_reading;metre_source;rig_services_index;record_signatories;report_vocabulary,appendix_g_reading=LWD_ROWS_SHIFTED;metre_source=PART_B_RUN_METRES;rig_services_index=NOT_APPLIED;record_signatories=FORM_SIGNATORIES_REQUIRED;report_vocabulary=CODES_REQUIRED,,
MDS-01178,0,query,conditional,,,16510012,,16510012,16510012,medium,0.75,entitlement_unverified:AMB-13,0,21,DD-120;MW-310;MW-320;PD-201;PD-210,pd210_class_factor;rig_services_index;volume_tier_scope;report_vocabulary,pd210_class_factor=APPLY;rig_services_index=NOT_APPLIED;volume_tier_scope=CONTRACT_WIDE;report_vocabulary=CODES_REQUIRED,,
MDS-01179,0,query,conditional,,,18028972,,18028972,18028972,medium,0.75,entitlement_unverified:AMB-13,0,25,DD-120;LW-410;LW-411;LW-413;MW-310;MW-320,appendix_g_reading;metre_source;rig_services_index;record_signatories;report_vocabulary,appendix_g_reading=LWD_ROWS_SHIFTED;metre_source=PART_B_RUN_METRES;rig_services_index=NOT_APPLIED;record_signatories=FORM_SIGNATORIES_REQUIRED;report_vocabulary=CODES_REQUIRED,,
MDS-01180,0,query,conditional,,,5841257,,5841257,5841257,medium,0.75,entitlement_unverified:AMB-13,0,3,MW-310,rig_services_index;record_signatories;report_vocabulary,rig_services_index=NOT_APPLIED;record_signatories=FORM_SIGNATORIES_REQUIRED;report_vocabulary=CODES_REQUIRED,,
MDS-01181,0,query,conditional,,,6890415,,6890415,6890415,medium,0.75,entitlement_unverified:AMB-13,0,6,LW-410;MW-310,appendix_g_reading;metre_source;standby_section_factor;rig_services_index;record_signatories;report_vocabulary,appendix_g_reading=LWD_ROWS_SHIFTED;metre_source=PART_B_RUN_METRES;standby_section_factor=APPLY;rig_services_index=NOT_APPLIED;record_signatories=FORM_SIGNATORIES_REQUIRED;report_vocabulary=CODES_REQUIRED,,
MDS-01182,0,query,conditional,,,20637685,,20637685,20637685,medium,0.75,entitlement_unverified:AMB-13,0,36,DD-120;LW-410;LW-411;LW-412;MW-310;MW-320;PD-201;PD-210,appendix_g_reading;metre_source;pd210_class_factor;standby_section_factor;rig_services_index;volume_tier_scope;record_signatories;report_vocabulary,appendix_g_reading=LWD_ROWS_SHIFTED;metre_source=PART_B_RUN_METRES;pd210_class_factor=APPLY;standby_section_factor=APPLY;rig_services_index=NOT_APPLIED;volume_tier_scope=CONTRACT_WIDE;record_signatories=FORM_SIGNATORIES_REQUIRED;report_vocabulary=CODES_REQUIRED,,
MDS-01183,1,part-reject,conditional,not_chargeable_on_standby,not_chargeable_on_standby,8977775,,8895027,8895027,high,0.95,entitlement_unverified:AMB-13,1,13,DD-120;MW-310;MW-320;PD-201;PD-210,rig_services_index;volume_tier_scope;report_vocabulary,,,
MDS-01184,0,query,conditional,,,15885074,,15885074,15885074,medium,0.75,entitlement_unverified:AMB-13,0,17,DD-120;MW-310;MW-320;PD-201;PD-210,pd210_class_factor;rig_services_index;volume_tier_scope;record_signatories;report_vocabulary,pd210_class_factor=APPLY;rig_services_index=NOT_APPLIED;volume_tier_scope=CONTRACT_WIDE;record_signatories=FORM_SIGNATORIES_REQUIRED;report_vocabulary=CODES_REQUIRED,,
MDS-01185,0,query,conditional,,,9278861,,9278861,9278861,medium,0.75,entitlement_unverified:AMB-13,0,10,DD-120;MW-310;MW-320;PD-201;PD-210,rig_services_index;volume_tier_scope;record_signatories;report_vocabulary,rig_services_index=NOT_APPLIED;volume_tier_scope=CONTRACT_WIDE;record_signatories=FORM_SIGNATORIES_REQUIRED;report_vocabulary=CODES_REQUIRED,,
MDS-01186,0,query,conditional,,,7872638,,7872638,7872638,medium,0.75,entitlement_unverified:AMB-13,0,15,DD-120;LW-410;LW-411;MW-310;MW-320,appendix_g_reading;metre_source;rig_services_index;record_signatories;report_vocabulary,appendix_g_reading=LWD_ROWS_SHIFTED;metre_source=PART_B_RUN_METRES;rig_services_index=NOT_APPLIED;record_signatories=FORM_SIGNATORIES_REQUIRED;report_vocabulary=CODES_REQUIRED,,
MDS-01187,0,query,conditional,,,10590215,,10590215,10590215,medium,0.75,entitlement_unverified:AMB-13,0,19,DD-120;LW-410;LW-411;LW-412;LW-413;MW-310;MW-320,appendix_g_reading;metre_source;rig_services_index;record_signatories;report_vocabulary,appendix_g_reading=LWD_ROWS_SHIFTED;metre_source=PART_B_RUN_METRES;rig_services_index=NOT_APPLIED;record_signatories=FORM_SIGNATORIES_REQUIRED;report_vocabulary=CODES_REQUIRED,,
MDS-01188,0,query,conditional,,,4783186,,4783186,4783186,medium,0.75,entitlement_unverified:AMB-13,0,3,MW-310,standby_section_factor;rig_services_index;monthly_rate_basis;report_vocabulary,standby_section_factor=APPLY;rig_services_index=NOT_APPLIED;monthly_rate_basis=FINAL_RATE;report_vocabulary=CODES_REQUIRED,,
MDS-01189,0,query,conditional,,,12689028,,12689028,12689028,medium,0.75,entitlement_unverified:AMB-13,0,20,DD-120;LW-410;LW-411;MW-310;MW-320,appendix_g_reading;metre_source;rig_services_index;record_signatories;report_vocabulary,appendix_g_reading=LWD_ROWS_SHIFTED;metre_source=PART_B_RUN_METRES;rig_services_index=NOT_APPLIED;record_signatories=FORM_SIGNATORIES_REQUIRED;report_vocabulary=CODES_REQUIRED,,
MDS-01190,0,query,conditional,,,21468106,,21468106,21468106,medium,0.75,entitlement_unverified:AMB-13,0,37,DD-120;LW-410;LW-411;LW-412;LW-413;MW-310;MW-320,appendix_g_reading;metre_source;rig_services_index;record_signatories;report_vocabulary,appendix_g_reading=LWD_ROWS_SHIFTED;metre_source=PART_B_RUN_METRES;rig_services_index=NOT_APPLIED;record_signatories=FORM_SIGNATORIES_REQUIRED;report_vocabulary=CODES_REQUIRED,,
MDS-01191,0,query,conditional,,,12660681,,12660681,12660681,medium,0.75,entitlement_unverified:AMB-13,0,15,DD-120;MW-310;MW-320;PD-201;PD-210,pd210_class_factor;rig_services_index;volume_tier_scope;report_vocabulary,pd210_class_factor=APPLY;rig_services_index=NOT_APPLIED;volume_tier_scope=CONTRACT_WIDE;report_vocabulary=CODES_REQUIRED,,
MDS-01192,0,query,conditional,,,5643723,,5643723,5643723,medium,0.75,entitlement_unverified:AMB-13,0,3,MW-310,rig_services_index;record_signatories;report_vocabulary,rig_services_index=NOT_APPLIED;record_signatories=FORM_SIGNATORIES_REQUIRED;report_vocabulary=CODES_REQUIRED,,
MDS-01193,0,query,conditional,,,18780974,,18780974,18780974,medium,0.75,entitlement_unverified:AMB-13,0,29,DD-120;LW-410;LW-411;LW-413;MW-310;MW-320;PD-201;PD-210,appendix_g_reading;metre_source;rig_services_index;volume_tier_scope;record_signatories;report_vocabulary,appendix_g_reading=LWD_ROWS_SHIFTED;metre_source=PART_B_RUN_METRES;rig_services_index=NOT_APPLIED;volume_tier_scope=CONTRACT_WIDE;record_signatories=FORM_SIGNATORIES_REQUIRED;report_vocabulary=CODES_REQUIRED,,
MDS-01194,0,query,conditional,,,7920848,,7920848,7920848,medium,0.75,entitlement_unverified:AMB-13,0,8,LW-410;MW-310,appendix_g_reading;metre_source;rig_services_index;record_signatories;report_vocabulary,appendix_g_reading=LWD_ROWS_SHIFTED;metre_source=PART_B_RUN_METRES;rig_services_index=NOT_APPLIED;record_signatories=FORM_SIGNATORIES_REQUIRED;report_vocabulary=CODES_REQUIRED,,
MDS-01195,0,query,conditional,,,20506560,,20506560,20506560,medium,0.75,entitlement_unverified:AMB-13,0,33,DD-120;LW-410;LW-411;LW-413;MW-310;MW-320,appendix_g_reading;metre_source;rig_services_index;record_signatories;report_vocabulary,appendix_g_reading=LWD_ROWS_SHIFTED;metre_source=PART_B_RUN_METRES;rig_services_index=NOT_APPLIED;record_signatories=FORM_SIGNATORIES_REQUIRED;report_vocabulary=CODES_REQUIRED,,
MDS-01196,0,query,conditional,,,13517232,,13517232,13517232,medium,0.75,entitlement_unverified:AMB-13,0,18,DD-120;LW-410;LW-411;MW-310;MW-320,appendix_g_reading;metre_source;rig_services_index;record_signatories;report_vocabulary,appendix_g_reading=LWD_ROWS_SHIFTED;metre_source=PART_B_RUN_METRES;rig_services_index=NOT_APPLIED;record_signatories=FORM_SIGNATORIES_REQUIRED;report_vocabulary=CODES_REQUIRED,,
MDS-01197,0,query,conditional,,,15412183,,15412183,15412183,medium,0.75,entitlement_unverified:AMB-13,0,27,DD-120;LW-410;LW-411;LW-412;MW-310;MW-320;PD-201;PD-210,appendix_g_reading;metre_source;pd210_class_factor;standby_section_factor;rig_services_index;volume_tier_scope;record_signatories;report_vocabulary,appendix_g_reading=LWD_ROWS_SHIFTED;metre_source=PART_B_RUN_METRES;pd210_class_factor=APPLY;standby_section_factor=APPLY;rig_services_index=NOT_APPLIED;volume_tier_scope=CONTRACT_WIDE;record_signatories=FORM_SIGNATORIES_REQUIRED;report_vocabulary=CODES_REQUIRED,,
MDS-01198,0,query,conditional,,,17655815,,17655815,17655815,medium,0.75,entitlement_unverified:AMB-13,0,24,DD-120;MW-310;MW-320;PD-201;PD-210,rig_services_index;volume_tier_scope;report_vocabulary,rig_services_index=NOT_APPLIED;volume_tier_scope=CONTRACT_WIDE;report_vocabulary=CODES_REQUIRED,,
MDS-01199,0,query,conditional,,,9972755,,9972755,9972755,medium,0.75,entitlement_unverified:AMB-13,0,11,DD-120;LW-410;MW-310;MW-320,appendix_g_reading;metre_source;rig_services_index;record_signatories;report_vocabulary,appendix_g_reading=LWD_ROWS_SHIFTED;metre_source=PART_B_RUN_METRES;rig_services_index=NOT_APPLIED;record_signatories=FORM_SIGNATORIES_REQUIRED;report_vocabulary=CODES_REQUIRED,,
MDS-01200,0,query,conditional,,,9978866,,9978866,9978866,medium,0.75,entitlement_unverified:AMB-13,0,5,MW-310,rig_services_index;record_signatories;report_vocabulary,rig_services_index=NOT_APPLIED;record_signatories=FORM_SIGNATORIES_REQUIRED;report_vocabulary=CODES_REQUIRED,,
MDS-01201,0,query,conditional,,,16396577,,16396577,16396577,medium,0.75,entitlement_unverified:AMB-13,0,25,DD-120;LW-410;LW-411;MW-310;MW-320;PD-201;PD-210,appendix_g_reading;metre_source;pd210_class_factor;rig_services_index;volume_tier_scope;record_signatories;report_vocabulary,appendix_g_reading=LWD_ROWS_SHIFTED;metre_source=PART_B_RUN_METRES;pd210_class_factor=APPLY;rig_services_index=NOT_APPLIED;volume_tier_scope=CONTRACT_WIDE;record_signatories=FORM_SIGNATORIES_REQUIRED;report_vocabulary=CODES_REQUIRED,,
MDS-01202,0,query,conditional,,,11477768,,11477768,11477768,medium,0.75,entitlement_unverified:AMB-13,0,11,DD-120;MW-310;MW-320,rig_services_index;record_signatories;report_vocabulary,rig_services_index=NOT_APPLIED;record_signatories=FORM_SIGNATORIES_REQUIRED;report_vocabulary=CODES_REQUIRED,,
MDS-01203,0,query,conditional,,,9481802,,9481802,9481802,medium,0.75,entitlement_unverified:AMB-13,0,13,DD-120;MW-310;MW-320;PD-201;PD-210,pd210_class_factor;rig_services_index;volume_tier_scope;report_vocabulary,pd210_class_factor=APPLY;rig_services_index=NOT_APPLIED;volume_tier_scope=CONTRACT_WIDE;report_vocabulary=CODES_REQUIRED,,
MDS-01204,0,query,conditional,,,14645225,,14645225,14645225,medium,0.75,entitlement_unverified:AMB-13,0,21,DD-120;LW-410;LW-411;LW-413;MW-310;MW-320,appendix_g_reading;metre_source;rig_services_index;record_signatories;report_vocabulary,appendix_g_reading=LWD_ROWS_SHIFTED;metre_source=PART_B_RUN_METRES;rig_services_index=NOT_APPLIED;record_signatories=FORM_SIGNATORIES_REQUIRED;report_vocabulary=CODES_REQUIRED,,
MDS-01205,0,query,conditional,,,27435536,,27435536,27435536,medium,0.75,entitlement_unverified:AMB-13,0,44,DD-120;LW-410;LW-411;LW-413;MW-310;MW-320;PD-201;PD-210,appendix_g_reading;metre_source;rig_services_index;volume_tier_scope;record_signatories;report_vocabulary,appendix_g_reading=LWD_ROWS_SHIFTED;metre_source=PART_B_RUN_METRES;rig_services_index=NOT_APPLIED;volume_tier_scope=CONTRACT_WIDE;record_signatories=FORM_SIGNATORIES_REQUIRED;report_vocabulary=CODES_REQUIRED,,
MDS-01206,0,query,conditional,,,9019326,,9019326,9019326,medium,0.75,entitlement_unverified:AMB-13,0,5,LW-410;MW-310,appendix_g_reading;metre_source;rig_services_index;record_signatories;report_vocabulary,appendix_g_reading=LWD_ROWS_SHIFTED;metre_source=PART_B_RUN_METRES;rig_services_index=NOT_APPLIED;record_signatories=FORM_SIGNATORIES_REQUIRED;report_vocabulary=CODES_REQUIRED,,
MDS-01207,0,query,conditional,,,9319254,,9319254,9319254,medium,0.75,entitlement_unverified:AMB-13,0,18,DD-120;LW-410;LW-411;LW-412;MW-310;MW-320,appendix_g_reading;metre_source;rig_services_index;record_signatories;report_vocabulary,appendix_g_reading=LWD_ROWS_SHIFTED;metre_source=PART_B_RUN_METRES;rig_services_index=NOT_APPLIED;record_signatories=FORM_SIGNATORIES_REQUIRED;report_vocabulary=CODES_REQUIRED,,
MDS-01208,0,query,conditional,,,16737580,,16737580,16737580,medium,0.75,entitlement_unverified:AMB-13,0,21,DD-120;MW-310;MW-320;PD-201;PD-210,pd210_class_factor;rig_services_index;volume_tier_scope;report_vocabulary,pd210_class_factor=APPLY;rig_services_index=NOT_APPLIED;volume_tier_scope=CONTRACT_WIDE;report_vocabulary=CODES_REQUIRED,,
MDS-01209,0,query,conditional,,,13976387,,13976387,13976387,medium,0.75,entitlement_unverified:AMB-13,0,20,DD-120;LW-410;LW-411;LW-412;MW-310;MW-320;PD-201;PD-210,appendix_g_reading;metre_source;pd210_class_factor;rig_services_index;volume_tier_scope;record_signatories;report_vocabulary,appendix_g_reading=LWD_ROWS_SHIFTED;metre_source=PART_B_RUN_METRES;pd210_class_factor=APPLY;rig_services_index=NOT_APPLIED;volume_tier_scope=CONTRACT_WIDE;record_signatories=FORM_SIGNATORIES_REQUIRED;report_vocabulary=CODES_REQUIRED,,
MDS-01210,0,query,conditional,,,13631079,,13631079,13631079,medium,0.75,entitlement_unverified:AMB-13,0,18,DD-120;LW-410;LW-411;LW-413;MW-310;MW-320;PD-201;PD-210,appendix_g_reading;metre_source;pd210_class_factor;standby_section_factor;rig_services_index;volume_tier_scope;record_signatories;report_vocabulary,appendix_g_reading=LWD_ROWS_SHIFTED;metre_source=PART_B_RUN_METRES;pd210_class_factor=APPLY;standby_section_factor=APPLY;rig_services_index=NOT_APPLIED;volume_tier_scope=CONTRACT_WIDE;record_signatories=FORM_SIGNATORIES_REQUIRED;report_vocabulary=CODES_REQUIRED,,
MDS-01211,0,query,conditional,,,23868780,,23868780,23868780,medium,0.75,entitlement_unverified:AMB-13,0,36,DD-120;LW-410;LW-411;LW-413;MW-310;MW-320;PD-201;PD-210,appendix_g_reading;metre_source;rig_services_index;volume_tier_scope;record_signatories;report_vocabulary,appendix_g_reading=LWD_ROWS_SHIFTED;metre_source=PART_B_RUN_METRES;rig_services_index=NOT_APPLIED;volume_tier_scope=CONTRACT_WIDE;record_signatories=FORM_SIGNATORIES_REQUIRED;report_vocabulary=CODES_REQUIRED,,
MDS-01212,0,query,conditional,,,10816348,,10816348,10816348,medium,0.75,entitlement_unverified:AMB-13,0,7,LW-410;MW-310,appendix_g_reading;metre_source;rig_services_index;record_signatories;report_vocabulary,appendix_g_reading=LWD_ROWS_SHIFTED;metre_source=PART_B_RUN_METRES;rig_services_index=NOT_APPLIED;record_signatories=FORM_SIGNATORIES_REQUIRED;report_vocabulary=CODES_REQUIRED,,
MDS-01213,0,query,conditional,,,29573280,,29573280,29573280,medium,0.75,entitlement_unverified:AMB-13,0,29,DD-120;MW-310;MW-320;PD-201;PD-210,metre_source;pd210_class_factor;rig_services_index;volume_tier_scope;record_signatories;report_vocabulary,metre_source=PART_B_RUN_METRES;pd210_class_factor=APPLY;rig_services_index=NOT_APPLIED;volume_tier_scope=CONTRACT_WIDE;record_signatories=FORM_SIGNATORIES_REQUIRED;report_vocabulary=CODES_REQUIRED,,
MDS-01214,0,query,conditional,,,8795662,,8795662,8795662,medium,0.75,entitlement_unverified:AMB-13,0,8,DD-120;LW-410;LW-411;MW-310;MW-320,appendix_g_reading;metre_source;rig_services_index;record_signatories;report_vocabulary,appendix_g_reading=LWD_ROWS_SHIFTED;metre_source=PART_B_RUN_METRES;rig_services_index=NOT_APPLIED;record_signatories=FORM_SIGNATORIES_REQUIRED;report_vocabulary=CODES_REQUIRED,,
MDS-01215,0,query,conditional,,,13796304,,13796304,13796304,medium,0.75,entitlement_unverified:AMB-13,0,18,DD-120;MW-310;MW-320,rig_services_index;report_vocabulary,rig_services_index=NOT_APPLIED;report_vocabulary=CODES_REQUIRED,,
MDS-01216,0,query,conditional,,,12202116,,12202116,12202116,medium,0.75,entitlement_unverified:AMB-13,0,15,DD-120;LW-410;LW-411;LW-413;MW-310;MW-320,appendix_g_reading;metre_source;rig_services_index;record_signatories;report_vocabulary,appendix_g_reading=LWD_ROWS_SHIFTED;metre_source=PART_B_RUN_METRES;rig_services_index=NOT_APPLIED;record_signatories=FORM_SIGNATORIES_REQUIRED;report_vocabulary=CODES_REQUIRED,,
MDS-01217,0,query,conditional,,,9119792,,9119792,9119792,medium,0.75,entitlement_unverified:AMB-13,0,9,DD-120;LW-410;MW-310;MW-320,appendix_g_reading;metre_source;rig_services_index;record_signatories;report_vocabulary,appendix_g_reading=LWD_ROWS_SHIFTED;metre_source=PART_B_RUN_METRES;rig_services_index=NOT_APPLIED;record_signatories=FORM_SIGNATORIES_REQUIRED;report_vocabulary=CODES_REQUIRED,,
MDS-01218,0,query,conditional,,,14595356,,14595356,14595356,medium,0.75,entitlement_unverified:AMB-13,0,6,MW-310,rig_services_index;record_signatories;report_vocabulary,rig_services_index=NOT_APPLIED;record_signatories=FORM_SIGNATORIES_REQUIRED;report_vocabulary=CODES_REQUIRED,,
MDS-01219,0,query,conditional,,,13650019,,13650019,13650019,medium,0.75,entitlement_unverified:AMB-13,0,19,DD-120;LW-410;LW-411;LW-413;MW-310;MW-320;PD-201;PD-210,appendix_g_reading;metre_source;pd210_class_factor;standby_section_factor;rig_services_index;volume_tier_scope;record_signatories;report_vocabulary,appendix_g_reading=LWD_ROWS_SHIFTED;metre_source=PART_B_RUN_METRES;pd210_class_factor=APPLY;standby_section_factor=APPLY;rig_services_index=NOT_APPLIED;volume_tier_scope=CONTRACT_WIDE;record_signatories=FORM_SIGNATORIES_REQUIRED;report_vocabulary=CODES_REQUIRED,,
MDS-01220,0,query,conditional,,,20413609,,20413609,20413609,medium,0.75,entitlement_unverified:AMB-13,0,30,DD-120;LW-410;LW-411;LW-412;MW-310;MW-320;PD-201;PD-210,appendix_g_reading;metre_source;pd210_class_factor;rig_services_index;volume_tier_scope;record_signatories;report_vocabulary,appendix_g_reading=LWD_ROWS_SHIFTED;metre_source=PART_B_RUN_METRES;pd210_class_factor=APPLY;rig_services_index=NOT_APPLIED;volume_tier_scope=CONTRACT_WIDE;record_signatories=FORM_SIGNATORIES_REQUIRED;report_vocabulary=CODES_REQUIRED,,
MDS-01221,0,query,conditional,,,12686871,,12686871,12686871,medium,0.75,entitlement_unverified:AMB-13,0,5,MW-310,standby_section_factor;rig_services_index;monthly_rate_basis;record_signatories;report_vocabulary,standby_section_factor=APPLY;rig_services_index=NOT_APPLIED;monthly_rate_basis=FINAL_RATE;record_signatories=FORM_SIGNATORIES_REQUIRED;report_vocabulary=CODES_REQUIRED,,
MDS-01222,0,query,conditional,,,20965862,,20965862,20965862,medium,0.75,entitlement_unverified:AMB-13,0,30,DD-120;LW-410;LW-411;LW-413;MW-310;MW-320;PD-201;PD-210,appendix_g_reading;metre_source;standby_section_factor;rig_services_index;volume_tier_scope;record_signatories;report_vocabulary,appendix_g_reading=LWD_ROWS_SHIFTED;metre_source=PART_B_RUN_METRES;standby_section_factor=APPLY;rig_services_index=NOT_APPLIED;volume_tier_scope=CONTRACT_WIDE;record_signatories=FORM_SIGNATORIES_REQUIRED;report_vocabulary=CODES_REQUIRED,,
MDS-01223,0,query,conditional,,,13608349,,13608349,13608349,medium,0.75,entitlement_unverified:AMB-13,0,5,MW-310,rig_services_index;record_signatories;report_vocabulary,rig_services_index=NOT_APPLIED;record_signatories=FORM_SIGNATORIES_REQUIRED;report_vocabulary=CODES_REQUIRED,,
MDS-01224,0,query,conditional,,,10896220,,10896220,10896220,medium,0.75,entitlement_unverified:AMB-13,0,4,MW-310,rig_services_index;record_signatories;report_vocabulary,rig_services_index=NOT_APPLIED;record_signatories=FORM_SIGNATORIES_REQUIRED;report_vocabulary=CODES_REQUIRED,,
MDS-01225,0,query,conditional,,,5489940,,5489940,5489940,medium,0.75,entitlement_unverified:AMB-13,0,6,LW-410;MW-310,appendix_g_reading;metre_source;rig_services_index;record_signatories;report_vocabulary,appendix_g_reading=LWD_ROWS_SHIFTED;metre_source=PART_B_RUN_METRES;rig_services_index=NOT_APPLIED;record_signatories=FORM_SIGNATORIES_REQUIRED;report_vocabulary=CODES_REQUIRED,,
MDS-01226,0,query,conditional,,,16113576,,16113576,16113576,medium,0.75,entitlement_unverified:AMB-13,0,22,DD-120;LW-410;LW-411;MW-310;MW-320;PD-201;PD-210,appendix_g_reading;metre_source;pd210_class_factor;rig_services_index;volume_tier_scope;record_signatories;report_vocabulary,appendix_g_reading=LWD_ROWS_SHIFTED;metre_source=PART_B_RUN_METRES;pd210_class_factor=APPLY;rig_services_index=NOT_APPLIED;volume_tier_scope=CONTRACT_WIDE;record_signatories=FORM_SIGNATORIES_REQUIRED;report_vocabulary=CODES_REQUIRED,,
MDS-01227,0,query,conditional,,,7181522,,7181522,7181522,medium,0.75,entitlement_unverified:AMB-13,0,8,LW-410;MW-310,appendix_g_reading;metre_source;rig_services_index;record_signatories;report_vocabulary,appendix_g_reading=LWD_ROWS_SHIFTED;metre_source=PART_B_RUN_METRES;rig_services_index=NOT_APPLIED;record_signatories=FORM_SIGNATORIES_REQUIRED;report_vocabulary=CODES_REQUIRED,,
MDS-01228,0,query,conditional,,,20972320,,20972320,20972320,medium,0.75,entitlement_unverified:AMB-13,0,35,DD-120;LW-410;LW-411;MW-310;MW-320;PD-201;PD-210,appendix_g_reading;metre_source;rig_services_index;volume_tier_scope;record_signatories;report_vocabulary,appendix_g_reading=LWD_ROWS_SHIFTED;metre_source=PART_B_RUN_METRES;rig_services_index=NOT_APPLIED;volume_tier_scope=CONTRACT_WIDE;record_signatories=FORM_SIGNATORIES_REQUIRED;report_vocabulary=CODES_REQUIRED,,
MDS-01229,0,query,conditional,,,14062107,,14062107,14062107,medium,0.75,entitlement_unverified:AMB-13,0,14,DD-120;MW-310;MW-320;PD-201;PD-210,metre_source;pd210_class_factor;rig_services_index;volume_tier_scope;record_signatories;report_vocabulary,metre_source=PART_B_RUN_METRES;pd210_class_factor=APPLY;rig_services_index=NOT_APPLIED;volume_tier_scope=CONTRACT_WIDE;record_signatories=FORM_SIGNATORIES_REQUIRED;report_vocabulary=CODES_REQUIRED,,
MDS-01230,0,query,conditional,,,11425822,,11425822,11425822,medium,0.75,entitlement_unverified:AMB-13,0,18,DD-120;LW-410;LW-411;MW-310;MW-320,appendix_g_reading;metre_source;rig_services_index;record_signatories;report_vocabulary,appendix_g_reading=LWD_ROWS_SHIFTED;metre_source=PART_B_RUN_METRES;rig_services_index=NOT_APPLIED;record_signatories=FORM_SIGNATORIES_REQUIRED;report_vocabulary=CODES_REQUIRED,,
MDS-01231,0,query,conditional,,,26820326,,26820326,26820326,medium,0.75,entitlement_unverified:AMB-13,0,42,DD-120;LW-410;LW-411;LW-412;LW-413;MW-310;MW-320;PD-201;PD-210,appendix_g_reading;metre_source;pd210_class_factor;rig_services_index;volume_tier_scope;record_signatories;report_vocabulary,appendix_g_reading=LWD_ROWS_SHIFTED;metre_source=PART_B_RUN_METRES;pd210_class_factor=APPLY;rig_services_index=NOT_APPLIED;volume_tier_scope=CONTRACT_WIDE;record_signatories=FORM_SIGNATORIES_REQUIRED;report_vocabulary=CODES_REQUIRED,,
MDS-01232,0,query,conditional,,,12711549,,12711549,12711549,medium,0.75,entitlement_unverified:AMB-13,0,8,DD-120;MW-310;MW-320,rig_services_index;record_signatories;report_vocabulary,rig_services_index=NOT_APPLIED;record_signatories=FORM_SIGNATORIES_REQUIRED;report_vocabulary=CODES_REQUIRED,,
MDS-01233,0,query,conditional,,,15215156,,15215156,15215156,medium,0.75,entitlement_unverified:AMB-13,0,6,MW-310,rig_services_index;record_signatories;report_vocabulary,rig_services_index=NOT_APPLIED;record_signatories=FORM_SIGNATORIES_REQUIRED;report_vocabulary=CODES_REQUIRED,,
MDS-01234,0,query,conditional,,,4524172,,4524172,4524172,medium,0.75,entitlement_unverified:AMB-13,0,3,MW-310,standby_section_factor;rig_services_index;monthly_rate_basis;report_vocabulary,standby_section_factor=APPLY;rig_services_index=NOT_APPLIED;monthly_rate_basis=FINAL_RATE;report_vocabulary=CODES_REQUIRED,,
MDS-01235,0,query,conditional,,,9440592,,9440592,9440592,medium,0.75,entitlement_unverified:AMB-13,0,9,LW-410;MW-310,appendix_g_reading;metre_source;standby_section_factor;rig_services_index;record_signatories;report_vocabulary,appendix_g_reading=LWD_ROWS_SHIFTED;metre_source=PART_B_RUN_METRES;standby_section_factor=APPLY;rig_services_index=NOT_APPLIED;record_signatories=FORM_SIGNATORIES_REQUIRED;report_vocabulary=CODES_REQUIRED,,
MDS-01236,0,query,conditional,,,7337426,,7337426,7337426,medium,0.75,entitlement_unverified:AMB-13,0,4,MW-310,rig_services_index;record_signatories;report_vocabulary,rig_services_index=NOT_APPLIED;record_signatories=FORM_SIGNATORIES_REQUIRED;report_vocabulary=CODES_REQUIRED,,
MDS-01237,0,query,conditional,,,8410294,,8410294,8410294,medium,0.75,entitlement_unverified:AMB-13,0,4,MW-310,rig_services_index;record_signatories;report_vocabulary,rig_services_index=NOT_APPLIED;record_signatories=FORM_SIGNATORIES_REQUIRED;report_vocabulary=CODES_REQUIRED,,
MDS-01238,0,query,conditional,,,25200906,,25200906,25200906,medium,0.75,entitlement_unverified:AMB-13,0,40,DD-120;LW-410;LW-411;LW-412;MW-310;MW-320;PD-201;PD-210,appendix_g_reading;metre_source;pd210_class_factor;rig_services_index;volume_tier_scope;record_signatories;report_vocabulary,appendix_g_reading=LWD_ROWS_SHIFTED;metre_source=PART_B_RUN_METRES;pd210_class_factor=APPLY;rig_services_index=NOT_APPLIED;volume_tier_scope=CONTRACT_WIDE;record_signatories=FORM_SIGNATORIES_REQUIRED;report_vocabulary=CODES_REQUIRED,,
MDS-01239,0,query,conditional,,,8523844,,8523844,8523844,medium,0.75,entitlement_unverified:AMB-13,0,5,LW-410;MW-310,appendix_g_reading;metre_source;rig_services_index;record_signatories;report_vocabulary,appendix_g_reading=LWD_ROWS_SHIFTED;metre_source=PART_B_RUN_METRES;rig_services_index=NOT_APPLIED;record_signatories=FORM_SIGNATORIES_REQUIRED;report_vocabulary=CODES_REQUIRED,,
MDS-01240,0,query,conditional,,,9710181,,9710181,9710181,medium,0.75,entitlement_unverified:AMB-13,0,10,LW-410;MW-310,appendix_g_reading;metre_source;rig_services_index;record_signatories;report_vocabulary,appendix_g_reading=LWD_ROWS_SHIFTED;metre_source=PART_B_RUN_METRES;rig_services_index=NOT_APPLIED;record_signatories=FORM_SIGNATORIES_REQUIRED;report_vocabulary=CODES_REQUIRED,,
MDS-01241,0,query,conditional,,,16117005,,16117005,16117005,medium,0.75,entitlement_unverified:AMB-13,0,26,DD-120;LW-410;LW-411;LW-413;MW-310;MW-320,appendix_g_reading;metre_source;rig_services_index;record_signatories;report_vocabulary,appendix_g_reading=LWD_ROWS_SHIFTED;metre_source=PART_B_RUN_METRES;rig_services_index=NOT_APPLIED;record_signatories=FORM_SIGNATORIES_REQUIRED;report_vocabulary=CODES_REQUIRED,,
MDS-01242,0,query,conditional,,,5925030,,5925030,5925030,medium,0.75,entitlement_unverified:AMB-13,0,3,MW-310,rig_services_index;record_signatories;report_vocabulary,rig_services_index=NOT_APPLIED;record_signatories=FORM_SIGNATORIES_REQUIRED;report_vocabulary=CODES_REQUIRED,,
MDS-01243,0,query,conditional,,,10090691,,10090691,10090691,medium,0.75,entitlement_unverified:AMB-13,0,15,DD-120;LW-410;LW-411;MW-310;MW-320;PD-201;PD-210,appendix_g_reading;metre_source;rig_services_index;volume_tier_scope;record_signatories;report_vocabulary,appendix_g_reading=LWD_ROWS_SHIFTED;metre_source=PART_B_RUN_METRES;rig_services_index=NOT_APPLIED;volume_tier_scope=CONTRACT_WIDE;record_signatories=FORM_SIGNATORIES_REQUIRED;report_vocabulary=CODES_REQUIRED,,
MDS-01244,0,query,conditional,,,11123953,,11123953,11123953,medium,0.75,entitlement_unverified:AMB-13,0,14,DD-120;LW-410;LW-411;LW-412;LW-413;MW-310;MW-320;PD-201;PD-210,appendix_g_reading;metre_source;pd210_class_factor;rig_services_index;volume_tier_scope;record_signatories;report_vocabulary,appendix_g_reading=LWD_ROWS_SHIFTED;metre_source=PART_B_RUN_METRES;pd210_class_factor=APPLY;rig_services_index=NOT_APPLIED;volume_tier_scope=CONTRACT_WIDE;record_signatories=FORM_SIGNATORIES_REQUIRED;report_vocabulary=CODES_REQUIRED,,
MDS-01245,0,query,conditional,,,13806422,,13806422,13806422,medium,0.75,entitlement_unverified:AMB-13,0,5,MW-310,rig_services_index;record_signatories;report_vocabulary,rig_services_index=NOT_APPLIED;record_signatories=FORM_SIGNATORIES_REQUIRED;report_vocabulary=CODES_REQUIRED,,
MDS-01246,0,query,conditional,,,3967237,,3967237,3967237,medium,0.75,entitlement_unverified:AMB-13,0,3,MW-310,standby_section_factor;rig_services_index;monthly_rate_basis;report_vocabulary,standby_section_factor=APPLY;rig_services_index=NOT_APPLIED;monthly_rate_basis=FINAL_RATE;report_vocabulary=CODES_REQUIRED,,
MDS-01247,0,query,conditional,,,6500596,,6500596,6500596,medium,0.75,entitlement_unverified:AMB-13,0,5,DD-120;MW-310;MW-320,rig_services_index;record_signatories;report_vocabulary,rig_services_index=NOT_APPLIED;record_signatories=FORM_SIGNATORIES_REQUIRED;report_vocabulary=CODES_REQUIRED,,
MDS-01248,0,query,conditional,,,16356324,,16356324,16356324,medium,0.75,entitlement_unverified:AMB-13,0,15,DD-120;MW-310;MW-320,metre_source;rig_services_index;record_signatories;report_vocabulary,metre_source=PART_B_RUN_METRES;rig_services_index=NOT_APPLIED;record_signatories=FORM_SIGNATORIES_REQUIRED;report_vocabulary=CODES_REQUIRED,,
MDS-01249,0,query,conditional,,,5534125,,5534125,5534125,medium,0.75,entitlement_unverified:AMB-13,0,3,MW-310,rig_services_index;record_signatories;report_vocabulary,rig_services_index=NOT_APPLIED;record_signatories=FORM_SIGNATORIES_REQUIRED;report_vocabulary=CODES_REQUIRED,,
MDS-01250,0,query,conditional,,,13921491,,13921491,13921491,medium,0.75,entitlement_unverified:AMB-13,0,14,DD-120;MW-310;MW-320,rig_services_index;record_signatories;report_vocabulary,rig_services_index=NOT_APPLIED;record_signatories=FORM_SIGNATORIES_REQUIRED;report_vocabulary=CODES_REQUIRED,,
MDS-01251,0,query,conditional,,,34222029,,34222029,34222029,medium,0.75,entitlement_unverified:AMB-13,0,44,DD-120;LW-410;LW-411;LW-412;LW-413;MW-310;MW-320;PD-201;PD-210,appendix_g_reading;metre_source;pd210_class_factor;rig_services_index;volume_tier_scope;record_signatories;report_vocabulary,appendix_g_reading=LWD_ROWS_SHIFTED;metre_source=PART_B_RUN_METRES;pd210_class_factor=APPLY;rig_services_index=NOT_APPLIED;volume_tier_scope=CONTRACT_WIDE;record_signatories=FORM_SIGNATORIES_REQUIRED;report_vocabulary=CODES_REQUIRED,,
MDS-01252,0,query,conditional,,,6981612,,6981612,6981612,medium,0.75,entitlement_unverified:AMB-13,0,3,LW-410;MW-310,appendix_g_reading;metre_source;rig_services_index;record_signatories;report_vocabulary,appendix_g_reading=LWD_ROWS_SHIFTED;metre_source=PART_B_RUN_METRES;rig_services_index=NOT_APPLIED;record_signatories=FORM_SIGNATORIES_REQUIRED;report_vocabulary=CODES_REQUIRED,,
MDS-01253,0,query,conditional,,,9332811,,9332811,9332811,medium,0.75,entitlement_unverified:AMB-13,0,10,LW-410;MW-310,appendix_g_reading;metre_source;rig_services_index;record_signatories;report_vocabulary,appendix_g_reading=LWD_ROWS_SHIFTED;metre_source=PART_B_RUN_METRES;rig_services_index=NOT_APPLIED;record_signatories=FORM_SIGNATORIES_REQUIRED;report_vocabulary=CODES_REQUIRED,,
MDS-01254,0,query,conditional,,,6940129,,6940129,6940129,medium,0.75,entitlement_unverified:AMB-13,0,3,LW-410;MW-310,appendix_g_reading;metre_source;rig_services_index;record_signatories;report_vocabulary,appendix_g_reading=LWD_ROWS_SHIFTED;metre_source=PART_B_RUN_METRES;rig_services_index=NOT_APPLIED;record_signatories=FORM_SIGNATORIES_REQUIRED;report_vocabulary=CODES_REQUIRED,,
MDS-01255,0,query,conditional,,,16822942,,16822942,16822942,medium,0.75,entitlement_unverified:AMB-13,0,27,DD-120;LW-410;LW-411;LW-413;MW-310;MW-320,appendix_g_reading;metre_source;rig_services_index;record_signatories;report_vocabulary,appendix_g_reading=LWD_ROWS_SHIFTED;metre_source=PART_B_RUN_METRES;rig_services_index=NOT_APPLIED;record_signatories=FORM_SIGNATORIES_REQUIRED;report_vocabulary=CODES_REQUIRED,,
MDS-01256,0,query,conditional,,,10650887,,10650887,10650887,medium,0.75,entitlement_unverified:AMB-13,0,7,DD-120;MW-310;MW-320,rig_services_index;record_signatories;report_vocabulary,rig_services_index=NOT_APPLIED;record_signatories=FORM_SIGNATORIES_REQUIRED;report_vocabulary=CODES_REQUIRED,,
MDS-01257,0,query,conditional,,,14755229,,14755229,14755229,medium,0.75,entitlement_unverified:AMB-13,0,18,DD-120;MW-310;MW-320,rig_services_index;report_vocabulary,rig_services_index=NOT_APPLIED;report_vocabulary=CODES_REQUIRED,,
MDS-01258,0,query,conditional,,,9483825,,9483825,9483825,medium,0.75,entitlement_unverified:AMB-13,0,3,MW-310,rig_services_index;record_signatories;report_vocabulary,rig_services_index=NOT_APPLIED;record_signatories=FORM_SIGNATORIES_REQUIRED;submission_date=INVOICE_DATE_IS_SUBMISSION;report_vocabulary=CODES_REQUIRED,,"invoice dated 2026-03-26, 2 day(s) before its period ended on 2026-03-28; the submission date is not in the data (AMB-25), so Clause 33 is not judged"
MDS-01259,0,query,conditional,,,23323059,,23323059,23323059,medium,0.75,entitlement_unverified:AMB-13,0,5,DD-120;MW-310;MW-320,rig_services_index;lih_replacement_value;record_signatories;report_vocabulary,rig_services_index=NOT_APPLIED;lih_replacement_value=SCHEDULE_6_USD;record_signatories=FORM_SIGNATORIES_REQUIRED;report_vocabulary=CODES_REQUIRED,,
MDS-01260,0,query,conditional,,,14999889,,14999889,14999889,medium,0.75,entitlement_unverified:AMB-13,0,6,MW-310,rig_services_index;record_signatories;report_vocabulary,rig_services_index=NOT_APPLIED;record_signatories=FORM_SIGNATORIES_REQUIRED;report_vocabulary=CODES_REQUIRED,,
MDS-01261,0,query,conditional,,,11348865,,11348865,11348865,medium,0.75,entitlement_unverified:AMB-13,0,7,DD-120;MW-310;MW-320,rig_services_index;record_signatories;report_vocabulary,rig_services_index=NOT_APPLIED;record_signatories=FORM_SIGNATORIES_REQUIRED;report_vocabulary=CODES_REQUIRED,,
MDS-01262,0,query,conditional,,,11489258,,11489258,11489258,medium,0.75,entitlement_unverified:AMB-13,0,4,MW-310,rig_services_index;record_signatories;report_vocabulary,rig_services_index=NOT_APPLIED;record_signatories=FORM_SIGNATORIES_REQUIRED;report_vocabulary=CODES_REQUIRED,,
MDS-01263,0,query,conditional,,,11746105,,11746105,11746105,medium,0.75,entitlement_unverified:AMB-13,0,17,DD-120;LW-410;LW-411;MW-310;MW-320,appendix_g_reading;metre_source;standby_section_factor;rig_services_index;monthly_rate_basis;record_signatories;report_vocabulary,appendix_g_reading=LWD_ROWS_SHIFTED;metre_source=PART_B_RUN_METRES;standby_section_factor=APPLY;rig_services_index=NOT_APPLIED;monthly_rate_basis=FINAL_RATE;record_signatories=FORM_SIGNATORIES_REQUIRED;report_vocabulary=CODES_REQUIRED,,
MDS-01264,0,query,conditional,,,7850612,,7850612,7850612,medium,0.75,entitlement_unverified:AMB-13,0,5,MW-310,standby_section_factor;rig_services_index;monthly_rate_basis;report_vocabulary,standby_section_factor=APPLY;rig_services_index=NOT_APPLIED;monthly_rate_basis=FINAL_RATE;report_vocabulary=CODES_REQUIRED,,
MDS-01265,1,part-reject,conditional,quantity_exceeds_record,quantity_exceeds_record,10878282,,10637375,10637375,high,0.95,entitlement_unverified:AMB-13,1,12,DD-120;LW-410;LW-411;LW-412;MW-310;MW-320;PD-201;PD-210,appendix_g_reading;metre_source;pd210_class_factor;rig_services_index;volume_tier_scope;record_signatories;report_vocabulary,,,
MDS-01266,0,query,conditional,,,19943507,,19943507,19943507,medium,0.75,entitlement_unverified:AMB-13,0,18,DD-120;MW-310;MW-320,metre_source;rig_services_index;monthly_rate_basis;record_signatories;report_vocabulary,metre_source=PART_B_RUN_METRES;rig_services_index=NOT_APPLIED;monthly_rate_basis=FINAL_RATE;record_signatories=FORM_SIGNATORIES_REQUIRED;report_vocabulary=CODES_REQUIRED,,
MDS-01267,0,query,conditional,,,6395024,,6395024,6395024,medium,0.75,entitlement_unverified:AMB-13,0,9,DD-120;MW-310;MW-320,rig_services_index;report_vocabulary,rig_services_index=NOT_APPLIED;report_vocabulary=CODES_REQUIRED,,
MDS-01268,1,part-reject,conditional,unsupported_service,unsupported_service,5197663,,5057300,5057300,high,0.95,entitlement_unverified:AMB-13,1,1,MW-310,rig_services_index;record_signatories;report_vocabulary,,,
MDS-01269,0,query,conditional,,,11930569,,11930569,11930569,medium,0.75,entitlement_unverified:AMB-13,0,12,DD-120;LW-410;MW-310;MW-320,appendix_g_reading;metre_source;standby_section_factor;rig_services_index;record_signatories;report_vocabulary,appendix_g_reading=LWD_ROWS_SHIFTED;metre_source=PART_B_RUN_METRES;standby_section_factor=APPLY;rig_services_index=NOT_APPLIED;record_signatories=FORM_SIGNATORIES_REQUIRED;report_vocabulary=CODES_REQUIRED,,
MDS-01270,0,query,conditional,,,9510805,,9510805,9510805,medium,0.75,entitlement_unverified:AMB-13,0,9,DD-120;MW-310;MW-320,metre_source;rig_services_index;record_signatories;report_vocabulary,metre_source=PART_B_RUN_METRES;rig_services_index=NOT_APPLIED;record_signatories=FORM_SIGNATORIES_REQUIRED;report_vocabulary=CODES_REQUIRED,,
MDS-01271,0,query,conditional,,,15475001,,15475001,15475001,medium,0.75,entitlement_unverified:AMB-13,0,6,MW-310,rig_services_index;record_signatories;report_vocabulary,rig_services_index=NOT_APPLIED;record_signatories=FORM_SIGNATORIES_REQUIRED;report_vocabulary=CODES_REQUIRED,,
MDS-01272,0,query,conditional,,,11252870,,11252870,11252870,medium,0.75,entitlement_unverified:AMB-13,0,4,MW-310,rig_services_index;record_signatories;report_vocabulary,rig_services_index=NOT_APPLIED;record_signatories=FORM_SIGNATORIES_REQUIRED;report_vocabulary=CODES_REQUIRED,,
MDS-01273,1,part-reject,conditional,superseded_rate,superseded_rate,16077476,,16076532,16076532,high,0.95,entitlement_unverified:AMB-13,1,22,DD-120;LW-410;LW-411;MW-310;MW-320,appendix_g_reading;metre_source;rig_services_index;monthly_rate_basis;record_signatories;report_vocabulary,,,
MDS-01274,0,query,conditional,,,4989659,,4989659,4989659,medium,0.75,entitlement_unverified:AMB-13,0,3,MW-310,rig_services_index;report_vocabulary,rig_services_index=NOT_APPLIED;report_vocabulary=CODES_REQUIRED,,
MDS-01275,0,query,conditional,,,12230789,,12230789,12230789,medium,0.75,entitlement_unverified:AMB-13,0,12,DD-120;MW-310;MW-320,metre_source;rig_services_index;record_signatories;report_vocabulary,metre_source=PART_B_RUN_METRES;rig_services_index=NOT_APPLIED;record_signatories=FORM_SIGNATORIES_REQUIRED;report_vocabulary=CODES_REQUIRED,,
MDS-01276,0,query,conditional,,,49858947,,49858947,49858947,medium,0.75,entitlement_unverified:AMB-13,0,15,DD-120;MW-310;MW-320,rig_services_index;lih_replacement_value;record_signatories;report_vocabulary,rig_services_index=NOT_APPLIED;lih_replacement_value=SCHEDULE_6_USD;record_signatories=FORM_SIGNATORIES_REQUIRED;report_vocabulary=CODES_REQUIRED,,
MDS-01277,0,query,conditional,,,5723644,,5723644,5723644,medium,0.75,entitlement_unverified:AMB-13,0,3,MW-310,rig_services_index;record_signatories;report_vocabulary,rig_services_index=NOT_APPLIED;record_signatories=FORM_SIGNATORIES_REQUIRED;report_vocabulary=CODES_REQUIRED,,
MDS-01278,0,query,conditional,,,18750142,,18750142,18750142,medium,0.75,entitlement_unverified:AMB-13,0,32,DD-120;LW-410;LW-411;LW-413;MW-310;MW-320,appendix_g_reading;metre_source;rig_services_index;monthly_rate_basis;record_signatories;report_vocabulary,appendix_g_reading=LWD_ROWS_SHIFTED;metre_source=PART_B_RUN_METRES;rig_services_index=NOT_APPLIED;monthly_rate_basis=FINAL_RATE;record_signatories=FORM_SIGNATORIES_REQUIRED;report_vocabulary=CODES_REQUIRED,,
MDS-01279,0,query,conditional,,,12110151,,12110151,12110151,medium,0.75,entitlement_unverified:AMB-13,0,12,DD-120;MW-310;MW-320,metre_source;rig_services_index;record_signatories;report_vocabulary,metre_source=PART_B_RUN_METRES;rig_services_index=NOT_APPLIED;record_signatories=FORM_SIGNATORIES_REQUIRED;report_vocabulary=CODES_REQUIRED,,
MDS-01280,0,query,conditional,,,14221707,,14221707,14221707,medium,0.75,entitlement_unverified:AMB-13,0,13,DD-120;MW-310;MW-320;PD-201;PD-210,rig_services_index;volume_tier_scope;record_signatories;report_vocabulary,rig_services_index=NOT_APPLIED;volume_tier_scope=CONTRACT_WIDE;record_signatories=FORM_SIGNATORIES_REQUIRED;report_vocabulary=CODES_REQUIRED,,
MDS-01281,0,query,conditional,,,9697962,,9697962,9697962,medium,0.75,entitlement_unverified:AMB-13,0,5,MW-310,rig_services_index;record_signatories;report_vocabulary,rig_services_index=NOT_APPLIED;record_signatories=FORM_SIGNATORIES_REQUIRED;report_vocabulary=CODES_REQUIRED,,
MDS-01282,0,query,conditional,,,5683753,,5683753,5683753,medium,0.75,entitlement_unverified:AMB-13,0,3,MW-310,rig_services_index;record_signatories;report_vocabulary,rig_services_index=NOT_APPLIED;record_signatories=FORM_SIGNATORIES_REQUIRED;report_vocabulary=CODES_REQUIRED,,
MDS-01283,0,query,conditional,,,12710896,,12710896,12710896,medium,0.75,entitlement_unverified:AMB-13,0,5,MW-310,rig_services_index;record_signatories;report_vocabulary,rig_services_index=NOT_APPLIED;record_signatories=FORM_SIGNATORIES_REQUIRED;report_vocabulary=CODES_REQUIRED,,
MDS-01284,0,query,conditional,,,16210993,,16210993,16210993,medium,0.75,entitlement_unverified:AMB-13,0,18,DD-120;LW-410;LW-411;LW-412;MW-310;MW-320,appendix_g_reading;metre_source;rig_services_index;monthly_rate_basis;record_signatories;report_vocabulary,appendix_g_reading=LWD_ROWS_SHIFTED;metre_source=PART_B_RUN_METRES;rig_services_index=NOT_APPLIED;monthly_rate_basis=FINAL_RATE;record_signatories=FORM_SIGNATORIES_REQUIRED;report_vocabulary=CODES_REQUIRED,,
MDS-01285,0,query,conditional,,,9000355,,9000355,9000355,medium,0.75,entitlement_unverified:AMB-13,0,7,DD-120;MW-310;MW-320;PD-201;PD-210,pd210_class_factor;rig_services_index;monthly_rate_basis;volume_tier_scope;record_signatories;report_vocabulary,pd210_class_factor=APPLY;rig_services_index=NOT_APPLIED;monthly_rate_basis=FINAL_RATE;volume_tier_scope=CONTRACT_WIDE;record_signatories=FORM_SIGNATORIES_REQUIRED;report_vocabulary=CODES_REQUIRED,,
MDS-01286,0,query,conditional,,,11967128,,11967128,11967128,medium,0.75,entitlement_unverified:AMB-13,0,9,LW-410;MW-310,appendix_g_reading;metre_source;rig_services_index;record_signatories;report_vocabulary,appendix_g_reading=LWD_ROWS_SHIFTED;metre_source=PART_B_RUN_METRES;rig_services_index=NOT_APPLIED;record_signatories=FORM_SIGNATORIES_REQUIRED;report_vocabulary=CODES_REQUIRED,,
MDS-01287,0,query,conditional,,,8885689,,8885689,8885689,medium,0.75,entitlement_unverified:AMB-13,0,9,DD-120;MW-310;MW-320,metre_source;rig_services_index;record_signatories;report_vocabulary,metre_source=PART_B_RUN_METRES;rig_services_index=NOT_APPLIED;record_signatories=FORM_SIGNATORIES_REQUIRED;report_vocabulary=CODES_REQUIRED,,
MDS-01288,0,query,conditional,,,5592165,,5592165,5592165,medium,0.75,entitlement_unverified:AMB-13,0,3,MW-310,rig_services_index;record_signatories;report_vocabulary,rig_services_index=NOT_APPLIED;record_signatories=FORM_SIGNATORIES_REQUIRED;report_vocabulary=CODES_REQUIRED,,
MDS-01289,0,query,conditional,,,7440862,,7440862,7440862,medium,0.75,entitlement_unverified:AMB-13,0,12,DD-120;LW-410;LW-411;MW-310;MW-320,appendix_g_reading;metre_source;standby_section_factor;rig_services_index;monthly_rate_basis;record_signatories;report_vocabulary,appendix_g_reading=LWD_ROWS_SHIFTED;metre_source=PART_B_RUN_METRES;standby_section_factor=APPLY;rig_services_index=NOT_APPLIED;monthly_rate_basis=FINAL_RATE;record_signatories=FORM_SIGNATORIES_REQUIRED;report_vocabulary=CODES_REQUIRED,,
MDS-01290,0,query,conditional,,,9568534,,9568534,9568534,medium,0.75,entitlement_unverified:AMB-13,0,16,DD-120;LW-410;LW-411;LW-413;MW-310;MW-320,appendix_g_reading;metre_source;rig_services_index;monthly_rate_basis;record_signatories;report_vocabulary,appendix_g_reading=LWD_ROWS_SHIFTED;metre_source=PART_B_RUN_METRES;rig_services_index=NOT_APPLIED;monthly_rate_basis=FINAL_RATE;record_signatories=FORM_SIGNATORIES_REQUIRED;report_vocabulary=CODES_REQUIRED,,
MDS-01291,0,query,conditional,,,15500385,,15500385,15500385,medium,0.75,entitlement_unverified:AMB-13,0,26,DD-120;LW-410;LW-411;LW-413;MW-310;MW-320,appendix_g_reading;metre_source;rig_services_index;monthly_rate_basis;record_signatories;report_vocabulary,appendix_g_reading=LWD_ROWS_SHIFTED;metre_source=PART_B_RUN_METRES;rig_services_index=NOT_APPLIED;monthly_rate_basis=FINAL_RATE;record_signatories=FORM_SIGNATORIES_REQUIRED;report_vocabulary=CODES_REQUIRED,,
MDS-01292,0,query,conditional,,,10246717,,10246717,10246717,medium,0.75,entitlement_unverified:AMB-13,0,6,MW-310,standby_section_factor;rig_services_index;monthly_rate_basis;record_signatories;report_vocabulary,standby_section_factor=APPLY;rig_services_index=NOT_APPLIED;monthly_rate_basis=FINAL_RATE;record_signatories=FORM_SIGNATORIES_REQUIRED;report_vocabulary=CODES_REQUIRED,,
MDS-01293,0,query,conditional,,,13059945,,13059945,13059945,medium,0.75,entitlement_unverified:AMB-13,0,18,DD-120;MW-310;MW-320;PD-201;PD-210,rig_services_index;volume_tier_scope;report_vocabulary,rig_services_index=NOT_APPLIED;volume_tier_scope=CONTRACT_WIDE;report_vocabulary=CODES_REQUIRED,,
MDS-01294,0,query,conditional,,,12476342,,12476342,12476342,medium,0.75,entitlement_unverified:AMB-13,0,15,DD-120;MW-310;MW-320;PD-201;PD-210,pd210_class_factor;rig_services_index;monthly_rate_basis;volume_tier_scope;report_vocabulary,pd210_class_factor=APPLY;rig_services_index=NOT_APPLIED;monthly_rate_basis=FINAL_RATE;volume_tier_scope=CONTRACT_WIDE;report_vocabulary=CODES_REQUIRED,,
MDS-01295,0,query,conditional,,,8318653,,8318653,8318653,medium,0.75,entitlement_unverified:AMB-13,0,15,DD-120;LW-410;LW-411;MW-310;MW-320,appendix_g_reading;metre_source;rig_services_index;monthly_rate_basis;record_signatories;report_vocabulary,appendix_g_reading=LWD_ROWS_SHIFTED;metre_source=PART_B_RUN_METRES;rig_services_index=NOT_APPLIED;monthly_rate_basis=FINAL_RATE;record_signatories=FORM_SIGNATORIES_REQUIRED;report_vocabulary=CODES_REQUIRED,,
MDS-01296,0,query,conditional,,,67341896,,67341896,67341896,medium,0.75,entitlement_unverified:AMB-13,0,11,DD-120;LW-410;LW-411;LW-413;MW-310;MW-320,appendix_g_reading;standby_section_factor;rig_services_index;monthly_rate_basis;lih_replacement_value;record_signatories;report_vocabulary,appendix_g_reading=LWD_ROWS_SHIFTED;standby_section_factor=APPLY;rig_services_index=NOT_APPLIED;monthly_rate_basis=FINAL_RATE;lih_replacement_value=SCHEDULE_6_USD;record_signatories=FORM_SIGNATORIES_REQUIRED;report_vocabulary=CODES_REQUIRED,,
MDS-01297,0,query,conditional,,,10916237,,10916237,10916237,medium,0.75,entitlement_unverified:AMB-13,0,15,DD-120;MW-310;MW-320;PD-201;PD-210,rig_services_index;volume_tier_scope;report_vocabulary,rig_services_index=NOT_APPLIED;volume_tier_scope=CONTRACT_WIDE;report_vocabulary=CODES_REQUIRED,,
MDS-01298,0,query,conditional,,,17002637,,17002637,17002637,medium,0.75,entitlement_unverified:AMB-13,0,17,DD-120;MW-310;MW-320;PD-201;PD-210,pd210_class_factor;rig_services_index;monthly_rate_basis;volume_tier_scope;record_signatories;report_vocabulary,pd210_class_factor=APPLY;rig_services_index=NOT_APPLIED;monthly_rate_basis=FINAL_RATE;volume_tier_scope=CONTRACT_WIDE;record_signatories=FORM_SIGNATORIES_REQUIRED;report_vocabulary=CODES_REQUIRED,,
MDS-01299,0,query,conditional,,,16184748,,16184748,16184748,medium,0.75,entitlement_unverified:AMB-13,0,30,DD-120;LW-410;LW-411;MW-310;MW-320,appendix_g_reading;metre_source;rig_services_index;monthly_rate_basis;record_signatories;report_vocabulary,appendix_g_reading=LWD_ROWS_SHIFTED;metre_source=PART_B_RUN_METRES;rig_services_index=NOT_APPLIED;monthly_rate_basis=FINAL_RATE;record_signatories=FORM_SIGNATORIES_REQUIRED;report_vocabulary=CODES_REQUIRED,,
MDS-01300,0,query,conditional,,,9456087,,9456087,9456087,medium,0.75,entitlement_unverified:AMB-13,0,15,DD-120;LW-410;LW-411;MW-310;MW-320,appendix_g_reading;metre_source;rig_services_index;monthly_rate_basis;record_signatories;report_vocabulary,appendix_g_reading=LWD_ROWS_SHIFTED;metre_source=PART_B_RUN_METRES;rig_services_index=NOT_APPLIED;monthly_rate_basis=FINAL_RATE;record_signatories=FORM_SIGNATORIES_REQUIRED;report_vocabulary=CODES_REQUIRED,,
MDS-01301,0,query,conditional,,,10303512,,10303512,10303512,medium,0.75,entitlement_unverified:AMB-13,0,6,MW-310,standby_section_factor;rig_services_index;monthly_rate_basis;record_signatories;report_vocabulary,standby_section_factor=APPLY;rig_services_index=NOT_APPLIED;monthly_rate_basis=FINAL_RATE;record_signatories=FORM_SIGNATORIES_REQUIRED;report_vocabulary=CODES_REQUIRED,,
MDS-01302,1,part-reject,conditional,factor_misapplied,factor_misapplied,11630769,,11640065,11640065,medium,0.75,entitlement_unverified:AMB-13,1,20,DD-120;LW-410;LW-411;LW-412;MW-310;MW-320,appendix_g_reading;metre_source;standby_section_factor;rig_services_index;monthly_rate_basis;record_signatories;report_vocabulary,,standby_section_factor=APPLY,
MDS-01303,0,query,conditional,,,25503102,,25503102,25503102,medium,0.75,entitlement_unverified:AMB-13,0,32,DD-120;LW-410;LW-411;LW-412;LW-413;MW-310;MW-320;PD-201;PD-210,appendix_g_reading;pd210_class_factor;rig_services_index;monthly_rate_basis;volume_tier_scope;record_signatories;report_vocabulary,appendix_g_reading=LWD_ROWS_SHIFTED;pd210_class_factor=APPLY;rig_services_index=NOT_APPLIED;monthly_rate_basis=FINAL_RATE;volume_tier_scope=CONTRACT_WIDE;record_signatories=FORM_SIGNATORIES_REQUIRED;report_vocabulary=CODES_REQUIRED,,
MDS-01304,0,query,conditional,,,10371000,,10371000,10371000,medium,0.75,entitlement_unverified:AMB-13,0,13,DD-120;LW-410;LW-411;MW-310;MW-320,appendix_g_reading;metre_source;rig_services_index;monthly_rate_basis;record_signatories;report_vocabulary,appendix_g_reading=LWD_ROWS_SHIFTED;metre_source=PART_B_RUN_METRES;rig_services_index=NOT_APPLIED;monthly_rate_basis=FINAL_RATE;record_signatories=FORM_SIGNATORIES_REQUIRED;report_vocabulary=CODES_REQUIRED,,
MDS-01305,0,query,conditional,,,16732239,,16732239,16732239,medium,0.75,entitlement_unverified:AMB-13,0,30,DD-120;LW-410;LW-411;MW-310;MW-320,appendix_g_reading;metre_source;rig_services_index;monthly_rate_basis;record_signatories;report_vocabulary,appendix_g_reading=LWD_ROWS_SHIFTED;metre_source=PART_B_RUN_METRES;rig_services_index=NOT_APPLIED;monthly_rate_basis=FINAL_RATE;record_signatories=FORM_SIGNATORIES_REQUIRED;report_vocabulary=CODES_REQUIRED,,
MDS-01306,0,query,conditional,,,15575912,,15575912,15575912,medium,0.75,entitlement_unverified:AMB-13,0,21,DD-120;MW-310;MW-320;PD-201;PD-210,rig_services_index;volume_tier_scope;report_vocabulary,rig_services_index=NOT_APPLIED;volume_tier_scope=CONTRACT_WIDE;report_vocabulary=CODES_REQUIRED,,
MDS-01307,0,query,conditional,,,11097333,,11097333,11097333,medium,0.75,entitlement_unverified:AMB-13,0,14,DD-120;LW-410;LW-411;LW-413;MW-310;MW-320,appendix_g_reading;metre_source;rig_services_index;monthly_rate_basis;record_signatories;report_vocabulary,appendix_g_reading=LWD_ROWS_SHIFTED;metre_source=PART_B_RUN_METRES;rig_services_index=NOT_APPLIED;monthly_rate_basis=FINAL_RATE;record_signatories=FORM_SIGNATORIES_REQUIRED;report_vocabulary=CODES_REQUIRED,,
MDS-01308,0,query,conditional,,,12373707,,12373707,12373707,medium,0.75,entitlement_unverified:AMB-13,0,16,DD-120;MW-310;MW-320;PD-201;PD-210,rig_services_index;volume_tier_scope;report_vocabulary,rig_services_index=NOT_APPLIED;volume_tier_scope=CONTRACT_WIDE;report_vocabulary=CODES_REQUIRED,,
MDS-01309,0,query,conditional,,,19288357,,19288357,19288357,medium,0.75,entitlement_unverified:AMB-13,0,27,DD-120;LW-410;LW-411;LW-413;MW-310;MW-320,appendix_g_reading;metre_source;rig_services_index;monthly_rate_basis;record_signatories;report_vocabulary,appendix_g_reading=LWD_ROWS_SHIFTED;metre_source=PART_B_RUN_METRES;rig_services_index=NOT_APPLIED;monthly_rate_basis=FINAL_RATE;record_signatories=FORM_SIGNATORIES_REQUIRED;report_vocabulary=CODES_REQUIRED,,
MDS-01310,0,query,conditional,,,20435261,,20435261,20435261,medium,0.75,entitlement_unverified:AMB-13,0,26,DD-120;MW-310;MW-320;PD-201;PD-210,rig_services_index;volume_tier_scope;report_vocabulary,rig_services_index=NOT_APPLIED;volume_tier_scope=CONTRACT_WIDE;report_vocabulary=CODES_REQUIRED,,
MDS-01311,0,query,conditional,,,18173378,,18173378,18173378,medium,0.75,entitlement_unverified:AMB-13,0,29,DD-120;LW-410;LW-411;LW-412;MW-310;MW-320,appendix_g_reading;metre_source;rig_services_index;monthly_rate_basis;record_signatories;report_vocabulary,appendix_g_reading=LWD_ROWS_SHIFTED;metre_source=PART_B_RUN_METRES;rig_services_index=NOT_APPLIED;monthly_rate_basis=FINAL_RATE;record_signatories=FORM_SIGNATORIES_REQUIRED;report_vocabulary=CODES_REQUIRED,,
MDS-01312,0,query,conditional,,,10378024,,10378024,10378024,medium,0.75,entitlement_unverified:AMB-13,0,14,DD-120;MW-310;MW-320;PD-201;PD-210,pd210_class_factor;rig_services_index;monthly_rate_basis;volume_tier_scope;report_vocabulary,pd210_class_factor=APPLY;rig_services_index=NOT_APPLIED;monthly_rate_basis=FINAL_RATE;volume_tier_scope=CONTRACT_WIDE;report_vocabulary=CODES_REQUIRED,,
MDS-01313,1,part-reject,conditional,depth_band_misapplied,depth_band_misapplied,15569400,,15070444,15070444,high,0.95,entitlement_unverified:AMB-13,1,19,DD-120;MW-310;MW-320;PD-201;PD-210,rig_services_index;volume_tier_scope;report_vocabulary,,,
MDS-01314,0,query,conditional,,,8584674,,8584674,8584674,medium,0.75,entitlement_unverified:AMB-13,0,15,DD-120;LW-410;LW-411;MW-310;MW-320,appendix_g_reading;metre_source;rig_services_index;monthly_rate_basis;record_signatories;report_vocabulary,appendix_g_reading=LWD_ROWS_SHIFTED;metre_source=PART_B_RUN_METRES;rig_services_index=NOT_APPLIED;monthly_rate_basis=FINAL_RATE;record_signatories=FORM_SIGNATORIES_REQUIRED;report_vocabulary=CODES_REQUIRED,,
MDS-01315,0,query,conditional,,,13298453,,13298453,13298453,medium,0.75,entitlement_unverified:AMB-13,0,5,MW-310,rig_services_index;record_signatories;report_vocabulary,rig_services_index=NOT_APPLIED;record_signatories=FORM_SIGNATORIES_REQUIRED;report_vocabulary=CODES_REQUIRED,,
MDS-01316,0,query,conditional,,,12626903,,12626903,12626903,medium,0.75,entitlement_unverified:AMB-13,0,15,DD-120;MW-310;MW-320;PD-201;PD-210,rig_services_index;volume_tier_scope;report_vocabulary,rig_services_index=NOT_APPLIED;volume_tier_scope=CONTRACT_WIDE;report_vocabulary=CODES_REQUIRED,,
MDS-01317,1,part-reject,conditional,invoice_arithmetic,invoice_arithmetic,13783779,,13715505,13715505,high,0.95,entitlement_unverified:AMB-13,1,11,DD-120;MW-310;MW-320,metre_source;rig_services_index;monthly_rate_basis;record_signatories;report_vocabulary,,,
MDS-01318,0,query,conditional,,,8149850,,8149850,8149850,medium,0.75,entitlement_unverified:AMB-13,0,3,MW-310,standby_section_factor;rig_services_index;record_signatories;report_vocabulary,standby_section_factor=APPLY;rig_services_index=NOT_APPLIED;record_signatories=FORM_SIGNATORIES_REQUIRED;report_vocabulary=CODES_REQUIRED,,
MDS-01319,0,query,conditional,,,153090339,,153090339,153090339,medium,0.75,entitlement_unverified:AMB-13,0,40,DD-120;LW-410;LW-411;LW-412;MW-310;MW-320;PD-201;PD-210,appendix_g_reading;metre_source;pd210_class_factor;rig_services_index;monthly_rate_basis;volume_tier_scope;lih_replacement_value;record_signatories;report_vocabulary,appendix_g_reading=LWD_ROWS_SHIFTED;metre_source=PART_B_RUN_METRES;pd210_class_factor=APPLY;rig_services_index=NOT_APPLIED;monthly_rate_basis=FINAL_RATE;volume_tier_scope=CONTRACT_WIDE;lih_replacement_value=SCHEDULE_6_USD;record_signatories=FORM_SIGNATORIES_REQUIRED;report_vocabulary=CODES_REQUIRED,,
MDS-01320,0,query,conditional,,,9985564,,9985564,9985564,medium,0.75,entitlement_unverified:AMB-13,0,13,DD-120;MW-310;MW-320;PD-201;PD-210,pd210_class_factor;rig_services_index;monthly_rate_basis;volume_tier_scope;report_vocabulary,pd210_class_factor=APPLY;rig_services_index=NOT_APPLIED;monthly_rate_basis=FINAL_RATE;volume_tier_scope=CONTRACT_WIDE;report_vocabulary=CODES_REQUIRED,,
MDS-01321,0,query,conditional,,,11366015,,11366015,11366015,medium,0.75,entitlement_unverified:AMB-13,0,21,DD-120;LW-410;LW-411;LW-413;MW-310;MW-320,appendix_g_reading;metre_source;rig_services_index;monthly_rate_basis;record_signatories;report_vocabulary,appendix_g_reading=LWD_ROWS_SHIFTED;metre_source=PART_B_RUN_METRES;rig_services_index=NOT_APPLIED;monthly_rate_basis=FINAL_RATE;record_signatories=FORM_SIGNATORIES_REQUIRED;report_vocabulary=CODES_REQUIRED,,
MDS-01322,0,query,conditional,,,5641406,,5641406,5641406,medium,0.75,entitlement_unverified:AMB-13,0,3,DD-120;MW-310;MW-320,rig_services_index;monthly_rate_basis;report_vocabulary,rig_services_index=NOT_APPLIED;monthly_rate_basis=FINAL_RATE;report_vocabulary=CODES_REQUIRED,,
MDS-01323,0,query,conditional,,,11501630,,11501630,11501630,medium,0.75,entitlement_unverified:AMB-13,0,18,DD-120;LW-410;LW-411;MW-310;MW-320;PD-201;PD-210,appendix_g_reading;metre_source;rig_services_index;monthly_rate_basis;volume_tier_scope;record_signatories;report_vocabulary,appendix_g_reading=LWD_ROWS_SHIFTED;metre_source=PART_B_RUN_METRES;rig_services_index=NOT_APPLIED;monthly_rate_basis=FINAL_RATE;volume_tier_scope=CONTRACT_WIDE;record_signatories=FORM_SIGNATORIES_REQUIRED;report_vocabulary=CODES_REQUIRED,,
MDS-01324,0,query,conditional,,,9566299,,9566299,9566299,medium,0.75,entitlement_unverified:AMB-13,0,15,DD-120;LW-410;LW-411;MW-310;MW-320,appendix_g_reading;metre_source;rig_services_index;monthly_rate_basis;record_signatories;report_vocabulary,appendix_g_reading=LWD_ROWS_SHIFTED;metre_source=PART_B_RUN_METRES;rig_services_index=NOT_APPLIED;monthly_rate_basis=FINAL_RATE;record_signatories=FORM_SIGNATORIES_REQUIRED;report_vocabulary=CODES_REQUIRED,,
MDS-01325,0,query,conditional,,,27549011,,27549011,27549011,medium,0.75,entitlement_unverified:AMB-13,0,46,DD-120;LW-410;LW-411;LW-412;LW-413;MW-310;MW-320;PD-201;PD-210,appendix_g_reading;metre_source;rig_services_index;monthly_rate_basis;volume_tier_scope;record_signatories;report_vocabulary,appendix_g_reading=LWD_ROWS_SHIFTED;metre_source=PART_B_RUN_METRES;rig_services_index=NOT_APPLIED;monthly_rate_basis=FINAL_RATE;volume_tier_scope=CONTRACT_WIDE;record_signatories=FORM_SIGNATORIES_REQUIRED;report_vocabulary=CODES_REQUIRED,,
MDS-01326,0,query,conditional,,,22463618,,22463618,22463618,medium,0.75,entitlement_unverified:AMB-13,0,33,DD-120;LW-410;LW-411;LW-413;MW-310;MW-320;PD-201;PD-210,appendix_g_reading;metre_source;rig_services_index;monthly_rate_basis;volume_tier_scope;record_signatories;report_vocabulary,appendix_g_reading=LWD_ROWS_SHIFTED;metre_source=PART_B_RUN_METRES;rig_services_index=NOT_APPLIED;monthly_rate_basis=FINAL_RATE;volume_tier_scope=CONTRACT_WIDE;record_signatories=FORM_SIGNATORIES_REQUIRED;report_vocabulary=CODES_REQUIRED,,
MDS-01327,0,query,conditional,,,9087882,,9087882,9087882,medium,0.75,entitlement_unverified:AMB-13,0,3,MW-310,rig_services_index;record_signatories;report_vocabulary,rig_services_index=NOT_APPLIED;record_signatories=FORM_SIGNATORIES_REQUIRED;report_vocabulary=CODES_REQUIRED,,
MDS-01328,0,query,conditional,,,9079007,,9079007,9079007,medium,0.75,entitlement_unverified:AMB-13,0,5,MW-310,rig_services_index;record_signatories;report_vocabulary,rig_services_index=NOT_APPLIED;record_signatories=FORM_SIGNATORIES_REQUIRED;report_vocabulary=CODES_REQUIRED,,
MDS-01329,0,query,conditional,,,11163339,,11163339,11163339,medium,0.75,entitlement_unverified:AMB-13,0,12,LW-410;MW-310,appendix_g_reading;metre_source;rig_services_index;record_signatories;report_vocabulary,appendix_g_reading=LWD_ROWS_SHIFTED;metre_source=PART_B_RUN_METRES;rig_services_index=NOT_APPLIED;record_signatories=FORM_SIGNATORIES_REQUIRED;report_vocabulary=CODES_REQUIRED,,
MDS-01330,0,query,conditional,,,11719438,,11719438,11719438,medium,0.75,entitlement_unverified:AMB-13,0,16,DD-120;LW-410;LW-411;MW-310;MW-320;PD-201;PD-210,appendix_g_reading;pd210_class_factor;rig_services_index;monthly_rate_basis;volume_tier_scope;record_signatories;report_vocabulary,appendix_g_reading=LWD_ROWS_SHIFTED;pd210_class_factor=APPLY;rig_services_index=NOT_APPLIED;monthly_rate_basis=FINAL_RATE;volume_tier_scope=CONTRACT_WIDE;record_signatories=FORM_SIGNATORIES_REQUIRED;report_vocabulary=CODES_REQUIRED,,
MDS-01331,0,query,conditional,,,9135347,,9135347,9135347,medium,0.75,entitlement_unverified:AMB-13,0,5,MW-310,rig_services_index;record_signatories;report_vocabulary,rig_services_index=NOT_APPLIED;record_signatories=FORM_SIGNATORIES_REQUIRED;report_vocabulary=CODES_REQUIRED,,
MDS-01332,0,query,conditional,,,13167452,,13167452,13167452,medium,0.75,entitlement_unverified:AMB-13,0,12,DD-120;MW-310;MW-320,metre_source;rig_services_index;monthly_rate_basis;record_signatories;report_vocabulary,metre_source=PART_B_RUN_METRES;rig_services_index=NOT_APPLIED;monthly_rate_basis=FINAL_RATE;record_signatories=FORM_SIGNATORIES_REQUIRED;report_vocabulary=CODES_REQUIRED,,
MDS-01333,0,query,conditional,,,22197248,,22197248,22197248,medium,0.75,entitlement_unverified:AMB-13,0,36,DD-120;LW-410;LW-411;LW-413;MW-310;MW-320;PD-201;PD-210,appendix_g_reading;metre_source;rig_services_index;monthly_rate_basis;volume_tier_scope;record_signatories;report_vocabulary,appendix_g_reading=LWD_ROWS_SHIFTED;metre_source=PART_B_RUN_METRES;rig_services_index=NOT_APPLIED;monthly_rate_basis=FINAL_RATE;volume_tier_scope=CONTRACT_WIDE;record_signatories=FORM_SIGNATORIES_REQUIRED;report_vocabulary=CODES_REQUIRED,,
MDS-01334,0,query,conditional,,,8150702,,8150702,8150702,medium,0.75,entitlement_unverified:AMB-13,0,8,DD-120;LW-410;LW-411;MW-310;MW-320,appendix_g_reading;metre_source;rig_services_index;monthly_rate_basis;record_signatories;report_vocabulary,appendix_g_reading=LWD_ROWS_SHIFTED;metre_source=PART_B_RUN_METRES;rig_services_index=NOT_APPLIED;monthly_rate_basis=FINAL_RATE;record_signatories=FORM_SIGNATORIES_REQUIRED;report_vocabulary=CODES_REQUIRED,,
MDS-01335,0,query,conditional,,,20011113,,20011113,20011113,medium,0.75,entitlement_unverified:AMB-13,0,31,DD-120;LW-410;LW-411;LW-412;LW-413;MW-310;MW-320;PD-201;PD-210,appendix_g_reading;metre_source;pd210_class_factor;rig_services_index;monthly_rate_basis;volume_tier_scope;record_signatories;report_vocabulary,appendix_g_reading=LWD_ROWS_SHIFTED;metre_source=PART_B_RUN_METRES;pd210_class_factor=APPLY;rig_services_index=NOT_APPLIED;monthly_rate_basis=FINAL_RATE;volume_tier_scope=CONTRACT_WIDE;record_signatories=FORM_SIGNATORIES_REQUIRED;report_vocabulary=CODES_REQUIRED,,
MDS-01336,0,query,conditional,,,8151087,,8151087,8151087,medium,0.75,entitlement_unverified:AMB-13,0,9,LW-410;MW-310,appendix_g_reading;metre_source;standby_section_factor;rig_services_index;record_signatories;report_vocabulary,appendix_g_reading=LWD_ROWS_SHIFTED;metre_source=PART_B_RUN_METRES;standby_section_factor=APPLY;rig_services_index=NOT_APPLIED;record_signatories=FORM_SIGNATORIES_REQUIRED;report_vocabulary=CODES_REQUIRED,,
MDS-01337,0,query,conditional,,,5270966,,5270966,5270966,medium,0.75,entitlement_unverified:AMB-13,0,3,MW-310,rig_services_index;record_signatories;report_vocabulary,rig_services_index=NOT_APPLIED;record_signatories=FORM_SIGNATORIES_REQUIRED;report_vocabulary=CODES_REQUIRED,,
MDS-01338,1,part-reject,conditional,quantity_exceeds_record,quantity_exceeds_record,15048934,,15018511,15018511,medium,0.75,entitlement_unverified:AMB-13,1,6,MW-310,rig_up_hour;rig_services_index;record_signatories;report_vocabulary,,rig_up_hour=NO_DEDUCTION,
MDS-01339,0,query,conditional,,,17489086,,17489086,17489086,medium,0.75,entitlement_unverified:AMB-13,0,25,DD-120;LW-410;LW-411;LW-413;MW-310;MW-320;PD-201;PD-210,appendix_g_reading;metre_source;pd210_class_factor;standby_section_factor;rig_services_index;monthly_rate_basis;volume_tier_scope;record_signatories;report_vocabulary,appendix_g_reading=LWD_ROWS_SHIFTED;metre_source=PART_B_RUN_METRES;pd210_class_factor=APPLY;standby_section_factor=APPLY;rig_services_index=NOT_APPLIED;monthly_rate_basis=FINAL_RATE;volume_tier_scope=CONTRACT_WIDE;record_signatories=FORM_SIGNATORIES_REQUIRED;report_vocabulary=CODES_REQUIRED,,
MDS-01340,0,query,conditional,,,13241034,,13241034,13241034,medium,0.75,entitlement_unverified:AMB-13,0,25,DD-120;LW-410;LW-411;LW-412;MW-310;MW-320;PD-201;PD-210,appendix_g_reading;metre_source;rig_services_index;monthly_rate_basis;volume_tier_scope;record_signatories;report_vocabulary,appendix_g_reading=LWD_ROWS_SHIFTED;metre_source=PART_B_RUN_METRES;rig_services_index=NOT_APPLIED;monthly_rate_basis=FINAL_RATE;volume_tier_scope=CONTRACT_WIDE;record_signatories=FORM_SIGNATORIES_REQUIRED;report_vocabulary=CODES_REQUIRED,,
MDS-01341,1,part-reject,conditional,quantity_exceeds_record,quantity_exceeds_record,5096679,,4437810,4437810,high,0.95,entitlement_unverified:AMB-13,1,3,MW-310,standby_section_factor;rig_services_index;monthly_rate_basis;report_vocabulary,,,
MDS-01342,1,part-reject,conditional,discount_misapplied,discount_misapplied,19069313,,19053599,19053599,high,0.95,entitlement_unverified:AMB-13,1,20,DD-120;LW-410;LW-411;MW-310;MW-320,appendix_g_reading;metre_source;rig_services_index;monthly_rate_basis;record_signatories;report_vocabulary,,,
MDS-01343,0,query,conditional,,,18952706,,18952706,18952706,medium,0.75,entitlement_unverified:AMB-13,0,18,DD-120;MW-310;MW-320,metre_source;rig_services_index;record_signatories;report_vocabulary,metre_source=PART_B_RUN_METRES;rig_services_index=NOT_APPLIED;record_signatories=FORM_SIGNATORIES_REQUIRED;report_vocabulary=CODES_REQUIRED,,
MDS-01344,0,query,conditional,,,6652879,,6652879,6652879,medium,0.75,entitlement_unverified:AMB-13,0,4,MW-310,rig_services_index;report_vocabulary,rig_services_index=NOT_APPLIED;report_vocabulary=CODES_REQUIRED,,
MDS-01345,0,query,conditional,,,5000936,,5000936,5000936,medium,0.75,entitlement_unverified:AMB-13,0,1,MW-310,rig_services_index;record_signatories;report_vocabulary,rig_services_index=NOT_APPLIED;record_signatories=FORM_SIGNATORIES_REQUIRED;report_vocabulary=CODES_REQUIRED,,
MDS-01346,0,query,conditional,,,19390808,,19390808,19390808,medium,0.75,entitlement_unverified:AMB-13,0,30,DD-120;LW-410;LW-411;LW-413;MW-310;MW-320;PD-201;PD-210,appendix_g_reading;metre_source;rig_services_index;monthly_rate_basis;volume_tier_scope;record_signatories;report_vocabulary,appendix_g_reading=LWD_ROWS_SHIFTED;metre_source=PART_B_RUN_METRES;rig_services_index=NOT_APPLIED;monthly_rate_basis=FINAL_RATE;volume_tier_scope=CONTRACT_WIDE;record_signatories=FORM_SIGNATORIES_REQUIRED;report_vocabulary=CODES_REQUIRED,,
MDS-01347,0,query,conditional,,,8592357,,8592357,8592357,medium,0.75,entitlement_unverified:AMB-13,0,3,MW-310,standby_section_factor;rig_services_index;record_signatories;report_vocabulary,standby_section_factor=APPLY;rig_services_index=NOT_APPLIED;record_signatories=FORM_SIGNATORIES_REQUIRED;report_vocabulary=CODES_REQUIRED,,
MDS-01348,0,query,conditional,,,7403854,,7403854,7403854,medium,0.75,entitlement_unverified:AMB-13,0,8,LW-410;MW-310,appendix_g_reading;metre_source;rig_services_index;record_signatories;report_vocabulary,appendix_g_reading=LWD_ROWS_SHIFTED;metre_source=PART_B_RUN_METRES;rig_services_index=NOT_APPLIED;record_signatories=FORM_SIGNATORIES_REQUIRED;report_vocabulary=CODES_REQUIRED,,
MDS-01349,0,query,conditional,,,13423051,,13423051,13423051,medium,0.75,entitlement_unverified:AMB-13,0,21,DD-120;LW-410;LW-411;MW-310;MW-320;PD-201;PD-210,appendix_g_reading;metre_source;pd210_class_factor;rig_services_index;monthly_rate_basis;volume_tier_scope;record_signatories;report_vocabulary,appendix_g_reading=LWD_ROWS_SHIFTED;metre_source=PART_B_RUN_METRES;pd210_class_factor=APPLY;rig_services_index=NOT_APPLIED;monthly_rate_basis=FINAL_RATE;volume_tier_scope=CONTRACT_WIDE;record_signatories=FORM_SIGNATORIES_REQUIRED;report_vocabulary=CODES_REQUIRED,,
MDS-01350,0,query,conditional,,,14473402,,14473402,14473402,medium,0.75,entitlement_unverified:AMB-13,0,6,MW-310,rig_services_index;record_signatories;report_vocabulary,rig_services_index=NOT_APPLIED;record_signatories=FORM_SIGNATORIES_REQUIRED;report_vocabulary=CODES_REQUIRED,,
MDS-01351,0,query,conditional,,,5207723,,5207723,5207723,medium,0.75,entitlement_unverified:AMB-13,0,6,LW-410;MW-310,appendix_g_reading;metre_source;rig_services_index;record_signatories;report_vocabulary,appendix_g_reading=LWD_ROWS_SHIFTED;metre_source=PART_B_RUN_METRES;rig_services_index=NOT_APPLIED;record_signatories=FORM_SIGNATORIES_REQUIRED;report_vocabulary=CODES_REQUIRED,,
MDS-01352,1,part-reject,conditional,duplicate_charge,duplicate_charge;record_line_mismatch,12808864,,12762414,12762414,high,0.95,entitlement_unverified:AMB-13,2,19,DD-120;LW-410;LW-412;MW-310;MW-320;PD-201;PD-210,appendix_g_reading;metre_source;rig_services_index;monthly_rate_basis;volume_tier_scope;record_signatories;report_vocabulary,,,
MDS-01353,0,query,conditional,,,8118436,,8118436,8118436,medium,0.75,entitlement_unverified:AMB-13,0,7,DD-120;MW-310;MW-320;PD-201;PD-210,rig_services_index;volume_tier_scope;record_signatories;report_vocabulary,rig_services_index=NOT_APPLIED;volume_tier_scope=CONTRACT_WIDE;record_signatories=FORM_SIGNATORIES_REQUIRED;report_vocabulary=CODES_REQUIRED,,
MDS-01354,0,query,conditional,,,8201832,,8201832,8201832,medium,0.75,entitlement_unverified:AMB-13,0,4,MW-310,rig_services_index;record_signatories;report_vocabulary,rig_services_index=NOT_APPLIED;record_signatories=FORM_SIGNATORIES_REQUIRED;report_vocabulary=CODES_REQUIRED,,
MDS-01355,0,query,conditional,,,12858050,,12858050,12858050,medium,0.75,entitlement_unverified:AMB-13,0,5,MW-310,standby_section_factor;rig_services_index;record_signatories;report_vocabulary,standby_section_factor=APPLY;rig_services_index=NOT_APPLIED;record_signatories=FORM_SIGNATORIES_REQUIRED;report_vocabulary=CODES_REQUIRED,,
MDS-01356,0,query,conditional,,,20755569,,20755569,20755569,medium,0.75,entitlement_unverified:AMB-13,0,26,DD-120;MW-310;MW-320;PD-201;PD-210,rig_services_index;volume_tier_scope;record_signatories;report_vocabulary,rig_services_index=NOT_APPLIED;volume_tier_scope=CONTRACT_WIDE;record_signatories=FORM_SIGNATORIES_REQUIRED;report_vocabulary=CODES_REQUIRED,,
MDS-01357,0,query,conditional,,,9770458,,9770458,9770458,medium,0.75,entitlement_unverified:AMB-13,0,5,MW-310,rig_services_index;record_signatories;report_vocabulary,rig_services_index=NOT_APPLIED;record_signatories=FORM_SIGNATORIES_REQUIRED;report_vocabulary=CODES_REQUIRED,,
MDS-01358,0,query,conditional,,,24436161,,24436161,24436161,medium,0.75,entitlement_unverified:AMB-13,0,35,DD-120;LW-410;LW-411;MW-310;MW-320;PD-201;PD-210,appendix_g_reading;metre_source;pd210_class_factor;rig_services_index;monthly_rate_basis;volume_tier_scope;record_signatories;report_vocabulary,appendix_g_reading=LWD_ROWS_SHIFTED;metre_source=PART_B_RUN_METRES;pd210_class_factor=APPLY;rig_services_index=NOT_APPLIED;monthly_rate_basis=FINAL_RATE;volume_tier_scope=CONTRACT_WIDE;record_signatories=FORM_SIGNATORIES_REQUIRED;report_vocabulary=CODES_REQUIRED,,
MDS-01359,0,query,conditional,,,8472477,,8472477,8472477,medium,0.75,entitlement_unverified:AMB-13,0,5,LW-410;MW-310,appendix_g_reading;metre_source;rig_services_index;record_signatories;report_vocabulary,appendix_g_reading=LWD_ROWS_SHIFTED;metre_source=PART_B_RUN_METRES;rig_services_index=NOT_APPLIED;record_signatories=FORM_SIGNATORIES_REQUIRED;report_vocabulary=CODES_REQUIRED,,
MDS-01360,0,query,conditional,,,24730089,,24730089,24730089,medium,0.75,entitlement_unverified:AMB-13,0,31,DD-120;MW-310;MW-320;PD-201;PD-210,rig_services_index;volume_tier_scope;report_vocabulary,rig_services_index=NOT_APPLIED;volume_tier_scope=CONTRACT_WIDE;report_vocabulary=CODES_REQUIRED,,
MDS-01361,0,query,conditional,,,13869860,,13869860,13869860,medium,0.75,entitlement_unverified:AMB-13,0,22,DD-120;LW-410;LW-411;MW-310;MW-320,appendix_g_reading;metre_source;standby_section_factor;rig_services_index;monthly_rate_basis;record_signatories;report_vocabulary,appendix_g_reading=LWD_ROWS_SHIFTED;metre_source=PART_B_RUN_METRES;standby_section_factor=APPLY;rig_services_index=NOT_APPLIED;monthly_rate_basis=FINAL_RATE;record_signatories=FORM_SIGNATORIES_REQUIRED;report_vocabulary=CODES_REQUIRED,,
MDS-01362,0,query,conditional,,,10470438,,10470438,10470438,medium,0.75,entitlement_unverified:AMB-13,0,7,LW-410;MW-310,appendix_g_reading;metre_source;rig_services_index;record_signatories;report_vocabulary,appendix_g_reading=LWD_ROWS_SHIFTED;metre_source=PART_B_RUN_METRES;rig_services_index=NOT_APPLIED;record_signatories=FORM_SIGNATORIES_REQUIRED;report_vocabulary=CODES_REQUIRED,,
MDS-01363,0,query,conditional,,,50520189,,50520189,50520189,medium,0.75,entitlement_unverified:AMB-13,0,12,DD-120;MW-310;MW-320,metre_source;rig_services_index;lih_replacement_value;record_signatories;report_vocabulary,metre_source=PART_B_RUN_METRES;rig_services_index=NOT_APPLIED;lih_replacement_value=SCHEDULE_6_USD;record_signatories=FORM_SIGNATORIES_REQUIRED;report_vocabulary=CODES_REQUIRED,,
MDS-01364,0,query,conditional,,,5284434,,5284434,5284434,medium,0.75,entitlement_unverified:AMB-13,0,6,LW-410;MW-310,appendix_g_reading;metre_source;rig_services_index;record_signatories;report_vocabulary,appendix_g_reading=LWD_ROWS_SHIFTED;metre_source=PART_B_RUN_METRES;rig_services_index=NOT_APPLIED;record_signatories=FORM_SIGNATORIES_REQUIRED;report_vocabulary=CODES_REQUIRED,,
MDS-01365,0,query,conditional,,,8496588,,8496588,8496588,medium,0.75,entitlement_unverified:AMB-13,0,7,DD-120;MW-310;MW-320;PD-201;PD-210,pd210_class_factor;rig_services_index;monthly_rate_basis;volume_tier_scope;record_signatories;report_vocabulary,pd210_class_factor=APPLY;rig_services_index=NOT_APPLIED;monthly_rate_basis=FINAL_RATE;volume_tier_scope=CONTRACT_WIDE;record_signatories=FORM_SIGNATORIES_REQUIRED;report_vocabulary=CODES_REQUIRED,,
MDS-01366,0,query,conditional,,,5719081,,5719081,5719081,medium,0.75,entitlement_unverified:AMB-13,0,3,MW-310,rig_services_index;record_signatories;report_vocabulary,rig_services_index=NOT_APPLIED;record_signatories=FORM_SIGNATORIES_REQUIRED;report_vocabulary=CODES_REQUIRED,,
MDS-01367,0,query,conditional,,,6973561,,6973561,6973561,medium,0.75,entitlement_unverified:AMB-13,0,8,LW-410;MW-310,appendix_g_reading;metre_source;rig_services_index;record_signatories;report_vocabulary,appendix_g_reading=LWD_ROWS_SHIFTED;metre_source=PART_B_RUN_METRES;rig_services_index=NOT_APPLIED;record_signatories=FORM_SIGNATORIES_REQUIRED;report_vocabulary=CODES_REQUIRED,,
MDS-01368,0,query,conditional,,,7208336,,7208336,7208336,medium,0.75,entitlement_unverified:AMB-13,0,4,MW-310,rig_services_index;record_signatories;report_vocabulary,rig_services_index=NOT_APPLIED;record_signatories=FORM_SIGNATORIES_REQUIRED;report_vocabulary=CODES_REQUIRED,,
MDS-01369,0,query,conditional,,,18992383,,18992383,18992383,medium,0.75,entitlement_unverified:AMB-13,0,18,DD-120;MW-310;MW-320;PD-201;PD-210,pd210_class_factor;rig_services_index;monthly_rate_basis;volume_tier_scope;record_signatories;report_vocabulary,pd210_class_factor=APPLY;rig_services_index=NOT_APPLIED;monthly_rate_basis=FINAL_RATE;volume_tier_scope=CONTRACT_WIDE;record_signatories=FORM_SIGNATORIES_REQUIRED;report_vocabulary=CODES_REQUIRED,,
MDS-01370,0,query,conditional,,,6757548,,6757548,6757548,medium,0.75,entitlement_unverified:AMB-13,0,3,LW-410;MW-310,appendix_g_reading;metre_source;rig_services_index;record_signatories;report_vocabulary,appendix_g_reading=LWD_ROWS_SHIFTED;metre_source=PART_B_RUN_METRES;rig_services_index=NOT_APPLIED;record_signatories=FORM_SIGNATORIES_REQUIRED;report_vocabulary=CODES_REQUIRED,,
MDS-01371,0,query,conditional,,,14983585,,14983585,14983585,medium,0.75,entitlement_unverified:AMB-13,0,22,DD-120;LW-410;LW-411;LW-413;MW-310;MW-320,appendix_g_reading;metre_source;rig_services_index;monthly_rate_basis;record_signatories;report_vocabulary,appendix_g_reading=LWD_ROWS_SHIFTED;metre_source=PART_B_RUN_METRES;rig_services_index=NOT_APPLIED;monthly_rate_basis=FINAL_RATE;record_signatories=FORM_SIGNATORIES_REQUIRED;report_vocabulary=CODES_REQUIRED,,
MDS-01372,0,query,conditional,,,24072208,,24072208,24072208,medium,0.75,entitlement_unverified:AMB-13,0,39,DD-120;LW-410;LW-411;LW-412;MW-310;MW-320;PD-201;PD-210,appendix_g_reading;metre_source;rig_services_index;monthly_rate_basis;volume_tier_scope;record_signatories;report_vocabulary,appendix_g_reading=LWD_ROWS_SHIFTED;metre_source=PART_B_RUN_METRES;rig_services_index=NOT_APPLIED;monthly_rate_basis=FINAL_RATE;volume_tier_scope=CONTRACT_WIDE;record_signatories=FORM_SIGNATORIES_REQUIRED;report_vocabulary=CODES_REQUIRED,,
MDS-01373,1,part-reject,conditional,quantity_exceeds_record,quantity_exceeds_record,17776897,,17559519,17559519,high,0.95,entitlement_unverified:AMB-13,1,28,DD-120;LW-410;LW-411;LW-413;MW-310;MW-320,appendix_g_reading;metre_source;standby_section_factor;rig_services_index;monthly_rate_basis;record_signatories;report_vocabulary,,,
MDS-01374,0,query,conditional,,,15249816,,15249816,15249816,medium,0.75,entitlement_unverified:AMB-13,0,19,DD-120;MW-310;MW-320;PD-201;PD-210,pd210_class_factor;rig_services_index;monthly_rate_basis;volume_tier_scope;report_vocabulary,pd210_class_factor=APPLY;rig_services_index=NOT_APPLIED;monthly_rate_basis=FINAL_RATE;volume_tier_scope=CONTRACT_WIDE;report_vocabulary=CODES_REQUIRED,,
MDS-01375,0,query,conditional,,,11197088,,11197088,11197088,medium,0.75,entitlement_unverified:AMB-13,0,12,LW-410;MW-310,appendix_g_reading;metre_source;rig_services_index;record_signatories;report_vocabulary,appendix_g_reading=LWD_ROWS_SHIFTED;metre_source=PART_B_RUN_METRES;rig_services_index=NOT_APPLIED;record_signatories=FORM_SIGNATORIES_REQUIRED;report_vocabulary=CODES_REQUIRED,,
MDS-01376,0,query,conditional,,,16195151,,16195151,16195151,medium,0.75,entitlement_unverified:AMB-13,0,12,DD-120;MW-310;MW-320,metre_source;rig_services_index;monthly_rate_basis;record_signatories;report_vocabulary,metre_source=PART_B_RUN_METRES;rig_services_index=NOT_APPLIED;monthly_rate_basis=FINAL_RATE;record_signatories=FORM_SIGNATORIES_REQUIRED;report_vocabulary=CODES_REQUIRED,,
MDS-01377,0,query,conditional,,,10700502,,10700502,10700502,medium,0.75,entitlement_unverified:AMB-13,0,14,DD-120;MW-310;MW-320;PD-201;PD-210,rig_services_index;volume_tier_scope;report_vocabulary,rig_services_index=NOT_APPLIED;volume_tier_scope=CONTRACT_WIDE;report_vocabulary=CODES_REQUIRED,,
MDS-01378,0,query,conditional,,,4985347,,4985347,4985347,medium,0.75,entitlement_unverified:AMB-13,0,1,MW-310,rig_services_index;record_signatories;report_vocabulary,rig_services_index=NOT_APPLIED;record_signatories=FORM_SIGNATORIES_REQUIRED;report_vocabulary=CODES_REQUIRED,,
MDS-01379,0,query,conditional,,,13264753,,13264753,13264753,medium,0.75,entitlement_unverified:AMB-13,0,13,DD-120;MW-310;MW-320;PD-201;PD-210,rig_services_index;volume_tier_scope;record_signatories;report_vocabulary,rig_services_index=NOT_APPLIED;volume_tier_scope=CONTRACT_WIDE;record_signatories=FORM_SIGNATORIES_REQUIRED;report_vocabulary=CODES_REQUIRED,,
MDS-01380,0,query,conditional,,,11279724,,11279724,11279724,medium,0.75,entitlement_unverified:AMB-13,0,4,MW-310,rig_services_index;record_signatories;report_vocabulary,rig_services_index=NOT_APPLIED;record_signatories=FORM_SIGNATORIES_REQUIRED;report_vocabulary=CODES_REQUIRED,,
MDS-01381,0,query,conditional,,,11823432,,11823432,11823432,medium,0.75,entitlement_unverified:AMB-13,0,5,MW-310,standby_section_factor;rig_services_index;monthly_rate_basis;record_signatories;report_vocabulary,standby_section_factor=APPLY;rig_services_index=NOT_APPLIED;monthly_rate_basis=FINAL_RATE;record_signatories=FORM_SIGNATORIES_REQUIRED;report_vocabulary=CODES_REQUIRED,,
MDS-01382,0,query,conditional,,,24985390,,24985390,24985390,medium,0.75,entitlement_unverified:AMB-13,0,44,DD-120;LW-410;LW-411;LW-412;LW-413;MW-310;MW-320;PD-201;PD-210,appendix_g_reading;metre_source;standby_section_factor;rig_services_index;monthly_rate_basis;volume_tier_scope;record_signatories;report_vocabulary,appendix_g_reading=LWD_ROWS_SHIFTED;metre_source=PART_B_RUN_METRES;standby_section_factor=APPLY;rig_services_index=NOT_APPLIED;monthly_rate_basis=FINAL_RATE;volume_tier_scope=CONTRACT_WIDE;record_signatories=FORM_SIGNATORIES_REQUIRED;report_vocabulary=CODES_REQUIRED,,
MDS-01383,0,query,conditional,,,13864453,,13864453,13864453,medium,0.75,entitlement_unverified:AMB-13,0,15,DD-120;MW-310;MW-320;PD-201;PD-210,pd210_class_factor;rig_services_index;monthly_rate_basis;volume_tier_scope;report_vocabulary,pd210_class_factor=APPLY;rig_services_index=NOT_APPLIED;monthly_rate_basis=FINAL_RATE;volume_tier_scope=CONTRACT_WIDE;report_vocabulary=CODES_REQUIRED,,
MDS-01384,0,query,conditional,,,9875654,,9875654,9875654,medium,0.75,entitlement_unverified:AMB-13,0,17,DD-120;LW-410;LW-411;MW-310;MW-320,appendix_g_reading;metre_source;standby_section_factor;rig_services_index;monthly_rate_basis;record_signatories;report_vocabulary,appendix_g_reading=LWD_ROWS_SHIFTED;metre_source=PART_B_RUN_METRES;standby_section_factor=APPLY;rig_services_index=NOT_APPLIED;monthly_rate_basis=FINAL_RATE;record_signatories=FORM_SIGNATORIES_REQUIRED;report_vocabulary=CODES_REQUIRED,,
MDS-01385,0,query,conditional,,,13249431,,13249431,13249431,medium,0.75,entitlement_unverified:AMB-13,0,5,MW-310,rig_services_index;record_signatories;report_vocabulary,rig_services_index=NOT_APPLIED;record_signatories=FORM_SIGNATORIES_REQUIRED;report_vocabulary=CODES_REQUIRED,,
MDS-01386,0,query,conditional,,,9842209,,9842209,9842209,medium,0.75,entitlement_unverified:AMB-13,0,3,MW-310,rig_services_index;record_signatories;report_vocabulary,rig_services_index=NOT_APPLIED;record_signatories=FORM_SIGNATORIES_REQUIRED;report_vocabulary=CODES_REQUIRED,,
MDS-01387,1,part-reject,conditional,factor_misapplied,factor_misapplied,23150492,,22789691,22789691,medium,0.75,entitlement_unverified:AMB-13,1,26,DD-120;MW-310;MW-320;PD-201;PD-210,pd210_class_factor;rig_services_index;monthly_rate_basis;volume_tier_scope;report_vocabulary,,,
MDS-01388,0,query,conditional,,,17648881,,17648881,17648881,medium,0.75,entitlement_unverified:AMB-13,0,33,DD-120;LW-410;LW-411;LW-412;LW-413;MW-310;MW-320;PD-201;PD-210,appendix_g_reading;metre_source;rig_services_index;monthly_rate_basis;volume_tier_scope;record_signatories;report_vocabulary,appendix_g_reading=LWD_ROWS_SHIFTED;metre_source=PART_B_RUN_METRES;rig_services_index=NOT_APPLIED;monthly_rate_basis=FINAL_RATE;volume_tier_scope=CONTRACT_WIDE;record_signatories=FORM_SIGNATORIES_REQUIRED;report_vocabulary=CODES_REQUIRED,,
MDS-01389,0,query,conditional,,,5485339,,5485339,5485339,medium,0.75,entitlement_unverified:AMB-13,0,3,DD-120;MW-310;MW-320,rig_services_index;monthly_rate_basis;report_vocabulary,rig_services_index=NOT_APPLIED;monthly_rate_basis=FINAL_RATE;report_vocabulary=CODES_REQUIRED,,
MDS-01390,0,query,conditional,,,8840530,,8840530,8840530,medium,0.75,entitlement_unverified:AMB-13,0,5,LW-410;MW-310,appendix_g_reading;metre_source;rig_services_index;record_signatories;report_vocabulary,appendix_g_reading=LWD_ROWS_SHIFTED;metre_source=PART_B_RUN_METRES;rig_services_index=NOT_APPLIED;record_signatories=FORM_SIGNATORIES_REQUIRED;report_vocabulary=CODES_REQUIRED,,
MDS-01391,0,query,conditional,,,14918610,,14918610,14918610,medium,0.75,entitlement_unverified:AMB-13,0,14,DD-120;MW-310;MW-320,metre_source;rig_services_index;monthly_rate_basis;record_signatories;report_vocabulary,metre_source=PART_B_RUN_METRES;rig_services_index=NOT_APPLIED;monthly_rate_basis=FINAL_RATE;record_signatories=FORM_SIGNATORIES_REQUIRED;report_vocabulary=CODES_REQUIRED,,
MDS-01392,0,query,conditional,,,6563003,,6563003,6563003,medium,0.75,entitlement_unverified:AMB-13,0,3,MW-310,rig_services_index;record_signatories;report_vocabulary,rig_services_index=NOT_APPLIED;record_signatories=FORM_SIGNATORIES_REQUIRED;report_vocabulary=CODES_REQUIRED,,
MDS-01393,1,part-reject,conditional,record_part_missing,record_part_missing,23201846,,22885992,22885992,high,0.95,entitlement_unverified:AMB-13,1,31,DD-120;LW-410;LW-411;LW-413;MW-310;MW-320;PD-201;PD-210,appendix_g_reading;metre_source;pd210_class_factor;rig_services_index;monthly_rate_basis;volume_tier_scope;record_signatories;missing_record_consequence;report_vocabulary,,,
MDS-01394,0,query,conditional,,,24046127,,24046127,24046127,medium,0.75,entitlement_unverified:AMB-13,0,31,DD-120;MW-310;MW-320;PD-201;PD-210,rig_services_index;volume_tier_scope;report_vocabulary,rig_services_index=NOT_APPLIED;volume_tier_scope=CONTRACT_WIDE;report_vocabulary=CODES_REQUIRED,,
MDS-01395,0,query,conditional,,,4984291,,4984291,4984291,medium,0.75,entitlement_unverified:AMB-13,0,3,MW-310,rig_services_index;report_vocabulary,rig_services_index=NOT_APPLIED;report_vocabulary=CODES_REQUIRED,,
MDS-01396,0,query,conditional,,,5156467,,5156467,5156467,medium,0.75,entitlement_unverified:AMB-13,0,3,MW-310,rig_services_index;report_vocabulary,rig_services_index=NOT_APPLIED;report_vocabulary=CODES_REQUIRED,,
MDS-01397,0,query,conditional,,,15753935,,15753935,15753935,medium,0.75,entitlement_unverified:AMB-13,0,27,DD-120;LW-410;LW-411;LW-413;MW-310;MW-320,appendix_g_reading;metre_source;rig_services_index;monthly_rate_basis;record_signatories;report_vocabulary,appendix_g_reading=LWD_ROWS_SHIFTED;metre_source=PART_B_RUN_METRES;rig_services_index=NOT_APPLIED;monthly_rate_basis=FINAL_RATE;record_signatories=FORM_SIGNATORIES_REQUIRED;report_vocabulary=CODES_REQUIRED,,
MDS-01398,0,query,conditional,,,18605504,,18605504,18605504,medium,0.75,entitlement_unverified:AMB-13,0,33,DD-120;LW-410;LW-411;LW-412;LW-413;MW-310;MW-320;PD-201;PD-210,appendix_g_reading;metre_source;rig_services_index;monthly_rate_basis;volume_tier_scope;record_signatories;report_vocabulary,appendix_g_reading=LWD_ROWS_SHIFTED;metre_source=PART_B_RUN_METRES;rig_services_index=NOT_APPLIED;monthly_rate_basis=FINAL_RATE;volume_tier_scope=CONTRACT_WIDE;record_signatories=FORM_SIGNATORIES_REQUIRED;report_vocabulary=CODES_REQUIRED,,
MDS-01399,0,query,conditional,,,12984011,,12984011,12984011,medium,0.75,entitlement_unverified:AMB-13,0,25,DD-120;LW-410;LW-411;LW-412;MW-310;MW-320;PD-201;PD-210,appendix_g_reading;metre_source;rig_services_index;monthly_rate_basis;volume_tier_scope;record_signatories;report_vocabulary,appendix_g_reading=LWD_ROWS_SHIFTED;metre_source=PART_B_RUN_METRES;rig_services_index=NOT_APPLIED;monthly_rate_basis=FINAL_RATE;volume_tier_scope=CONTRACT_WIDE;record_signatories=FORM_SIGNATORIES_REQUIRED;report_vocabulary=CODES_REQUIRED,,
MDS-01400,0,query,conditional,,,9884704,,9884704,9884704,medium,0.75,entitlement_unverified:AMB-13,0,5,MW-310,rig_services_index;record_signatories;report_vocabulary,rig_services_index=NOT_APPLIED;record_signatories=FORM_SIGNATORIES_REQUIRED;report_vocabulary=CODES_REQUIRED,,
MDS-01401,0,query,conditional,,,11413489,,11413489,11413489,medium,0.75,entitlement_unverified:AMB-13,0,6,MW-310,rig_services_index;record_signatories;report_vocabulary,rig_services_index=NOT_APPLIED;record_signatories=FORM_SIGNATORIES_REQUIRED;report_vocabulary=CODES_REQUIRED,,
MDS-01402,0,query,conditional,,,20627173,,20627173,20627173,medium,0.75,entitlement_unverified:AMB-13,0,26,DD-120;LW-410;LW-411;MW-310;MW-320;PD-201;PD-210,appendix_g_reading;pd210_class_factor;rig_services_index;monthly_rate_basis;volume_tier_scope;record_signatories;report_vocabulary,appendix_g_reading=LWD_ROWS_SHIFTED;pd210_class_factor=APPLY;rig_services_index=NOT_APPLIED;monthly_rate_basis=FINAL_RATE;volume_tier_scope=CONTRACT_WIDE;record_signatories=FORM_SIGNATORIES_REQUIRED;report_vocabulary=CODES_REQUIRED,,
MDS-01403,0,query,conditional,,,4433431,,4433431,4433431,medium,0.75,entitlement_unverified:AMB-13,0,3,MW-310,standby_section_factor;rig_services_index;monthly_rate_basis;report_vocabulary,standby_section_factor=APPLY;rig_services_index=NOT_APPLIED;monthly_rate_basis=FINAL_RATE;report_vocabulary=CODES_REQUIRED,,
MDS-01404,0,query,conditional,,,6875289,,6875289,6875289,medium,0.75,entitlement_unverified:AMB-13,0,4,MW-310,rig_services_index;report_vocabulary,rig_services_index=NOT_APPLIED;report_vocabulary=CODES_REQUIRED,,
MDS-01405,0,query,conditional,,,9489531,,9489531,9489531,medium,0.75,entitlement_unverified:AMB-13,0,9,DD-120;MW-310;MW-320,metre_source;rig_services_index;monthly_rate_basis;record_signatories;report_vocabulary,metre_source=PART_B_RUN_METRES;rig_services_index=NOT_APPLIED;monthly_rate_basis=FINAL_RATE;record_signatories=FORM_SIGNATORIES_REQUIRED;report_vocabulary=CODES_REQUIRED,,
MDS-01406,0,query,conditional,,,9705316,,9705316,9705316,medium,0.75,entitlement_unverified:AMB-13,0,3,MW-310,rig_services_index;record_signatories;report_vocabulary,rig_services_index=NOT_APPLIED;record_signatories=FORM_SIGNATORIES_REQUIRED;report_vocabulary=CODES_REQUIRED,,
MDS-01407,0,query,conditional,,,12608355,,12608355,12608355,medium,0.75,entitlement_unverified:AMB-13,0,5,MW-310,rig_services_index;record_signatories;report_vocabulary,rig_services_index=NOT_APPLIED;record_signatories=FORM_SIGNATORIES_REQUIRED;report_vocabulary=CODES_REQUIRED,,
MDS-01408,0,query,conditional,,,25761314,,25761314,25761314,medium,0.75,entitlement_unverified:AMB-13,0,36,DD-120;LW-410;LW-411;LW-413;MW-310;MW-320;PD-201;PD-210,appendix_g_reading;metre_source;pd210_class_factor;standby_section_factor;rig_services_index;monthly_rate_basis;volume_tier_scope;record_signatories;report_vocabulary,appendix_g_reading=LWD_ROWS_SHIFTED;metre_source=PART_B_RUN_METRES;pd210_class_factor=APPLY;standby_section_factor=APPLY;rig_services_index=NOT_APPLIED;monthly_rate_basis=FINAL_RATE;volume_tier_scope=CONTRACT_WIDE;record_signatories=FORM_SIGNATORIES_REQUIRED;report_vocabulary=CODES_REQUIRED,,
MDS-01409,0,query,conditional,,,10514265,,10514265,10514265,medium,0.75,entitlement_unverified:AMB-13,0,20,DD-120;LW-410;LW-411;LW-412;LW-413;MW-310;MW-320;PD-201;PD-210,appendix_g_reading;metre_source;standby_section_factor;rig_services_index;monthly_rate_basis;volume_tier_scope;record_signatories;report_vocabulary,appendix_g_reading=LWD_ROWS_SHIFTED;metre_source=PART_B_RUN_METRES;standby_section_factor=APPLY;rig_services_index=NOT_APPLIED;monthly_rate_basis=FINAL_RATE;volume_tier_scope=CONTRACT_WIDE;record_signatories=FORM_SIGNATORIES_REQUIRED;report_vocabulary=CODES_REQUIRED,,
MDS-01410,0,query,conditional,,,10980831,,10980831,10980831,medium,0.75,entitlement_unverified:AMB-13,0,13,DD-120;MW-310;MW-320;PD-201;PD-210,rig_services_index;volume_tier_scope;report_vocabulary,rig_services_index=NOT_APPLIED;volume_tier_scope=CONTRACT_WIDE;report_vocabulary=CODES_REQUIRED,,
MDS-01411,0,query,conditional,,,12829239,,12829239,12829239,medium,0.75,entitlement_unverified:AMB-13,0,15,DD-120;LW-410;LW-411;LW-413;MW-310;MW-320,appendix_g_reading;metre_source;rig_services_index;monthly_rate_basis;record_signatories;report_vocabulary,appendix_g_reading=LWD_ROWS_SHIFTED;metre_source=PART_B_RUN_METRES;rig_services_index=NOT_APPLIED;monthly_rate_basis=FINAL_RATE;record_signatories=FORM_SIGNATORIES_REQUIRED;report_vocabulary=CODES_REQUIRED,,
MDS-01412,0,query,conditional,,,15947794,,15947794,15947794,medium,0.75,entitlement_unverified:AMB-13,0,28,DD-120;LW-410;LW-411;LW-412;MW-310;MW-320;PD-201;PD-210,appendix_g_reading;metre_source;standby_section_factor;rig_services_index;monthly_rate_basis;volume_tier_scope;record_signatories;report_vocabulary,appendix_g_reading=LWD_ROWS_SHIFTED;metre_source=PART_B_RUN_METRES;standby_section_factor=APPLY;rig_services_index=NOT_APPLIED;monthly_rate_basis=FINAL_RATE;volume_tier_scope=CONTRACT_WIDE;record_signatories=FORM_SIGNATORIES_REQUIRED;report_vocabulary=CODES_REQUIRED,,
MDS-01413,0,query,conditional,,,17132746,,17132746,17132746,medium,0.75,entitlement_unverified:AMB-13,0,20,DD-120;MW-310;MW-320;PD-201;PD-210,rig_services_index;volume_tier_scope;record_signatories;report_vocabulary,rig_services_index=NOT_APPLIED;volume_tier_scope=CONTRACT_WIDE;record_signatories=FORM_SIGNATORIES_REQUIRED;report_vocabulary=CODES_REQUIRED,,
MDS-01414,0,query,conditional,,,13285811,,13285811,13285811,medium,0.75,entitlement_unverified:AMB-13,0,24,DD-120;LW-410;LW-411;LW-412;MW-310;MW-320,appendix_g_reading;metre_source;rig_services_index;monthly_rate_basis;record_signatories;report_vocabulary,appendix_g_reading=LWD_ROWS_SHIFTED;metre_source=PART_B_RUN_METRES;rig_services_index=NOT_APPLIED;monthly_rate_basis=FINAL_RATE;record_signatories=FORM_SIGNATORIES_REQUIRED;report_vocabulary=CODES_REQUIRED,,
MDS-01415,1,part-reject,conditional,factor_misapplied,factor_misapplied,10726553,,10662676,10662676,medium,0.75,entitlement_unverified:AMB-13,1,6,MW-310,rig_services_index;record_signatories;report_vocabulary,,,
MDS-01416,1,part-reject,conditional,factor_misapplied,factor_misapplied,7562214,,7551289,7551289,high,0.95,entitlement_unverified:AMB-13,1,9,DD-120;MW-310;MW-320,rig_services_index;monthly_rate_basis;report_vocabulary,,,
MDS-01417,0,query,conditional,,,10962407,,10962407,10962407,medium,0.75,entitlement_unverified:AMB-13,0,11,DD-120;MW-310;MW-320;PD-201;PD-210,pd210_class_factor;rig_services_index;monthly_rate_basis;volume_tier_scope;record_signatories;report_vocabulary,pd210_class_factor=APPLY;rig_services_index=NOT_APPLIED;monthly_rate_basis=FINAL_RATE;volume_tier_scope=CONTRACT_WIDE;record_signatories=FORM_SIGNATORIES_REQUIRED;report_vocabulary=CODES_REQUIRED,,
MDS-01418,0,query,conditional,,,23448664,,23448664,23448664,medium,0.75,entitlement_unverified:AMB-13,0,36,DD-120;LW-410;LW-411;LW-413;MW-310;MW-320;PD-201;PD-210,appendix_g_reading;metre_source;pd210_class_factor;rig_services_index;monthly_rate_basis;volume_tier_scope;record_signatories;report_vocabulary,appendix_g_reading=LWD_ROWS_SHIFTED;metre_source=PART_B_RUN_METRES;pd210_class_factor=APPLY;rig_services_index=NOT_APPLIED;monthly_rate_basis=FINAL_RATE;volume_tier_scope=CONTRACT_WIDE;record_signatories=FORM_SIGNATORIES_REQUIRED;report_vocabulary=CODES_REQUIRED,,
MDS-01419,0,query,conditional,,,17249009,,17249009,17249009,medium,0.75,entitlement_unverified:AMB-13,0,30,DD-120;LW-410;LW-411;LW-412;LW-413;MW-310;MW-320;PD-201;PD-210,appendix_g_reading;metre_source;rig_services_index;monthly_rate_basis;volume_tier_scope;record_signatories;report_vocabulary,appendix_g_reading=LWD_ROWS_SHIFTED;metre_source=PART_B_RUN_METRES;rig_services_index=NOT_APPLIED;monthly_rate_basis=FINAL_RATE;volume_tier_scope=CONTRACT_WIDE;record_signatories=FORM_SIGNATORIES_REQUIRED;report_vocabulary=CODES_REQUIRED,,
MDS-01420,0,query,conditional,,,16654478,,16654478,16654478,medium,0.75,entitlement_unverified:AMB-13,0,15,DD-120;MW-310;MW-320,metre_source;rig_services_index;monthly_rate_basis;record_signatories;report_vocabulary,metre_source=PART_B_RUN_METRES;rig_services_index=NOT_APPLIED;monthly_rate_basis=FINAL_RATE;record_signatories=FORM_SIGNATORIES_REQUIRED;report_vocabulary=CODES_REQUIRED,,
MDS-01421,0,query,conditional,,,21878843,,21878843,21878843,medium,0.75,entitlement_unverified:AMB-13,0,34,DD-120;LW-410;LW-411;LW-412;LW-413;MW-310;MW-320;PD-201;PD-210,appendix_g_reading;metre_source;rig_services_index;monthly_rate_basis;volume_tier_scope;record_signatories;report_vocabulary,appendix_g_reading=LWD_ROWS_SHIFTED;metre_source=PART_B_RUN_METRES;rig_services_index=NOT_APPLIED;monthly_rate_basis=FINAL_RATE;volume_tier_scope=CONTRACT_WIDE;record_signatories=FORM_SIGNATORIES_REQUIRED;report_vocabulary=CODES_REQUIRED,,
MDS-01422,0,query,conditional,,,11071335,,11071335,11071335,medium,0.75,entitlement_unverified:AMB-13,0,6,MW-310,rig_services_index;record_signatories;report_vocabulary,rig_services_index=NOT_APPLIED;record_signatories=FORM_SIGNATORIES_REQUIRED;report_vocabulary=CODES_REQUIRED,,
MDS-01423,0,query,conditional,,,12352922,,12352922,12352922,medium,0.75,entitlement_unverified:AMB-13,0,18,DD-120;LW-410;LW-411;LW-412;MW-310;MW-320;PD-201;PD-210,appendix_g_reading;metre_source;rig_services_index;monthly_rate_basis;volume_tier_scope;record_signatories;report_vocabulary,appendix_g_reading=LWD_ROWS_SHIFTED;metre_source=PART_B_RUN_METRES;rig_services_index=NOT_APPLIED;monthly_rate_basis=FINAL_RATE;volume_tier_scope=CONTRACT_WIDE;record_signatories=FORM_SIGNATORIES_REQUIRED;report_vocabulary=CODES_REQUIRED,,
MDS-01424,1,part-reject,conditional,not_chargeable_on_standby,not_chargeable_on_standby,12180813,,12098064,12098064,high,0.95,entitlement_unverified:AMB-13,1,14,DD-120;MW-310;MW-320,rig_services_index;monthly_rate_basis;report_vocabulary,,,
MDS-01425,0,query,conditional,,,5650535,,5650535,5650535,medium,0.75,entitlement_unverified:AMB-13,0,6,LW-410;MW-310,appendix_g_reading;metre_source;rig_services_index;record_signatories;report_vocabulary,appendix_g_reading=LWD_ROWS_SHIFTED;metre_source=PART_B_RUN_METRES;rig_services_index=NOT_APPLIED;record_signatories=FORM_SIGNATORIES_REQUIRED;report_vocabulary=CODES_REQUIRED,,
MDS-01426,0,query,conditional,,,158311415,,158311415,158311415,medium,0.75,entitlement_unverified:AMB-13,0,31,DD-120;MW-310;MW-320;PD-201;PD-210,pd210_class_factor;rig_services_index;monthly_rate_basis;volume_tier_scope;lih_replacement_value;record_signatories;report_vocabulary,pd210_class_factor=APPLY;rig_services_index=NOT_APPLIED;monthly_rate_basis=FINAL_RATE;volume_tier_scope=CONTRACT_WIDE;lih_replacement_value=SCHEDULE_6_USD;record_signatories=FORM_SIGNATORIES_REQUIRED;report_vocabulary=CODES_REQUIRED,,
MDS-01427,1,part-reject,conditional,superseded_rate,superseded_rate,11056659,,11055715,11055715,high,0.95,entitlement_unverified:AMB-13,1,19,DD-120;LW-410;LW-411;LW-412;LW-413;MW-310;MW-320,appendix_g_reading;metre_source;rig_services_index;monthly_rate_basis;record_signatories;report_vocabulary,,,
MDS-01428,0,query,conditional,,,9194462,,9194462,9194462,medium,0.75,entitlement_unverified:AMB-13,0,10,LW-410;MW-310,appendix_g_reading;metre_source;rig_services_index;record_signatories;report_vocabulary,appendix_g_reading=LWD_ROWS_SHIFTED;metre_source=PART_B_RUN_METRES;rig_services_index=NOT_APPLIED;record_signatories=FORM_SIGNATORIES_REQUIRED;report_vocabulary=CODES_REQUIRED,,
MDS-01429,0,query,conditional,,,23683448,,23683448,23683448,medium,0.75,entitlement_unverified:AMB-13,0,33,DD-120;LW-410;LW-411;LW-412;MW-310;MW-320;PD-201;PD-210,appendix_g_reading;rig_services_index;monthly_rate_basis;volume_tier_scope;record_signatories;report_vocabulary,appendix_g_reading=LWD_ROWS_SHIFTED;rig_services_index=NOT_APPLIED;monthly_rate_basis=FINAL_RATE;volume_tier_scope=CONTRACT_WIDE;record_signatories=FORM_SIGNATORIES_REQUIRED;report_vocabulary=CODES_REQUIRED,,
MDS-01430,0,query,conditional,,,19011410,,19011410,19011410,medium,0.75,entitlement_unverified:AMB-13,0,29,DD-120;LW-410;LW-411;MW-310;MW-320;PD-201;PD-210,appendix_g_reading;metre_source;pd210_class_factor;rig_services_index;monthly_rate_basis;volume_tier_scope;record_signatories;report_vocabulary,appendix_g_reading=LWD_ROWS_SHIFTED;metre_source=PART_B_RUN_METRES;pd210_class_factor=APPLY;rig_services_index=NOT_APPLIED;monthly_rate_basis=FINAL_RATE;volume_tier_scope=CONTRACT_WIDE;record_signatories=FORM_SIGNATORIES_REQUIRED;report_vocabulary=CODES_REQUIRED,,
MDS-01431,0,query,conditional,,,11064802,,11064802,11064802,medium,0.75,entitlement_unverified:AMB-13,0,4,MW-310,rig_services_index;record_signatories;report_vocabulary,rig_services_index=NOT_APPLIED;record_signatories=FORM_SIGNATORIES_REQUIRED;report_vocabulary=CODES_REQUIRED,,
MDS-01432,0,query,conditional,,,13970402,,13970402,13970402,medium,0.75,entitlement_unverified:AMB-13,0,13,DD-120;MW-310;MW-320;PD-201;PD-210,rig_services_index;volume_tier_scope;record_signatories;report_vocabulary,rig_services_index=NOT_APPLIED;volume_tier_scope=CONTRACT_WIDE;record_signatories=FORM_SIGNATORIES_REQUIRED;report_vocabulary=CODES_REQUIRED,,
MDS-01433,0,query,conditional,,,5560417,,5560417,5560417,medium,0.75,entitlement_unverified:AMB-13,0,6,LW-410;MW-310,appendix_g_reading;metre_source;rig_services_index;record_signatories;report_vocabulary,appendix_g_reading=LWD_ROWS_SHIFTED;metre_source=PART_B_RUN_METRES;rig_services_index=NOT_APPLIED;record_signatories=FORM_SIGNATORIES_REQUIRED;report_vocabulary=CODES_REQUIRED,,
MDS-01434,0,query,conditional,,,8275000,,8275000,8275000,medium,0.75,entitlement_unverified:AMB-13,0,8,DD-120;MW-310;MW-320,metre_source;rig_services_index;monthly_rate_basis;record_signatories;report_vocabulary,metre_source=PART_B_RUN_METRES;rig_services_index=NOT_APPLIED;monthly_rate_basis=FINAL_RATE;record_signatories=FORM_SIGNATORIES_REQUIRED;report_vocabulary=CODES_REQUIRED,,
MDS-01435,0,query,conditional,,,18999308,,18999308,18999308,medium,0.75,entitlement_unverified:AMB-13,0,29,DD-120;LW-410;LW-411;LW-412;MW-310;MW-320;PD-201;PD-210,appendix_g_reading;metre_source;rig_services_index;monthly_rate_basis;volume_tier_scope;record_signatories;report_vocabulary,appendix_g_reading=LWD_ROWS_SHIFTED;metre_source=PART_B_RUN_METRES;rig_services_index=NOT_APPLIED;monthly_rate_basis=FINAL_RATE;volume_tier_scope=CONTRACT_WIDE;record_signatories=FORM_SIGNATORIES_REQUIRED;report_vocabulary=CODES_REQUIRED,,
MDS-01436,0,query,conditional,,,138960948,,138960948,138960948,medium,0.75,entitlement_unverified:AMB-13,0,27,DD-120;LW-410;LW-411;LW-412;MW-310;MW-320,appendix_g_reading;metre_source;rig_services_index;monthly_rate_basis;lih_replacement_value;record_signatories;report_vocabulary,appendix_g_reading=LWD_ROWS_SHIFTED;metre_source=PART_B_RUN_METRES;rig_services_index=NOT_APPLIED;monthly_rate_basis=FINAL_RATE;lih_replacement_value=SCHEDULE_6_USD;record_signatories=FORM_SIGNATORIES_REQUIRED;report_vocabulary=CODES_REQUIRED,,
MDS-01437,0,query,conditional,,,7021795,,7021795,7021795,medium,0.75,entitlement_unverified:AMB-13,0,8,LW-410;MW-310,appendix_g_reading;metre_source;rig_services_index;record_signatories;report_vocabulary,appendix_g_reading=LWD_ROWS_SHIFTED;metre_source=PART_B_RUN_METRES;rig_services_index=NOT_APPLIED;record_signatories=FORM_SIGNATORIES_REQUIRED;report_vocabulary=CODES_REQUIRED,,
MDS-01438,1,part-reject,conditional,once_only_exceeded,once_only_exceeded,13275854,,11148642,11148642,high,0.95,entitlement_unverified:AMB-13,1,19,DD-120;LW-410;LW-411;LW-412;LW-413;MW-310;MW-320,appendix_g_reading;metre_source;rig_services_index;monthly_rate_basis;record_signatories;report_vocabulary,,,
MDS-01439,0,query,conditional,,,14316140,,14316140,14316140,medium,0.75,entitlement_unverified:AMB-13,0,18,DD-120;MW-310;MW-320,rig_services_index;monthly_rate_basis;report_vocabulary,rig_services_index=NOT_APPLIED;monthly_rate_basis=FINAL_RATE;report_vocabulary=CODES_REQUIRED,,
MDS-01440,0,query,conditional,,,12366832,,12366832,12366832,medium,0.75,entitlement_unverified:AMB-13,0,9,LW-410;MW-310,appendix_g_reading;metre_source;rig_services_index;record_signatories;report_vocabulary,appendix_g_reading=LWD_ROWS_SHIFTED;metre_source=PART_B_RUN_METRES;rig_services_index=NOT_APPLIED;record_signatories=FORM_SIGNATORIES_REQUIRED;report_vocabulary=CODES_REQUIRED,,
MDS-01441,0,query,conditional,,,15856991,,15856991,15856991,medium,0.75,entitlement_unverified:AMB-13,0,16,DD-120;MW-310;MW-320,metre_source;rig_services_index;monthly_rate_basis;record_signatories;report_vocabulary,metre_source=PART_B_RUN_METRES;rig_services_index=NOT_APPLIED;monthly_rate_basis=FINAL_RATE;record_signatories=FORM_SIGNATORIES_REQUIRED;report_vocabulary=CODES_REQUIRED,,
MDS-01442,0,query,conditional,,,11312573,,11312573,11312573,medium,0.75,entitlement_unverified:AMB-13,0,17,DD-120;LW-410;LW-411;MW-310;MW-320;PD-201;PD-210,appendix_g_reading;pd210_class_factor;standby_section_factor;rig_services_index;monthly_rate_basis;volume_tier_scope;record_signatories;report_vocabulary,appendix_g_reading=LWD_ROWS_SHIFTED;pd210_class_factor=APPLY;standby_section_factor=APPLY;rig_services_index=NOT_APPLIED;monthly_rate_basis=FINAL_RATE;volume_tier_scope=CONTRACT_WIDE;record_signatories=FORM_SIGNATORIES_REQUIRED;report_vocabulary=CODES_REQUIRED,,
MDS-01443,0,query,conditional,,,6069754,,6069754,6069754,medium,0.75,entitlement_unverified:AMB-13,0,4,DD-120;MW-310;MW-320;PD-201,rig_services_index;monthly_rate_basis;report_vocabulary,rig_services_index=NOT_APPLIED;monthly_rate_basis=FINAL_RATE;report_vocabulary=CODES_REQUIRED,,
MDS-01444,0,query,conditional,,,10416381,,10416381,10416381,medium,0.75,entitlement_unverified:AMB-13,0,6,MW-310,standby_section_factor;rig_services_index;monthly_rate_basis;record_signatories;report_vocabulary,standby_section_factor=APPLY;rig_services_index=NOT_APPLIED;monthly_rate_basis=FINAL_RATE;record_signatories=FORM_SIGNATORIES_REQUIRED;report_vocabulary=CODES_REQUIRED,,
MDS-01445,0,query,conditional,,,6434656,,6406147,6406147,medium,0.75,entitlement_unverified:AMB-13,0,8,LW-410;MW-310,appendix_g_reading;metre_source;standby_section_factor;rig_services_index;record_signatories;report_vocabulary,appendix_g_reading=LWD_ROWS_SHIFTED;metre_source=PART_B_RUN_METRES;standby_section_factor=APPLY;rig_services_index=NOT_APPLIED;record_signatories=FORM_SIGNATORIES_REQUIRED;report_vocabulary=CODES_REQUIRED,,
MDS-01446,0,query,conditional,,,20248811,,20248811,20248811,medium,0.75,entitlement_unverified:AMB-13,0,26,DD-120;MW-310;MW-320;PD-201;PD-210,rig_services_index;volume_tier_scope;report_vocabulary,rig_services_index=NOT_APPLIED;volume_tier_scope=CONTRACT_WIDE;report_vocabulary=CODES_REQUIRED,,
MDS-01447,0,query,conditional,,,14896554,,14896554,14896554,medium,0.75,entitlement_unverified:AMB-13,0,25,DD-120;LW-410;LW-411;LW-412;LW-413;MW-310;MW-320,appendix_g_reading;metre_source;rig_services_index;monthly_rate_basis;record_signatories;report_vocabulary,appendix_g_reading=LWD_ROWS_SHIFTED;metre_source=PART_B_RUN_METRES;rig_services_index=NOT_APPLIED;monthly_rate_basis=FINAL_RATE;record_signatories=FORM_SIGNATORIES_REQUIRED;report_vocabulary=CODES_REQUIRED,,
MDS-01448,0,query,conditional,,,16700096,,16700096,16700096,medium,0.75,entitlement_unverified:AMB-13,0,32,DD-120;LW-410;LW-411;LW-412;MW-310;MW-320;PD-201;PD-210,appendix_g_reading;metre_source;rig_services_index;monthly_rate_basis;volume_tier_scope;record_signatories;report_vocabulary,appendix_g_reading=LWD_ROWS_SHIFTED;metre_source=PART_B_RUN_METRES;rig_services_index=NOT_APPLIED;monthly_rate_basis=FINAL_RATE;volume_tier_scope=CONTRACT_WIDE;record_signatories=FORM_SIGNATORIES_REQUIRED;report_vocabulary=CODES_REQUIRED,,
MDS-01449,0,query,conditional,,,13686394,,13686394,13686394,medium,0.75,entitlement_unverified:AMB-13,0,5,MW-310,rig_services_index;record_signatories;report_vocabulary,rig_services_index=NOT_APPLIED;record_signatories=FORM_SIGNATORIES_REQUIRED;report_vocabulary=CODES_REQUIRED,,
MDS-01450,0,query,conditional,,,6604534,,6604534,6604534,medium,0.75,entitlement_unverified:AMB-13,0,3,LW-410;MW-310,appendix_g_reading;metre_source;rig_services_index;record_signatories;report_vocabulary,appendix_g_reading=LWD_ROWS_SHIFTED;metre_source=PART_B_RUN_METRES;rig_services_index=NOT_APPLIED;record_signatories=FORM_SIGNATORIES_REQUIRED;report_vocabulary=CODES_REQUIRED,,
MDS-01451,0,query,conditional,,,16146991,,16146991,16146991,medium,0.75,entitlement_unverified:AMB-13,0,28,DD-120;LW-410;LW-411;MW-310;MW-320;PD-201;PD-210,appendix_g_reading;metre_source;pd210_class_factor;rig_services_index;monthly_rate_basis;volume_tier_scope;record_signatories;report_vocabulary,appendix_g_reading=LWD_ROWS_SHIFTED;metre_source=PART_B_RUN_METRES;pd210_class_factor=APPLY;rig_services_index=NOT_APPLIED;monthly_rate_basis=FINAL_RATE;volume_tier_scope=CONTRACT_WIDE;record_signatories=FORM_SIGNATORIES_REQUIRED;report_vocabulary=CODES_REQUIRED,,
MDS-01452,0,query,conditional,,,9097521,,9097521,9097521,medium,0.75,entitlement_unverified:AMB-13,0,3,MW-310,rig_services_index;record_signatories;report_vocabulary,rig_services_index=NOT_APPLIED;record_signatories=FORM_SIGNATORIES_REQUIRED;report_vocabulary=CODES_REQUIRED,,
MDS-01453,0,query,conditional,,,6787682,,6787682,6787682,medium,0.75,entitlement_unverified:AMB-13,0,3,LW-410;MW-310,appendix_g_reading;metre_source;rig_services_index;record_signatories;report_vocabulary,appendix_g_reading=LWD_ROWS_SHIFTED;metre_source=PART_B_RUN_METRES;rig_services_index=NOT_APPLIED;record_signatories=FORM_SIGNATORIES_REQUIRED;report_vocabulary=CODES_REQUIRED,,
MDS-01454,0,query,conditional,,,16812190,,16812190,16812190,medium,0.75,entitlement_unverified:AMB-13,0,22,DD-120;LW-410;LW-411;MW-310;MW-320,appendix_g_reading;metre_source;rig_services_index;monthly_rate_basis;record_signatories;report_vocabulary,appendix_g_reading=LWD_ROWS_SHIFTED;metre_source=PART_B_RUN_METRES;rig_services_index=NOT_APPLIED;monthly_rate_basis=FINAL_RATE;record_signatories=FORM_SIGNATORIES_REQUIRED;report_vocabulary=CODES_REQUIRED,,
MDS-01455,0,query,conditional,,,9439675,,9439675,9439675,medium,0.75,entitlement_unverified:AMB-13,0,3,MW-310,rig_services_index;record_signatories;report_vocabulary,rig_services_index=NOT_APPLIED;record_signatories=FORM_SIGNATORIES_REQUIRED;report_vocabulary=CODES_REQUIRED,,
MDS-01456,0,query,conditional,,,23425815,,23425815,23425815,medium,0.75,entitlement_unverified:AMB-13,0,38,DD-120;LW-410;LW-411;LW-412;LW-413;MW-310;MW-320,appendix_g_reading;metre_source;rig_services_index;monthly_rate_basis;record_signatories;report_vocabulary,appendix_g_reading=LWD_ROWS_SHIFTED;metre_source=PART_B_RUN_METRES;rig_services_index=NOT_APPLIED;monthly_rate_basis=FINAL_RATE;record_signatories=FORM_SIGNATORIES_REQUIRED;report_vocabulary=CODES_REQUIRED,,
MDS-01457,0,query,conditional,,,28018833,,28018833,28018833,medium,0.75,entitlement_unverified:AMB-13,0,51,DD-120;LW-410;LW-411;LW-412;LW-413;MW-310;MW-320;PD-201;PD-210,appendix_g_reading;metre_source;rig_services_index;monthly_rate_basis;volume_tier_scope;record_signatories;report_vocabulary,appendix_g_reading=LWD_ROWS_SHIFTED;metre_source=PART_B_RUN_METRES;rig_services_index=NOT_APPLIED;monthly_rate_basis=FINAL_RATE;volume_tier_scope=CONTRACT_WIDE;record_signatories=FORM_SIGNATORIES_REQUIRED;report_vocabulary=CODES_REQUIRED,,
MDS-01458,1,part-reject,conditional,lost_in_hole_valuation,lost_in_hole_valuation,63148894,,55820035,55820035,high,0.95,entitlement_unverified:AMB-13,1,32,DD-120;LW-410;LW-411;LW-413;MW-310;MW-320,appendix_g_reading;metre_source;rig_services_index;monthly_rate_basis;lih_replacement_value;record_signatories;report_vocabulary,,,
MDS-01459,1,part-reject,conditional,factor_misapplied,factor_misapplied,6634685,,6582255,6582255,medium,0.75,entitlement_unverified:AMB-13,1,5,DD-120;MW-310;MW-320,rig_services_index;record_signatories;report_vocabulary,,,
MDS-01460,0,query,conditional,,,15137278,,15137278,15137278,medium,0.75,entitlement_unverified:AMB-13,0,19,DD-120;MW-310;MW-320;PD-201;PD-210,rig_services_index;volume_tier_scope;report_vocabulary,rig_services_index=NOT_APPLIED;volume_tier_scope=CONTRACT_WIDE;report_vocabulary=CODES_REQUIRED,,
MDS-01461,0,query,conditional,,,9024504,,9024504,9024504,medium,0.75,entitlement_unverified:AMB-13,0,5,MW-310,rig_services_index;record_signatories;report_vocabulary,rig_services_index=NOT_APPLIED;record_signatories=FORM_SIGNATORIES_REQUIRED;report_vocabulary=CODES_REQUIRED,,
MDS-01462,0,query,conditional,,,6392205,,6392205,6392205,medium,0.75,entitlement_unverified:AMB-13,0,4,MW-310,standby_section_factor;rig_services_index;monthly_rate_basis;record_signatories;report_vocabulary,standby_section_factor=APPLY;rig_services_index=NOT_APPLIED;monthly_rate_basis=FINAL_RATE;record_signatories=FORM_SIGNATORIES_REQUIRED;report_vocabulary=CODES_REQUIRED,,
MDS-01463,0,query,conditional,,,17117250,,17117250,17117250,medium,0.75,entitlement_unverified:AMB-13,0,28,DD-120;LW-410;LW-411;MW-310;MW-320;PD-201;PD-210,appendix_g_reading;metre_source;pd210_class_factor;rig_services_index;monthly_rate_basis;volume_tier_scope;record_signatories;report_vocabulary,appendix_g_reading=LWD_ROWS_SHIFTED;metre_source=PART_B_RUN_METRES;pd210_class_factor=APPLY;rig_services_index=NOT_APPLIED;monthly_rate_basis=FINAL_RATE;volume_tier_scope=CONTRACT_WIDE;record_signatories=FORM_SIGNATORIES_REQUIRED;report_vocabulary=CODES_REQUIRED,,
MDS-01464,0,query,conditional,,,8330410,,8330410,8330410,medium,0.75,entitlement_unverified:AMB-13,0,5,MW-310,rig_services_index;report_vocabulary,rig_services_index=NOT_APPLIED;report_vocabulary=CODES_REQUIRED,,
MDS-01465,0,query,conditional,,,11637948,,11637948,11637948,medium,0.75,entitlement_unverified:AMB-13,0,4,MW-310,rig_services_index;record_signatories;report_vocabulary,rig_services_index=NOT_APPLIED;record_signatories=FORM_SIGNATORIES_REQUIRED;report_vocabulary=CODES_REQUIRED,,
MDS-01466,0,query,conditional,,,15195431,,15195431,15195431,medium,0.75,entitlement_unverified:AMB-13,0,6,MW-310,rig_services_index;record_signatories;report_vocabulary,rig_services_index=NOT_APPLIED;record_signatories=FORM_SIGNATORIES_REQUIRED;report_vocabulary=CODES_REQUIRED,,
MDS-01467,0,query,conditional,,,5850884,,5850884,5850884,medium,0.75,entitlement_unverified:AMB-13,0,8,DD-120;MW-310;MW-320,rig_services_index;report_vocabulary,rig_services_index=NOT_APPLIED;report_vocabulary=CODES_REQUIRED,,
MDS-01468,0,query,conditional,,,26776490,,26776490,26776490,medium,0.75,entitlement_unverified:AMB-13,0,43,DD-120;LW-410;LW-411;LW-413;MW-310;MW-320;PD-201;PD-210,appendix_g_reading;metre_source;rig_services_index;monthly_rate_basis;volume_tier_scope;record_signatories;report_vocabulary,appendix_g_reading=LWD_ROWS_SHIFTED;metre_source=PART_B_RUN_METRES;rig_services_index=NOT_APPLIED;monthly_rate_basis=FINAL_RATE;volume_tier_scope=CONTRACT_WIDE;record_signatories=FORM_SIGNATORIES_REQUIRED;report_vocabulary=CODES_REQUIRED,,
MDS-01469,0,query,conditional,,,11815962,,11815962,11815962,medium,0.75,entitlement_unverified:AMB-13,0,20,DD-120;LW-410;LW-411;MW-310;MW-320,appendix_g_reading;metre_source;rig_services_index;monthly_rate_basis;record_signatories;report_vocabulary,appendix_g_reading=LWD_ROWS_SHIFTED;metre_source=PART_B_RUN_METRES;rig_services_index=NOT_APPLIED;monthly_rate_basis=FINAL_RATE;record_signatories=FORM_SIGNATORIES_REQUIRED;report_vocabulary=CODES_REQUIRED,,
MDS-01470,0,query,conditional,,,9354864,,9354864,9354864,medium,0.75,entitlement_unverified:AMB-13,0,4,MW-310,standby_section_factor;rig_services_index;report_vocabulary,standby_section_factor=APPLY;rig_services_index=NOT_APPLIED;report_vocabulary=CODES_REQUIRED,,
MDS-01471,0,query,conditional,,,15516949,,15516949,15516949,medium,0.75,entitlement_unverified:AMB-13,0,14,DD-120;MW-310;MW-320;PD-201;PD-210,rig_services_index;volume_tier_scope;record_signatories;report_vocabulary,rig_services_index=NOT_APPLIED;volume_tier_scope=CONTRACT_WIDE;record_signatories=FORM_SIGNATORIES_REQUIRED;report_vocabulary=CODES_REQUIRED,,
MDS-01472,0,query,conditional,,,11948204,,11948204,11948204,medium,0.75,entitlement_unverified:AMB-13,0,15,DD-120;LW-410;LW-411;LW-412;MW-310;MW-320,appendix_g_reading;metre_source;rig_services_index;monthly_rate_basis;record_signatories;report_vocabulary,appendix_g_reading=LWD_ROWS_SHIFTED;metre_source=PART_B_RUN_METRES;rig_services_index=NOT_APPLIED;monthly_rate_basis=FINAL_RATE;record_signatories=FORM_SIGNATORIES_REQUIRED;report_vocabulary=CODES_REQUIRED,,
MDS-01473,0,query,conditional,,,20264322,,20264322,20264322,medium,0.75,entitlement_unverified:AMB-13,0,34,DD-120;LW-410;LW-411;LW-412;LW-413;MW-310;MW-320;PD-201;PD-210,appendix_g_reading;metre_source;standby_section_factor;rig_services_index;monthly_rate_basis;volume_tier_scope;record_signatories;report_vocabulary,appendix_g_reading=LWD_ROWS_SHIFTED;metre_source=PART_B_RUN_METRES;standby_section_factor=APPLY;rig_services_index=NOT_APPLIED;monthly_rate_basis=FINAL_RATE;volume_tier_scope=CONTRACT_WIDE;record_signatories=FORM_SIGNATORIES_REQUIRED;report_vocabulary=CODES_REQUIRED,,
MDS-01474,0,query,conditional,,,12014140,,12014140,12014140,medium,0.75,entitlement_unverified:AMB-13,0,20,DD-120;LW-410;LW-411;MW-310;MW-320,appendix_g_reading;metre_source;rig_services_index;monthly_rate_basis;record_signatories;report_vocabulary,appendix_g_reading=LWD_ROWS_SHIFTED;metre_source=PART_B_RUN_METRES;rig_services_index=NOT_APPLIED;monthly_rate_basis=FINAL_RATE;record_signatories=FORM_SIGNATORIES_REQUIRED;report_vocabulary=CODES_REQUIRED,,
MDS-01475,0,query,conditional,,,21341978,,21341978,21341978,medium,0.75,entitlement_unverified:AMB-13,0,30,DD-120;LW-410;LW-411;LW-413;MW-310;MW-320;PD-201;PD-210,appendix_g_reading;metre_source;pd210_class_factor;rig_services_index;monthly_rate_basis;volume_tier_scope;record_signatories;report_vocabulary,appendix_g_reading=LWD_ROWS_SHIFTED;metre_source=PART_B_RUN_METRES;pd210_class_factor=APPLY;rig_services_index=NOT_APPLIED;monthly_rate_basis=FINAL_RATE;volume_tier_scope=CONTRACT_WIDE;record_signatories=FORM_SIGNATORIES_REQUIRED;report_vocabulary=CODES_REQUIRED,,
MDS-01476,0,query,conditional,,,6838231,,6838231,6838231,medium,0.75,entitlement_unverified:AMB-13,0,9,DD-120;MW-310;MW-320,rig_services_index;report_vocabulary,rig_services_index=NOT_APPLIED;report_vocabulary=CODES_REQUIRED,,
MDS-01477,0,query,conditional,,,7764884,,7764884,7764884,medium,0.75,entitlement_unverified:AMB-13,0,4,MW-310,rig_services_index;record_signatories;report_vocabulary,rig_services_index=NOT_APPLIED;record_signatories=FORM_SIGNATORIES_REQUIRED;report_vocabulary=CODES_REQUIRED,,
MDS-01478,0,query,conditional,,,5411033,,5411033,5411033,medium,0.75,entitlement_unverified:AMB-13,0,3,MW-310,rig_services_index;record_signatories;report_vocabulary,rig_services_index=NOT_APPLIED;record_signatories=FORM_SIGNATORIES_REQUIRED;report_vocabulary=CODES_REQUIRED,,
MDS-01479,0,query,conditional,,,15751160,,15751160,15751160,medium,0.75,entitlement_unverified:AMB-13,0,12,DD-120;MW-310;MW-320,metre_source;rig_services_index;record_signatories;report_vocabulary,metre_source=PART_B_RUN_METRES;rig_services_index=NOT_APPLIED;record_signatories=FORM_SIGNATORIES_REQUIRED;report_vocabulary=CODES_REQUIRED,,
MDS-01480,0,query,conditional,,,11868391,,11868391,11868391,medium,0.75,entitlement_unverified:AMB-13,0,18,DD-120;LW-410;LW-411;LW-413;MW-310;MW-320,appendix_g_reading;metre_source;standby_section_factor;rig_services_index;monthly_rate_basis;record_signatories;report_vocabulary,appendix_g_reading=LWD_ROWS_SHIFTED;metre_source=PART_B_RUN_METRES;standby_section_factor=APPLY;rig_services_index=NOT_APPLIED;monthly_rate_basis=FINAL_RATE;record_signatories=FORM_SIGNATORIES_REQUIRED;report_vocabulary=CODES_REQUIRED,,
MDS-01481,0,query,conditional,,,12461179,,12461179,12461179,medium,0.75,entitlement_unverified:AMB-13,0,10,DD-120;MW-310;MW-320;PD-201;PD-210,standby_section_factor;rig_services_index;monthly_rate_basis;volume_tier_scope;record_signatories;report_vocabulary,standby_section_factor=APPLY;rig_services_index=NOT_APPLIED;monthly_rate_basis=FINAL_RATE;volume_tier_scope=CONTRACT_WIDE;record_signatories=FORM_SIGNATORIES_REQUIRED;report_vocabulary=CODES_REQUIRED,,
MDS-01482,0,query,conditional,,,6656513,,6656513,6656513,medium,0.75,entitlement_unverified:AMB-13,0,9,DD-120;MW-310;MW-320,rig_services_index;report_vocabulary,rig_services_index=NOT_APPLIED;report_vocabulary=CODES_REQUIRED,,
MDS-01483,1,part-reject,conditional,index_misapplied,index_misapplied,12682497,,12680131,12680131,high,0.95,entitlement_unverified:AMB-13,1,6,MW-310,rig_services_index;record_signatories;report_vocabulary,,,
MDS-01484,0,query,conditional,,,9639734,,9639734,9639734,medium,0.75,entitlement_unverified:AMB-13,0,3,MW-310,rig_services_index;record_signatories;report_vocabulary,rig_services_index=NOT_APPLIED;record_signatories=FORM_SIGNATORIES_REQUIRED;report_vocabulary=CODES_REQUIRED,,
MDS-01485,0,query,conditional,,,4857602,,4857602,4857602,medium,0.75,entitlement_unverified:AMB-13,0,3,MW-310,standby_section_factor;rig_services_index;monthly_rate_basis;record_signatories;report_vocabulary,standby_section_factor=APPLY;rig_services_index=NOT_APPLIED;monthly_rate_basis=FINAL_RATE;record_signatories=FORM_SIGNATORIES_REQUIRED;report_vocabulary=CODES_REQUIRED,,
MDS-01486,0,query,conditional,,,8220880,,8220880,8220880,medium,0.75,entitlement_unverified:AMB-13,0,8,DD-120;LW-410;LW-411;MW-310;MW-320,appendix_g_reading;metre_source;rig_services_index;monthly_rate_basis;record_signatories;report_vocabulary,appendix_g_reading=LWD_ROWS_SHIFTED;metre_source=PART_B_RUN_METRES;rig_services_index=NOT_APPLIED;monthly_rate_basis=FINAL_RATE;record_signatories=FORM_SIGNATORIES_REQUIRED;report_vocabulary=CODES_REQUIRED,,
MDS-01487,0,query,conditional,,,14194726,,14194726,14194726,medium,0.75,entitlement_unverified:AMB-13,0,22,DD-120;LW-410;LW-411;MW-310;MW-320;PD-201;PD-210,appendix_g_reading;metre_source;pd210_class_factor;rig_services_index;monthly_rate_basis;volume_tier_scope;record_signatories;report_vocabulary,appendix_g_reading=LWD_ROWS_SHIFTED;metre_source=PART_B_RUN_METRES;pd210_class_factor=APPLY;rig_services_index=NOT_APPLIED;monthly_rate_basis=FINAL_RATE;volume_tier_scope=CONTRACT_WIDE;record_signatories=FORM_SIGNATORIES_REQUIRED;report_vocabulary=CODES_REQUIRED,,
MDS-01488,0,query,conditional,,,10187016,,10187016,10187016,medium,0.75,entitlement_unverified:AMB-13,0,15,DD-120;MW-310;MW-320;PD-201;PD-210,rig_services_index;volume_tier_scope;report_vocabulary,rig_services_index=NOT_APPLIED;volume_tier_scope=CONTRACT_WIDE;report_vocabulary=CODES_REQUIRED,,
MDS-01489,0,query,conditional,,,17209900,,17209900,17209900,medium,0.75,entitlement_unverified:AMB-13,0,30,DD-120;LW-410;LW-411;LW-413;MW-310;MW-320;PD-201;PD-210,appendix_g_reading;metre_source;rig_services_index;monthly_rate_basis;volume_tier_scope;record_signatories;report_vocabulary,appendix_g_reading=LWD_ROWS_SHIFTED;metre_source=PART_B_RUN_METRES;rig_services_index=NOT_APPLIED;monthly_rate_basis=FINAL_RATE;volume_tier_scope=CONTRACT_WIDE;record_signatories=FORM_SIGNATORIES_REQUIRED;report_vocabulary=CODES_REQUIRED,,
MDS-01490,0,query,conditional,,,14870222,,14870222,14870222,medium,0.75,entitlement_unverified:AMB-13,0,21,DD-120;MW-310;MW-320;PD-201;PD-210,rig_services_index;volume_tier_scope;report_vocabulary,rig_services_index=NOT_APPLIED;volume_tier_scope=CONTRACT_WIDE;report_vocabulary=CODES_REQUIRED,,
MDS-01491,1,part-reject,conditional,factor_misapplied,factor_misapplied,5238864,,5229082,5229082,high,0.95,entitlement_unverified:AMB-13,1,6,LW-410;MW-310,appendix_g_reading;metre_source;rig_services_index;record_signatories;report_vocabulary,,,
MDS-01492,0,query,conditional,,,8050091,,8050091,8050091,medium,0.75,entitlement_unverified:AMB-13,0,11,DD-120;LW-410;LW-411;MW-310;MW-320,appendix_g_reading;rig_services_index;monthly_rate_basis;record_signatories;report_vocabulary,appendix_g_reading=LWD_ROWS_SHIFTED;rig_services_index=NOT_APPLIED;monthly_rate_basis=FINAL_RATE;record_signatories=FORM_SIGNATORIES_REQUIRED;report_vocabulary=CODES_REQUIRED,,
MDS-01493,0,query,conditional,,,9745962,,9745962,9745962,medium,0.75,entitlement_unverified:AMB-13,0,5,MW-310,rig_services_index;record_signatories;report_vocabulary,rig_services_index=NOT_APPLIED;record_signatories=FORM_SIGNATORIES_REQUIRED;report_vocabulary=CODES_REQUIRED,,
MDS-01494,0,query,conditional,,,19269698,,19269698,19269698,medium,0.75,entitlement_unverified:AMB-13,0,22,DD-120;MW-310;MW-320;PD-201;PD-210,rig_services_index;volume_tier_scope;record_signatories;report_vocabulary,rig_services_index=NOT_APPLIED;volume_tier_scope=CONTRACT_WIDE;record_signatories=FORM_SIGNATORIES_REQUIRED;report_vocabulary=CODES_REQUIRED,,
MDS-01495,0,query,conditional,,,15935465,,15935465,15935465,medium,0.75,entitlement_unverified:AMB-13,0,22,DD-120;LW-410;LW-411;LW-413;MW-310;MW-320,appendix_g_reading;metre_source;rig_services_index;monthly_rate_basis;record_signatories;report_vocabulary,appendix_g_reading=LWD_ROWS_SHIFTED;metre_source=PART_B_RUN_METRES;rig_services_index=NOT_APPLIED;monthly_rate_basis=FINAL_RATE;record_signatories=FORM_SIGNATORIES_REQUIRED;report_vocabulary=CODES_REQUIRED,,
MDS-01496,0,query,conditional,,,11225243,,11225243,11225243,medium,0.75,entitlement_unverified:AMB-13,0,4,MW-310,rig_services_index;record_signatories;report_vocabulary,rig_services_index=NOT_APPLIED;record_signatories=FORM_SIGNATORIES_REQUIRED;report_vocabulary=CODES_REQUIRED,,
MDS-01497,0,query,conditional,,,12376385,,12376385,12376385,medium,0.75,entitlement_unverified:AMB-13,0,12,DD-120;MW-310;MW-320,metre_source;rig_services_index;record_signatories;report_vocabulary,metre_source=PART_B_RUN_METRES;rig_services_index=NOT_APPLIED;record_signatories=FORM_SIGNATORIES_REQUIRED;report_vocabulary=CODES_REQUIRED,,
MDS-01498,0,query,conditional,,,22411568,,22411568,22411568,medium,0.75,entitlement_unverified:AMB-13,0,33,DD-120;LW-410;LW-411;LW-413;MW-310;MW-320;PD-201;PD-210,appendix_g_reading;rig_services_index;monthly_rate_basis;volume_tier_scope;record_signatories;report_vocabulary,appendix_g_reading=LWD_ROWS_SHIFTED;rig_services_index=NOT_APPLIED;monthly_rate_basis=FINAL_RATE;volume_tier_scope=CONTRACT_WIDE;record_signatories=FORM_SIGNATORIES_REQUIRED;report_vocabulary=CODES_REQUIRED,,
MDS-01499,1,part-reject,conditional,quantity_exceeds_record,quantity_exceeds_record,10529022,,10485872,10485872,high,0.95,entitlement_unverified:AMB-13,1,12,DD-120;LW-410;MW-310;MW-320;PD-201,appendix_g_reading;metre_source;rig_services_index;monthly_rate_basis;record_signatories;report_vocabulary,,,
MDS-01500,0,query,conditional,,,13719430,,13719430,13719430,medium,0.75,entitlement_unverified:AMB-13,0,11,LW-410;MW-310,appendix_g_reading;metre_source;rig_services_index;record_signatories;report_vocabulary,appendix_g_reading=LWD_ROWS_SHIFTED;metre_source=PART_B_RUN_METRES;rig_services_index=NOT_APPLIED;record_signatories=FORM_SIGNATORIES_REQUIRED;report_vocabulary=CODES_REQUIRED,,
MDS-01501,0,query,conditional,,,12018667,,12018667,12018667,medium,0.75,entitlement_unverified:AMB-13,0,15,DD-120;MW-310;MW-320;PD-201;PD-210,rig_services_index;volume_tier_scope;report_vocabulary,rig_services_index=NOT_APPLIED;volume_tier_scope=CONTRACT_WIDE;report_vocabulary=CODES_REQUIRED,,
MDS-01502,0,query,conditional,,,8917255,,8917255,8917255,medium,0.75,entitlement_unverified:AMB-13,0,9,LW-410;MW-310,appendix_g_reading;metre_source;standby_section_factor;rig_services_index;record_signatories;report_vocabulary,appendix_g_reading=LWD_ROWS_SHIFTED;metre_source=PART_B_RUN_METRES;standby_section_factor=APPLY;rig_services_index=NOT_APPLIED;record_signatories=FORM_SIGNATORIES_REQUIRED;report_vocabulary=CODES_REQUIRED,,
MDS-01503,0,query,conditional,,,11111627,,11111627,11111627,medium,0.75,entitlement_unverified:AMB-13,0,20,DD-120;LW-410;LW-411;MW-310;MW-320,appendix_g_reading;metre_source;rig_services_index;monthly_rate_basis;record_signatories;report_vocabulary,appendix_g_reading=LWD_ROWS_SHIFTED;metre_source=PART_B_RUN_METRES;rig_services_index=NOT_APPLIED;monthly_rate_basis=FINAL_RATE;record_signatories=FORM_SIGNATORIES_REQUIRED;report_vocabulary=CODES_REQUIRED,,
MDS-01504,0,query,conditional,,,14140812,,14140812,14140812,medium,0.75,entitlement_unverified:AMB-13,0,16,DD-120;MW-310;MW-320;PD-201;PD-210,rig_services_index;volume_tier_scope;record_signatories;report_vocabulary,rig_services_index=NOT_APPLIED;volume_tier_scope=CONTRACT_WIDE;record_signatories=FORM_SIGNATORIES_REQUIRED;report_vocabulary=CODES_REQUIRED,,
MDS-01505,0,query,conditional,,,20154442,,20154442,20154442,medium,0.75,entitlement_unverified:AMB-13,0,32,DD-120;LW-410;LW-411;MW-310;MW-320;PD-201;PD-210,appendix_g_reading;metre_source;rig_services_index;monthly_rate_basis;volume_tier_scope;record_signatories;report_vocabulary,appendix_g_reading=LWD_ROWS_SHIFTED;metre_source=PART_B_RUN_METRES;rig_services_index=NOT_APPLIED;monthly_rate_basis=FINAL_RATE;volume_tier_scope=CONTRACT_WIDE;record_signatories=FORM_SIGNATORIES_REQUIRED;report_vocabulary=CODES_REQUIRED,,
MDS-01506,0,query,conditional,,,5530701,,5530701,5530701,medium,0.75,entitlement_unverified:AMB-13,0,3,DD-120;MW-310;MW-320,rig_services_index;monthly_rate_basis;report_vocabulary,rig_services_index=NOT_APPLIED;monthly_rate_basis=FINAL_RATE;report_vocabulary=CODES_REQUIRED,,
MDS-01507,0,query,conditional,,,7459201,,7459201,7459201,medium,0.75,entitlement_unverified:AMB-13,0,4,MW-310,rig_services_index;record_signatories;report_vocabulary,rig_services_index=NOT_APPLIED;record_signatories=FORM_SIGNATORIES_REQUIRED;report_vocabulary=CODES_REQUIRED,,
MDS-01508,0,query,conditional,,,11946770,,11946770,11946770,medium,0.75,entitlement_unverified:AMB-13,0,15,DD-120;LW-410;LW-411;LW-412;MW-310;MW-320,appendix_g_reading;metre_source;rig_services_index;monthly_rate_basis;record_signatories;report_vocabulary,appendix_g_reading=LWD_ROWS_SHIFTED;metre_source=PART_B_RUN_METRES;rig_services_index=NOT_APPLIED;monthly_rate_basis=FINAL_RATE;record_signatories=FORM_SIGNATORIES_REQUIRED;report_vocabulary=CODES_REQUIRED,,
MDS-01509,0,query,conditional,,,7685412,,7685412,7685412,medium,0.75,entitlement_unverified:AMB-13,0,4,MW-310,rig_services_index;record_signatories;report_vocabulary,rig_services_index=NOT_APPLIED;record_signatories=FORM_SIGNATORIES_REQUIRED;report_vocabulary=CODES_REQUIRED,,
MDS-01510,0,query,conditional,,,11387522,,11387522,11387522,medium,0.75,entitlement_unverified:AMB-13,0,15,DD-120;MW-310;MW-320;PD-201;PD-210,rig_services_index;volume_tier_scope;report_vocabulary,rig_services_index=NOT_APPLIED;volume_tier_scope=CONTRACT_WIDE;report_vocabulary=CODES_REQUIRED,,
MDS-01511,0,query,conditional,,,12024015,,12024015,12024015,medium,0.75,entitlement_unverified:AMB-13,0,16,DD-120;MW-310;MW-320;PD-201;PD-210,rig_services_index;volume_tier_scope;report_vocabulary,rig_services_index=NOT_APPLIED;volume_tier_scope=CONTRACT_WIDE;report_vocabulary=CODES_REQUIRED,,
MDS-01512,0,query,conditional,,,16756859,,16756859,16756859,medium,0.75,entitlement_unverified:AMB-13,0,26,DD-120;LW-410;LW-411;LW-413;MW-310;MW-320,appendix_g_reading;metre_source;rig_services_index;monthly_rate_basis;record_signatories;report_vocabulary,appendix_g_reading=LWD_ROWS_SHIFTED;metre_source=PART_B_RUN_METRES;rig_services_index=NOT_APPLIED;monthly_rate_basis=FINAL_RATE;record_signatories=FORM_SIGNATORIES_REQUIRED;report_vocabulary=CODES_REQUIRED,,
MDS-01513,0,query,conditional,,,14819045,,14819045,14819045,medium,0.75,entitlement_unverified:AMB-13,0,24,DD-120;LW-410;LW-411;MW-310;MW-320;PD-201;PD-210,appendix_g_reading;metre_source;standby_section_factor;rig_services_index;monthly_rate_basis;volume_tier_scope;record_signatories;report_vocabulary,appendix_g_reading=LWD_ROWS_SHIFTED;metre_source=PART_B_RUN_METRES;standby_section_factor=APPLY;rig_services_index=NOT_APPLIED;monthly_rate_basis=FINAL_RATE;volume_tier_scope=CONTRACT_WIDE;record_signatories=FORM_SIGNATORIES_REQUIRED;report_vocabulary=CODES_REQUIRED,,
MDS-01514,0,query,conditional,,,19324879,,19324879,19324879,medium,0.75,entitlement_unverified:AMB-13,0,26,DD-120;MW-310;MW-320;PD-201;PD-210,rig_services_index;volume_tier_scope;report_vocabulary,rig_services_index=NOT_APPLIED;volume_tier_scope=CONTRACT_WIDE;report_vocabulary=CODES_REQUIRED,,
MDS-01515,0,query,conditional,,,5688941,,5688941,5688941,medium,0.75,entitlement_unverified:AMB-13,0,6,LW-410;MW-310,appendix_g_reading;metre_source;rig_services_index;record_signatories;report_vocabulary,appendix_g_reading=LWD_ROWS_SHIFTED;metre_source=PART_B_RUN_METRES;rig_services_index=NOT_APPLIED;record_signatories=FORM_SIGNATORIES_REQUIRED;report_vocabulary=CODES_REQUIRED,,
MDS-01516,0,query,conditional,,,4973158,,4973158,4973158,medium,0.75,entitlement_unverified:AMB-13,0,1,MW-310,rig_services_index;record_signatories;report_vocabulary,rig_services_index=NOT_APPLIED;record_signatories=FORM_SIGNATORIES_REQUIRED;report_vocabulary=CODES_REQUIRED,,
MDS-01517,0,query,conditional,,,23674718,,23674718,23674718,medium,0.75,entitlement_unverified:AMB-13,0,37,DD-120;LW-410;LW-411;LW-413;MW-310;MW-320;PD-201;PD-210,appendix_g_reading;metre_source;rig_services_index;monthly_rate_basis;volume_tier_scope;record_signatories;report_vocabulary,appendix_g_reading=LWD_ROWS_SHIFTED;metre_source=PART_B_RUN_METRES;rig_services_index=NOT_APPLIED;monthly_rate_basis=FINAL_RATE;volume_tier_scope=CONTRACT_WIDE;record_signatories=FORM_SIGNATORIES_REQUIRED;report_vocabulary=CODES_REQUIRED,,
MDS-01518,0,query,conditional,,,20150556,,20150556,20150556,medium,0.75,entitlement_unverified:AMB-13,0,29,DD-120;LW-410;LW-411;MW-310;MW-320;PD-201;PD-210,appendix_g_reading;metre_source;rig_services_index;monthly_rate_basis;volume_tier_scope;record_signatories;report_vocabulary,appendix_g_reading=LWD_ROWS_SHIFTED;metre_source=PART_B_RUN_METRES;rig_services_index=NOT_APPLIED;monthly_rate_basis=FINAL_RATE;volume_tier_scope=CONTRACT_WIDE;record_signatories=FORM_SIGNATORIES_REQUIRED;report_vocabulary=CODES_REQUIRED,,
MDS-01519,0,query,conditional,,,18586309,,18586309,18586309,medium,0.75,entitlement_unverified:AMB-13,0,18,DD-120;MW-310;MW-320;PD-201;PD-210,pd210_class_factor;rig_services_index;monthly_rate_basis;volume_tier_scope;record_signatories;report_vocabulary,pd210_class_factor=APPLY;rig_services_index=NOT_APPLIED;monthly_rate_basis=FINAL_RATE;volume_tier_scope=CONTRACT_WIDE;record_signatories=FORM_SIGNATORIES_REQUIRED;report_vocabulary=CODES_REQUIRED,,
MDS-01520,0,query,conditional,,,15631134,,15631134,15631134,medium,0.75,entitlement_unverified:AMB-13,0,29,DD-120;LW-410;LW-411;LW-412;MW-310;MW-320,appendix_g_reading;metre_source;standby_section_factor;rig_services_index;monthly_rate_basis;record_signatories;report_vocabulary,appendix_g_reading=LWD_ROWS_SHIFTED;metre_source=PART_B_RUN_METRES;standby_section_factor=APPLY;rig_services_index=NOT_APPLIED;monthly_rate_basis=FINAL_RATE;record_signatories=FORM_SIGNATORIES_REQUIRED;report_vocabulary=CODES_REQUIRED,,
MDS-01521,0,query,conditional,,,144182819,,144182819,144182819,medium,0.75,entitlement_unverified:AMB-13,0,12,DD-120;MW-310;MW-320,rig_services_index;monthly_rate_basis;lih_replacement_value;record_signatories;report_vocabulary,rig_services_index=NOT_APPLIED;monthly_rate_basis=FINAL_RATE;lih_replacement_value=SCHEDULE_6_USD;record_signatories=FORM_SIGNATORIES_REQUIRED;report_vocabulary=CODES_REQUIRED,,
MDS-01522,0,query,conditional,,,13207247,,13207247,13207247,medium,0.75,entitlement_unverified:AMB-13,0,5,MW-310,rig_services_index;record_signatories;report_vocabulary,rig_services_index=NOT_APPLIED;record_signatories=FORM_SIGNATORIES_REQUIRED;report_vocabulary=CODES_REQUIRED,,
MDS-01523,0,query,conditional,,,16243773,,16243773,16243773,medium,0.75,entitlement_unverified:AMB-13,0,24,DD-120;LW-410;LW-411;LW-413;MW-310;MW-320;PD-201;PD-210,appendix_g_reading;metre_source;rig_services_index;monthly_rate_basis;volume_tier_scope;record_signatories;report_vocabulary,appendix_g_reading=LWD_ROWS_SHIFTED;metre_source=PART_B_RUN_METRES;rig_services_index=NOT_APPLIED;monthly_rate_basis=FINAL_RATE;volume_tier_scope=CONTRACT_WIDE;record_signatories=FORM_SIGNATORIES_REQUIRED;report_vocabulary=CODES_REQUIRED,,
MDS-01524,0,query,conditional,,,8389666,,8389666,8389666,medium,0.75,entitlement_unverified:AMB-13,0,5,LW-410;MW-310,appendix_g_reading;metre_source;rig_services_index;record_signatories;report_vocabulary,appendix_g_reading=LWD_ROWS_SHIFTED;metre_source=PART_B_RUN_METRES;rig_services_index=NOT_APPLIED;record_signatories=FORM_SIGNATORIES_REQUIRED;report_vocabulary=CODES_REQUIRED,,
MDS-01525,0,query,conditional,,,9710367,,9710367,9710367,medium,0.75,entitlement_unverified:AMB-13,0,3,MW-310,rig_services_index;record_signatories;report_vocabulary,rig_services_index=NOT_APPLIED;record_signatories=FORM_SIGNATORIES_REQUIRED;report_vocabulary=CODES_REQUIRED,,
MDS-01526,0,query,conditional,,,25523596,,25523596,25523596,medium,0.75,entitlement_unverified:AMB-13,0,43,DD-120;LW-410;LW-411;LW-413;MW-310;MW-320;PD-201;PD-210,appendix_g_reading;metre_source;rig_services_index;monthly_rate_basis;volume_tier_scope;record_signatories;report_vocabulary,appendix_g_reading=LWD_ROWS_SHIFTED;metre_source=PART_B_RUN_METRES;rig_services_index=NOT_APPLIED;monthly_rate_basis=FINAL_RATE;volume_tier_scope=CONTRACT_WIDE;record_signatories=FORM_SIGNATORIES_REQUIRED;report_vocabulary=CODES_REQUIRED,,
MDS-01527,0,query,conditional,,,9666392,,9666392,9666392,medium,0.75,entitlement_unverified:AMB-13,0,14,DD-120;MW-310;MW-320;PD-201;PD-210,rig_services_index;volume_tier_scope;report_vocabulary,rig_services_index=NOT_APPLIED;volume_tier_scope=CONTRACT_WIDE;report_vocabulary=CODES_REQUIRED,,
MDS-01528,0,query,conditional,,,12419274,,12419274,12419274,medium,0.75,entitlement_unverified:AMB-13,0,5,MW-310,rig_services_index;record_signatories;report_vocabulary,rig_services_index=NOT_APPLIED;record_signatories=FORM_SIGNATORIES_REQUIRED;report_vocabulary=CODES_REQUIRED,,
MDS-01529,0,query,conditional,,,6895585,,6895585,6895585,medium,0.75,entitlement_unverified:AMB-13,0,8,LW-410;MW-310,appendix_g_reading;metre_source;rig_services_index;record_signatories;report_vocabulary,appendix_g_reading=LWD_ROWS_SHIFTED;metre_source=PART_B_RUN_METRES;rig_services_index=NOT_APPLIED;record_signatories=FORM_SIGNATORIES_REQUIRED;report_vocabulary=CODES_REQUIRED,,
MDS-01530,0,query,conditional,,,15771071,,15771071,15771071,medium,0.75,entitlement_unverified:AMB-13,0,28,DD-120;LW-410;LW-411;MW-310;MW-320;PD-201;PD-210,appendix_g_reading;metre_source;rig_services_index;monthly_rate_basis;volume_tier_scope;record_signatories;report_vocabulary,appendix_g_reading=LWD_ROWS_SHIFTED;metre_source=PART_B_RUN_METRES;rig_services_index=NOT_APPLIED;monthly_rate_basis=FINAL_RATE;volume_tier_scope=CONTRACT_WIDE;record_signatories=FORM_SIGNATORIES_REQUIRED;report_vocabulary=CODES_REQUIRED,,
MDS-01531,0,query,conditional,,,7150215,,7150215,7150215,medium,0.75,entitlement_unverified:AMB-13,0,9,DD-120;MW-310;MW-320,rig_services_index;monthly_rate_basis;report_vocabulary,rig_services_index=NOT_APPLIED;monthly_rate_basis=FINAL_RATE;report_vocabulary=CODES_REQUIRED,,
MDS-01532,0,query,conditional,,,26519239,,26519239,26519239,medium,0.75,entitlement_unverified:AMB-13,0,38,DD-120;LW-410;LW-411;LW-413;MW-310;MW-320;PD-201;PD-210,appendix_g_reading;metre_source;rig_services_index;monthly_rate_basis;volume_tier_scope;record_signatories;report_vocabulary,appendix_g_reading=LWD_ROWS_SHIFTED;metre_source=PART_B_RUN_METRES;rig_services_index=NOT_APPLIED;monthly_rate_basis=FINAL_RATE;volume_tier_scope=CONTRACT_WIDE;record_signatories=FORM_SIGNATORIES_REQUIRED;report_vocabulary=CODES_REQUIRED,,
MDS-01533,0,query,conditional,,,142982200,,142982200,142982200,medium,0.75,entitlement_unverified:AMB-13,0,26,DD-120;LW-410;LW-411;LW-413;MW-310;MW-320;PD-201;PD-210,appendix_g_reading;metre_source;standby_section_factor;rig_services_index;monthly_rate_basis;volume_tier_scope;lih_replacement_value;record_signatories;report_vocabulary,appendix_g_reading=LWD_ROWS_SHIFTED;metre_source=PART_B_RUN_METRES;standby_section_factor=APPLY;rig_services_index=NOT_APPLIED;monthly_rate_basis=FINAL_RATE;volume_tier_scope=CONTRACT_WIDE;lih_replacement_value=SCHEDULE_6_USD;record_signatories=FORM_SIGNATORIES_REQUIRED;report_vocabulary=CODES_REQUIRED,,
MDS-01534,1,part-reject,conditional,factor_misapplied,factor_misapplied,9132684,,9133496,9133496,medium,0.75,entitlement_unverified:AMB-13,1,5,MW-310,rig_services_index;record_signatories;report_vocabulary,,,
MDS-01535,0,query,conditional,,,10566364,,10566364,10566364,medium,0.75,entitlement_unverified:AMB-13,0,6,MW-310,rig_services_index;record_signatories;report_vocabulary,rig_services_index=NOT_APPLIED;record_signatories=FORM_SIGNATORIES_REQUIRED;report_vocabulary=CODES_REQUIRED,,
MDS-01536,0,query,conditional,,,14536218,,14536218,14536218,medium,0.75,entitlement_unverified:AMB-13,0,19,DD-120;MW-310;MW-320;PD-201;PD-210,pd210_class_factor;rig_services_index;monthly_rate_basis;volume_tier_scope;report_vocabulary,pd210_class_factor=APPLY;rig_services_index=NOT_APPLIED;monthly_rate_basis=FINAL_RATE;volume_tier_scope=CONTRACT_WIDE;report_vocabulary=CODES_REQUIRED,,
MDS-01537,0,query,conditional,,,5151095,,5151095,5151095,medium,0.75,entitlement_unverified:AMB-13,0,6,LW-410;MW-310,appendix_g_reading;metre_source;rig_services_index;record_signatories;report_vocabulary,appendix_g_reading=LWD_ROWS_SHIFTED;metre_source=PART_B_RUN_METRES;rig_services_index=NOT_APPLIED;record_signatories=FORM_SIGNATORIES_REQUIRED;report_vocabulary=CODES_REQUIRED,,
MDS-01538,0,query,conditional,,,15993454,,15993454,15993454,medium,0.75,entitlement_unverified:AMB-13,0,32,DD-120;LW-410;LW-411;LW-412;MW-310;MW-320;PD-201;PD-210,appendix_g_reading;metre_source;rig_services_index;monthly_rate_basis;volume_tier_scope;record_signatories;report_vocabulary,appendix_g_reading=LWD_ROWS_SHIFTED;metre_source=PART_B_RUN_METRES;rig_services_index=NOT_APPLIED;monthly_rate_basis=FINAL_RATE;volume_tier_scope=CONTRACT_WIDE;record_signatories=FORM_SIGNATORIES_REQUIRED;report_vocabulary=CODES_REQUIRED,,
MDS-01539,0,query,conditional,,,8504237,,8504237,8504237,medium,0.75,entitlement_unverified:AMB-13,0,12,DD-120;LW-410;LW-411;LW-412;MW-310;MW-320,appendix_g_reading;rig_services_index;monthly_rate_basis;record_signatories;report_vocabulary,appendix_g_reading=LWD_ROWS_SHIFTED;rig_services_index=NOT_APPLIED;monthly_rate_basis=FINAL_RATE;record_signatories=FORM_SIGNATORIES_REQUIRED;report_vocabulary=CODES_REQUIRED,,
MDS-01540,0,query,conditional,,,8426135,,8426135,8426135,medium,0.75,entitlement_unverified:AMB-13,0,5,LW-410;MW-310,appendix_g_reading;metre_source;rig_services_index;record_signatories;report_vocabulary,appendix_g_reading=LWD_ROWS_SHIFTED;metre_source=PART_B_RUN_METRES;rig_services_index=NOT_APPLIED;record_signatories=FORM_SIGNATORIES_REQUIRED;report_vocabulary=CODES_REQUIRED,,
MDS-01541,0,query,conditional,,,11783552,,11783552,11783552,medium,0.75,entitlement_unverified:AMB-13,0,14,DD-120;LW-410;MW-310;MW-320;PD-201,appendix_g_reading;metre_source;rig_services_index;monthly_rate_basis;record_signatories;report_vocabulary,appendix_g_reading=LWD_ROWS_SHIFTED;metre_source=PART_B_RUN_METRES;rig_services_index=NOT_APPLIED;monthly_rate_basis=FINAL_RATE;record_signatories=FORM_SIGNATORIES_REQUIRED;report_vocabulary=CODES_REQUIRED,,
MDS-01542,0,query,conditional,,,12207075,,12207075,12207075,medium,0.75,entitlement_unverified:AMB-13,0,22,DD-120;LW-410;LW-411;LW-413;MW-310;MW-320;PD-201;PD-210,appendix_g_reading;metre_source;rig_services_index;monthly_rate_basis;volume_tier_scope;record_signatories;report_vocabulary,appendix_g_reading=LWD_ROWS_SHIFTED;metre_source=PART_B_RUN_METRES;rig_services_index=NOT_APPLIED;monthly_rate_basis=FINAL_RATE;volume_tier_scope=CONTRACT_WIDE;record_signatories=FORM_SIGNATORIES_REQUIRED;report_vocabulary=CODES_REQUIRED,,
MDS-01543,0,query,conditional,,,9381826,,9381826,9381826,medium,0.75,entitlement_unverified:AMB-13,0,6,MW-310,standby_section_factor;rig_services_index;monthly_rate_basis;report_vocabulary,standby_section_factor=APPLY;rig_services_index=NOT_APPLIED;monthly_rate_basis=FINAL_RATE;report_vocabulary=CODES_REQUIRED,,
MDS-01544,0,query,conditional,,,14089805,,14089805,14089805,medium,0.75,entitlement_unverified:AMB-13,0,24,DD-120;LW-410;LW-411;MW-310;MW-320;PD-201;PD-210,appendix_g_reading;metre_source;standby_section_factor;rig_services_index;monthly_rate_basis;volume_tier_scope;record_signatories;report_vocabulary,appendix_g_reading=LWD_ROWS_SHIFTED;metre_source=PART_B_RUN_METRES;standby_section_factor=APPLY;rig_services_index=NOT_APPLIED;monthly_rate_basis=FINAL_RATE;volume_tier_scope=CONTRACT_WIDE;record_signatories=FORM_SIGNATORIES_REQUIRED;report_vocabulary=CODES_REQUIRED,,
MDS-01545,0,query,conditional,,,9866319,,9866319,9866319,medium,0.75,entitlement_unverified:AMB-13,0,11,LW-410;MW-310,appendix_g_reading;metre_source;standby_section_factor;rig_services_index;record_signatories;report_vocabulary,appendix_g_reading=LWD_ROWS_SHIFTED;metre_source=PART_B_RUN_METRES;standby_section_factor=APPLY;rig_services_index=NOT_APPLIED;record_signatories=FORM_SIGNATORIES_REQUIRED;report_vocabulary=CODES_REQUIRED,,
MDS-01546,0,query,conditional,,,10787454,,10787454,10787454,medium,0.75,entitlement_unverified:AMB-13,0,12,DD-120;LW-410;LW-411;LW-413;MW-310;MW-320;PD-201;PD-210,appendix_g_reading;metre_source;rig_services_index;monthly_rate_basis;volume_tier_scope;record_signatories;report_vocabulary,appendix_g_reading=LWD_ROWS_SHIFTED;metre_source=PART_B_RUN_METRES;rig_services_index=NOT_APPLIED;monthly_rate_basis=FINAL_RATE;volume_tier_scope=CONTRACT_WIDE;record_signatories=FORM_SIGNATORIES_REQUIRED;report_vocabulary=CODES_REQUIRED,,
MDS-01547,0,query,conditional,,,11331432,,11331432,11331432,medium,0.75,entitlement_unverified:AMB-13,0,4,MW-310,rig_services_index;record_signatories;report_vocabulary,rig_services_index=NOT_APPLIED;record_signatories=FORM_SIGNATORIES_REQUIRED;report_vocabulary=CODES_REQUIRED,,
MDS-01548,0,query,conditional,,,13457776,,13457776,13457776,medium,0.75,entitlement_unverified:AMB-13,0,15,DD-120;MW-310;MW-320;PD-201;PD-210,pd210_class_factor;rig_services_index;monthly_rate_basis;volume_tier_scope;report_vocabulary,pd210_class_factor=APPLY;rig_services_index=NOT_APPLIED;monthly_rate_basis=FINAL_RATE;volume_tier_scope=CONTRACT_WIDE;report_vocabulary=CODES_REQUIRED,,
MDS-01549,0,query,conditional,,,17902189,,17902189,17902189,medium,0.75,entitlement_unverified:AMB-13,0,14,DD-120;MW-310;MW-320;PD-201;PD-210,metre_source;pd210_class_factor;rig_services_index;monthly_rate_basis;volume_tier_scope;record_signatories;report_vocabulary,metre_source=PART_B_RUN_METRES;pd210_class_factor=APPLY;rig_services_index=NOT_APPLIED;monthly_rate_basis=FINAL_RATE;volume_tier_scope=CONTRACT_WIDE;record_signatories=FORM_SIGNATORIES_REQUIRED;report_vocabulary=CODES_REQUIRED,,
MDS-01550,0,query,conditional,,,74310261,,74310261,74310261,medium,0.75,entitlement_unverified:AMB-13,0,34,DD-120;LW-410;LW-411;LW-412;LW-413;MW-310;MW-320;PD-201;PD-210,appendix_g_reading;metre_source;rig_services_index;monthly_rate_basis;volume_tier_scope;lih_replacement_value;record_signatories;report_vocabulary,appendix_g_reading=LWD_ROWS_SHIFTED;metre_source=PART_B_RUN_METRES;rig_services_index=NOT_APPLIED;monthly_rate_basis=FINAL_RATE;volume_tier_scope=CONTRACT_WIDE;lih_replacement_value=SCHEDULE_6_USD;record_signatories=FORM_SIGNATORIES_REQUIRED;report_vocabulary=CODES_REQUIRED,,
MDS-01551,0,query,conditional,,,11599285,,11599285,11599285,medium,0.75,entitlement_unverified:AMB-13,0,19,DD-120;LW-410;LW-411;LW-412;LW-413;MW-310;MW-320,appendix_g_reading;metre_source;rig_services_index;monthly_rate_basis;record_signatories;report_vocabulary,appendix_g_reading=LWD_ROWS_SHIFTED;metre_source=PART_B_RUN_METRES;rig_services_index=NOT_APPLIED;monthly_rate_basis=FINAL_RATE;record_signatories=FORM_SIGNATORIES_REQUIRED;report_vocabulary=CODES_REQUIRED,,
MDS-01552,0,query,conditional,,,10243950,,10243950,10243950,medium,0.75,entitlement_unverified:AMB-13,0,12,DD-120;LW-410;MW-310;MW-320;PD-201,appendix_g_reading;metre_source;rig_services_index;monthly_rate_basis;record_signatories;report_vocabulary,appendix_g_reading=LWD_ROWS_SHIFTED;metre_source=PART_B_RUN_METRES;rig_services_index=NOT_APPLIED;monthly_rate_basis=FINAL_RATE;record_signatories=FORM_SIGNATORIES_REQUIRED;report_vocabulary=CODES_REQUIRED,,
MDS-01553,0,query,conditional,,,9125733,,9125733,9125733,medium,0.75,entitlement_unverified:AMB-13,0,7,DD-120;MW-310;MW-320,metre_source;rig_services_index;monthly_rate_basis;record_signatories;report_vocabulary,metre_source=PART_B_RUN_METRES;rig_services_index=NOT_APPLIED;monthly_rate_basis=FINAL_RATE;record_signatories=FORM_SIGNATORIES_REQUIRED;report_vocabulary=CODES_REQUIRED,,
MDS-01554,0,query,conditional,,,15502439,,15502439,15502439,medium,0.75,entitlement_unverified:AMB-13,0,6,MW-310,rig_services_index;record_signatories;report_vocabulary,rig_services_index=NOT_APPLIED;record_signatories=FORM_SIGNATORIES_REQUIRED;report_vocabulary=CODES_REQUIRED,,
MDS-01555,0,query,conditional,,,17104260,,17104260,17104260,medium,0.75,entitlement_unverified:AMB-13,0,29,DD-120;LW-410;LW-411;MW-310;MW-320;PD-201;PD-210,appendix_g_reading;metre_source;rig_services_index;monthly_rate_basis;volume_tier_scope;record_signatories;report_vocabulary,appendix_g_reading=LWD_ROWS_SHIFTED;metre_source=PART_B_RUN_METRES;rig_services_index=NOT_APPLIED;monthly_rate_basis=FINAL_RATE;volume_tier_scope=CONTRACT_WIDE;record_signatories=FORM_SIGNATORIES_REQUIRED;report_vocabulary=CODES_REQUIRED,,
MDS-01556,1,part-reject,conditional,depth_band_misapplied,depth_band_misapplied,26431107,,26042177,26042177,high,0.95,entitlement_unverified:AMB-13,1,32,DD-120;LW-410;LW-411;LW-413;MW-310;MW-320;PD-201;PD-210,appendix_g_reading;metre_source;pd210_class_factor;rig_services_index;monthly_rate_basis;volume_tier_scope;record_signatories;report_vocabulary,,,
MDS-01557,0,query,conditional,,,10751593,,10751593,10751593,medium,0.75,entitlement_unverified:AMB-13,0,15,DD-120;LW-410;LW-411;LW-412;LW-413;MW-310;MW-320,appendix_g_reading;metre_source;standby_section_factor;rig_services_index;monthly_rate_basis;record_signatories;report_vocabulary,appendix_g_reading=LWD_ROWS_SHIFTED;metre_source=PART_B_RUN_METRES;standby_section_factor=APPLY;rig_services_index=NOT_APPLIED;monthly_rate_basis=FINAL_RATE;record_signatories=FORM_SIGNATORIES_REQUIRED;report_vocabulary=CODES_REQUIRED,,
MDS-01558,0,query,conditional,,,10638535,,10638535,10638535,medium,0.75,entitlement_unverified:AMB-13,0,6,MW-310,standby_section_factor;rig_services_index;monthly_rate_basis;record_signatories;report_vocabulary,standby_section_factor=APPLY;rig_services_index=NOT_APPLIED;monthly_rate_basis=FINAL_RATE;record_signatories=FORM_SIGNATORIES_REQUIRED;report_vocabulary=CODES_REQUIRED,,
MDS-01559,0,query,conditional,,,10236003,,10236003,10236003,medium,0.75,entitlement_unverified:AMB-13,0,7,LW-410;MW-310,appendix_g_reading;metre_source;rig_services_index;record_signatories;report_vocabulary,appendix_g_reading=LWD_ROWS_SHIFTED;metre_source=PART_B_RUN_METRES;rig_services_index=NOT_APPLIED;record_signatories=FORM_SIGNATORIES_REQUIRED;report_vocabulary=CODES_REQUIRED,,
MDS-01560,0,query,conditional,,,18514361,,18514361,18514361,medium,0.75,entitlement_unverified:AMB-13,0,29,DD-120;LW-410;LW-411;LW-412;LW-413;MW-310;MW-320;PD-201;PD-210,appendix_g_reading;metre_source;rig_services_index;monthly_rate_basis;volume_tier_scope;record_signatories;report_vocabulary,appendix_g_reading=LWD_ROWS_SHIFTED;metre_source=PART_B_RUN_METRES;rig_services_index=NOT_APPLIED;monthly_rate_basis=FINAL_RATE;volume_tier_scope=CONTRACT_WIDE;record_signatories=FORM_SIGNATORIES_REQUIRED;report_vocabulary=CODES_REQUIRED,,
MDS-01561,0,query,conditional,,,16508224,,16508224,16508224,medium,0.75,entitlement_unverified:AMB-13,0,15,DD-120;MW-310;MW-320,metre_source;rig_services_index;monthly_rate_basis;record_signatories;report_vocabulary,metre_source=PART_B_RUN_METRES;rig_services_index=NOT_APPLIED;monthly_rate_basis=FINAL_RATE;record_signatories=FORM_SIGNATORIES_REQUIRED;report_vocabulary=CODES_REQUIRED,,
MDS-01562,0,query,conditional,,,8872178,,8872178,8872178,medium,0.75,entitlement_unverified:AMB-13,0,7,DD-120;MW-310;MW-320;PD-201;PD-210,rig_services_index;volume_tier_scope;record_signatories;report_vocabulary,rig_services_index=NOT_APPLIED;volume_tier_scope=CONTRACT_WIDE;record_signatories=FORM_SIGNATORIES_REQUIRED;report_vocabulary=CODES_REQUIRED,,
MDS-01563,0,query,conditional,,,6549142,,6549142,6549142,medium,0.75,entitlement_unverified:AMB-13,0,3,LW-410;MW-310,appendix_g_reading;metre_source;rig_services_index;record_signatories;report_vocabulary,appendix_g_reading=LWD_ROWS_SHIFTED;metre_source=PART_B_RUN_METRES;rig_services_index=NOT_APPLIED;record_signatories=FORM_SIGNATORIES_REQUIRED;report_vocabulary=CODES_REQUIRED,,
MDS-01564,0,query,conditional,,,15048387,,15048387,15048387,medium,0.75,entitlement_unverified:AMB-13,0,15,DD-120;MW-310;MW-320;PD-201;PD-210,metre_source;pd210_class_factor;rig_services_index;monthly_rate_basis;volume_tier_scope;record_signatories;report_vocabulary,metre_source=PART_B_RUN_METRES;pd210_class_factor=APPLY;rig_services_index=NOT_APPLIED;monthly_rate_basis=FINAL_RATE;volume_tier_scope=CONTRACT_WIDE;record_signatories=FORM_SIGNATORIES_REQUIRED;report_vocabulary=CODES_REQUIRED,,
MDS-01565,0,query,conditional,,,11759077,,11759077,11759077,medium,0.75,entitlement_unverified:AMB-13,0,9,LW-410;MW-310,appendix_g_reading;metre_source;rig_services_index;record_signatories;report_vocabulary,appendix_g_reading=LWD_ROWS_SHIFTED;metre_source=PART_B_RUN_METRES;rig_services_index=NOT_APPLIED;record_signatories=FORM_SIGNATORIES_REQUIRED;report_vocabulary=CODES_REQUIRED,,
MDS-01566,0,query,conditional,,,7680063,,7680063,7680063,medium,0.75,entitlement_unverified:AMB-13,0,14,DD-120;LW-410;LW-411;LW-412;MW-310;MW-320,appendix_g_reading;metre_source;standby_section_factor;rig_services_index;monthly_rate_basis;record_signatories;report_vocabulary,appendix_g_reading=LWD_ROWS_SHIFTED;metre_source=PART_B_RUN_METRES;standby_section_factor=APPLY;rig_services_index=NOT_APPLIED;monthly_rate_basis=FINAL_RATE;record_signatories=FORM_SIGNATORIES_REQUIRED;report_vocabulary=CODES_REQUIRED,,
MDS-01567,0,query,conditional,,,9595910,,9595910,9595910,medium,0.75,entitlement_unverified:AMB-13,0,3,MW-310,rig_services_index;record_signatories;report_vocabulary,rig_services_index=NOT_APPLIED;record_signatories=FORM_SIGNATORIES_REQUIRED;report_vocabulary=CODES_REQUIRED,,
MDS-01568,0,query,conditional,,,19774773,,19774773,19774773,medium,0.75,entitlement_unverified:AMB-13,0,26,DD-120;LW-410;LW-411;LW-413;MW-310;MW-320;PD-201;PD-210,appendix_g_reading;metre_source;rig_services_index;monthly_rate_basis;volume_tier_scope;record_signatories;report_vocabulary,appendix_g_reading=LWD_ROWS_SHIFTED;metre_source=PART_B_RUN_METRES;rig_services_index=NOT_APPLIED;monthly_rate_basis=FINAL_RATE;volume_tier_scope=CONTRACT_WIDE;record_signatories=FORM_SIGNATORIES_REQUIRED;report_vocabulary=CODES_REQUIRED,,
MDS-01569,0,query,conditional,,,24158329,,24158329,24158329,medium,0.75,entitlement_unverified:AMB-13,0,26,DD-120;MW-310;MW-320;PD-201;PD-210,metre_source;rig_services_index;volume_tier_scope;record_signatories;report_vocabulary,metre_source=PART_B_RUN_METRES;rig_services_index=NOT_APPLIED;volume_tier_scope=CONTRACT_WIDE;record_signatories=FORM_SIGNATORIES_REQUIRED;report_vocabulary=CODES_REQUIRED,,
MDS-01570,0,query,conditional,,,17756501,,17756501,17756501,medium,0.75,entitlement_unverified:AMB-13,0,20,DD-120;LW-410;LW-411;LW-413;MW-310;MW-320;PD-201;PD-210,appendix_g_reading;metre_source;pd210_class_factor;rig_services_index;monthly_rate_basis;volume_tier_scope;record_signatories;report_vocabulary,appendix_g_reading=LWD_ROWS_SHIFTED;metre_source=PART_B_RUN_METRES;pd210_class_factor=APPLY;rig_services_index=NOT_APPLIED;monthly_rate_basis=FINAL_RATE;volume_tier_scope=CONTRACT_WIDE;record_signatories=FORM_SIGNATORIES_REQUIRED;report_vocabulary=CODES_REQUIRED,,
MDS-01571,0,query,conditional,,,4679367,,4679367,4679367,medium,0.75,entitlement_unverified:AMB-13,0,3,MW-310,standby_section_factor;rig_services_index;monthly_rate_basis;report_vocabulary,standby_section_factor=APPLY;rig_services_index=NOT_APPLIED;monthly_rate_basis=FINAL_RATE;report_vocabulary=CODES_REQUIRED,,
MDS-01572,0,query,conditional,,,28168929,,28168929,28168929,medium,0.75,entitlement_unverified:AMB-13,0,30,DD-120;MW-310;MW-320;PD-201;PD-210,metre_source;pd210_class_factor;rig_services_index;monthly_rate_basis;volume_tier_scope;record_signatories;report_vocabulary,metre_source=PART_B_RUN_METRES;pd210_class_factor=APPLY;rig_services_index=NOT_APPLIED;monthly_rate_basis=FINAL_RATE;volume_tier_scope=CONTRACT_WIDE;record_signatories=FORM_SIGNATORIES_REQUIRED;report_vocabulary=CODES_REQUIRED,,
MDS-01573,0,query,conditional,,,5601621,,5601621,5601621,medium,0.75,entitlement_unverified:AMB-13,0,3,DD-120;MW-310;MW-320,rig_services_index;monthly_rate_basis;report_vocabulary,rig_services_index=NOT_APPLIED;monthly_rate_basis=FINAL_RATE;report_vocabulary=CODES_REQUIRED,,
MDS-01574,0,query,conditional,,,9115457,,9115457,9115457,medium,0.75,entitlement_unverified:AMB-13,0,11,DD-120;LW-410;LW-411;MW-310;MW-320,appendix_g_reading;metre_source;rig_services_index;monthly_rate_basis;record_signatories;report_vocabulary,appendix_g_reading=LWD_ROWS_SHIFTED;metre_source=PART_B_RUN_METRES;rig_services_index=NOT_APPLIED;monthly_rate_basis=FINAL_RATE;record_signatories=FORM_SIGNATORIES_REQUIRED;report_vocabulary=CODES_REQUIRED,,
MDS-01575,0,query,conditional,,,9133496,,9133496,9133496,medium,0.75,entitlement_unverified:AMB-13,0,5,MW-310,rig_services_index;record_signatories;report_vocabulary,rig_services_index=NOT_APPLIED;record_signatories=FORM_SIGNATORIES_REQUIRED;report_vocabulary=CODES_REQUIRED,,
MDS-01576,0,query,conditional,,,7988881,,7988881,7988881,medium,0.75,entitlement_unverified:AMB-13,0,7,DD-120;MW-310;MW-320;PD-201;PD-210,rig_services_index;volume_tier_scope;record_signatories;report_vocabulary,rig_services_index=NOT_APPLIED;volume_tier_scope=CONTRACT_WIDE;record_signatories=FORM_SIGNATORIES_REQUIRED;report_vocabulary=CODES_REQUIRED,,
MDS-01577,0,query,conditional,,,13602410,,13602410,13602410,medium,0.75,entitlement_unverified:AMB-13,0,6,MW-310,standby_section_factor;rig_services_index;monthly_rate_basis;record_signatories;report_vocabulary,standby_section_factor=APPLY;rig_services_index=NOT_APPLIED;monthly_rate_basis=FINAL_RATE;record_signatories=FORM_SIGNATORIES_REQUIRED;report_vocabulary=CODES_REQUIRED,,
MDS-01578,0,query,conditional,,,56555738,,56555738,56555738,medium,0.75,entitlement_unverified:AMB-13,0,6,MW-310,rig_services_index;lih_replacement_value;record_signatories;report_vocabulary,rig_services_index=NOT_APPLIED;lih_replacement_value=SCHEDULE_6_USD;record_signatories=FORM_SIGNATORIES_REQUIRED;report_vocabulary=CODES_REQUIRED,,
MDS-01579,0,query,conditional,,,9391274,,9391274,9391274,medium,0.75,entitlement_unverified:AMB-13,0,7,DD-120;MW-310;MW-320;PD-201;PD-210,pd210_class_factor;rig_services_index;monthly_rate_basis;volume_tier_scope;record_signatories;report_vocabulary,pd210_class_factor=APPLY;rig_services_index=NOT_APPLIED;monthly_rate_basis=FINAL_RATE;volume_tier_scope=CONTRACT_WIDE;record_signatories=FORM_SIGNATORIES_REQUIRED;report_vocabulary=CODES_REQUIRED,,
MDS-01580,0,query,conditional,,,31006146,,31006146,31006146,medium,0.75,entitlement_unverified:AMB-13,0,6,MW-310,standby_section_factor;rig_services_index;monthly_rate_basis;lih_replacement_value;record_signatories;report_vocabulary,standby_section_factor=APPLY;rig_services_index=NOT_APPLIED;monthly_rate_basis=FINAL_RATE;lih_replacement_value=SCHEDULE_6_USD;record_signatories=FORM_SIGNATORIES_REQUIRED;report_vocabulary=CODES_REQUIRED,,
MDS-01581,0,query,conditional,,,10706400,,10706400,10706400,medium,0.75,entitlement_unverified:AMB-13,0,16,DD-120;LW-410;LW-411;LW-413;MW-310;MW-320,appendix_g_reading;metre_source;rig_services_index;monthly_rate_basis;record_signatories;report_vocabulary,appendix_g_reading=LWD_ROWS_SHIFTED;metre_source=PART_B_RUN_METRES;rig_services_index=NOT_APPLIED;monthly_rate_basis=FINAL_RATE;record_signatories=FORM_SIGNATORIES_REQUIRED;report_vocabulary=CODES_REQUIRED,,
MDS-01582,0,query,conditional,,,21877340,,21877340,21877340,medium,0.75,entitlement_unverified:AMB-13,0,24,DD-120;MW-310;MW-320;PD-201;PD-210,metre_source;rig_services_index;volume_tier_scope;record_signatories;report_vocabulary,metre_source=PART_B_RUN_METRES;rig_services_index=NOT_APPLIED;volume_tier_scope=CONTRACT_WIDE;record_signatories=FORM_SIGNATORIES_REQUIRED;report_vocabulary=CODES_REQUIRED,,
MDS-01583,0,query,conditional,,,14592734,,14592734,14592734,medium,0.75,entitlement_unverified:AMB-13,0,20,DD-120;MW-310;MW-320;PD-201;PD-210,rig_services_index;volume_tier_scope;report_vocabulary,rig_services_index=NOT_APPLIED;volume_tier_scope=CONTRACT_WIDE;report_vocabulary=CODES_REQUIRED,,
MDS-01584,0,query,conditional,,,9525907,,9525907,9525907,medium,0.75,entitlement_unverified:AMB-13,0,3,MW-310,rig_services_index;record_signatories;report_vocabulary,rig_services_index=NOT_APPLIED;record_signatories=FORM_SIGNATORIES_REQUIRED;report_vocabulary=CODES_REQUIRED,,
MDS-01585,0,query,conditional,,,11532214,,11532214,11532214,low,0.55,entitlement_unverified:AMB-13,0,4,MW-310,rig_services_index;backdated_adjustment;record_signatories;report_vocabulary,rig_services_index=NOT_APPLIED;backdated_adjustment=CONTRACT_WIDE_AFTER;backdated_adjustment=PER_WELL;record_signatories=FORM_SIGNATORIES_REQUIRED;report_vocabulary=CODES_REQUIRED,,
MDS-01586,0,query,conditional,,,12363668,,12363668,12363668,medium,0.75,entitlement_unverified:AMB-13,0,5,MW-310,rig_services_index;record_signatories;report_vocabulary,rig_services_index=NOT_APPLIED;record_signatories=FORM_SIGNATORIES_REQUIRED;report_vocabulary=CODES_REQUIRED,,
MDS-01587,0,query,conditional,,,19864444,,19864444,19864444,medium,0.75,entitlement_unverified:AMB-13,0,20,DD-120;MW-310;MW-320;PD-201;PD-210,metre_source;pd210_class_factor;rig_services_index;monthly_rate_basis;volume_tier_scope;record_signatories;report_vocabulary,metre_source=PART_B_RUN_METRES;pd210_class_factor=APPLY;rig_services_index=NOT_APPLIED;monthly_rate_basis=FINAL_RATE;volume_tier_scope=CONTRACT_WIDE;record_signatories=FORM_SIGNATORIES_REQUIRED;report_vocabulary=CODES_REQUIRED,,
MDS-01588,0,query,conditional,,,9821210,,9821210,9821210,medium,0.75,entitlement_unverified:AMB-13,0,7,DD-120;MW-310;MW-320;PD-201;PD-210,pd210_class_factor;rig_services_index;monthly_rate_basis;volume_tier_scope;record_signatories;report_vocabulary,pd210_class_factor=APPLY;rig_services_index=NOT_APPLIED;monthly_rate_basis=FINAL_RATE;volume_tier_scope=CONTRACT_WIDE;record_signatories=FORM_SIGNATORIES_REQUIRED;report_vocabulary=CODES_REQUIRED,,
MDS-01589,0,query,conditional,,,19188923,,19188923,19188923,medium,0.75,entitlement_unverified:AMB-13,0,31,DD-120;LW-410;LW-411;MW-310;MW-320;PD-201;PD-210,appendix_g_reading;metre_source;pd210_class_factor;standby_section_factor;rig_services_index;monthly_rate_basis;volume_tier_scope;record_signatories;report_vocabulary,appendix_g_reading=LWD_ROWS_SHIFTED;metre_source=PART_B_RUN_METRES;pd210_class_factor=APPLY;standby_section_factor=APPLY;rig_services_index=NOT_APPLIED;monthly_rate_basis=FINAL_RATE;volume_tier_scope=CONTRACT_WIDE;record_signatories=FORM_SIGNATORIES_REQUIRED;report_vocabulary=CODES_REQUIRED,,
MDS-01590,0,query,conditional,,,10400859,,10400859,10400859,medium,0.75,entitlement_unverified:AMB-13,0,4,MW-310,standby_section_factor;rig_services_index;record_signatories;report_vocabulary,standby_section_factor=APPLY;rig_services_index=NOT_APPLIED;record_signatories=FORM_SIGNATORIES_REQUIRED;report_vocabulary=CODES_REQUIRED,,
MDS-01591,0,query,conditional,,,14339236,,14339236,14339236,medium,0.75,entitlement_unverified:AMB-13,0,22,DD-120;LW-410;LW-411;MW-310;MW-320,appendix_g_reading;metre_source;standby_section_factor;rig_services_index;monthly_rate_basis;record_signatories;report_vocabulary,appendix_g_reading=LWD_ROWS_SHIFTED;metre_source=PART_B_RUN_METRES;standby_section_factor=APPLY;rig_services_index=NOT_APPLIED;monthly_rate_basis=FINAL_RATE;record_signatories=FORM_SIGNATORIES_REQUIRED;report_vocabulary=CODES_REQUIRED,,
MDS-01592,0,query,conditional,,,6248718,,6248718,6248718,medium,0.75,entitlement_unverified:AMB-13,0,4,MW-310,standby_section_factor;rig_services_index;monthly_rate_basis;record_signatories;report_vocabulary,standby_section_factor=APPLY;rig_services_index=NOT_APPLIED;monthly_rate_basis=FINAL_RATE;record_signatories=FORM_SIGNATORIES_REQUIRED;report_vocabulary=CODES_REQUIRED,,
MDS-01593,0,query,conditional,,,7748019,,7748019,7748019,medium,0.75,entitlement_unverified:AMB-13,0,4,MW-310,rig_services_index;record_signatories;report_vocabulary,rig_services_index=NOT_APPLIED;record_signatories=FORM_SIGNATORIES_REQUIRED;report_vocabulary=CODES_REQUIRED,,
MDS-01594,0,query,conditional,,,13185018,,13185018,13185018,low,0.55,entitlement_unverified:AMB-13,0,19,DD-120;MW-310;MW-320;PD-201;PD-210,rig_services_index;dd120_rate_from_feb_2026;volume_tier_scope;backdated_adjustment;report_vocabulary,rig_services_index=NOT_APPLIED;dd120_rate_from_feb_2026=LATER_EFFECTIVE_GOVERNS;dd120_rate_from_feb_2026=MONTHLY_TABLE_SEPARATE;volume_tier_scope=CONTRACT_WIDE;backdated_adjustment=PER_WELL;report_vocabulary=CODES_REQUIRED,,
MDS-01595,0,query,conditional,,,11332951,,11332951,11332951,medium,0.75,entitlement_unverified:AMB-13,0,8,DD-120;MW-310;MW-320,rig_services_index;record_signatories;report_vocabulary,rig_services_index=NOT_APPLIED;record_signatories=FORM_SIGNATORIES_REQUIRED;report_vocabulary=CODES_REQUIRED,,
MDS-01596,0,query,conditional,,,16023044,,16023044,16023044,medium,0.75,entitlement_unverified:AMB-13,0,15,DD-120;MW-310;MW-320;PD-201;PD-210,metre_source;pd210_class_factor;rig_services_index;dd120_rate_from_feb_2026;volume_tier_scope;record_signatories;report_vocabulary,metre_source=PART_B_RUN_METRES;pd210_class_factor=APPLY;rig_services_index=NOT_APPLIED;dd120_rate_from_feb_2026=LATER_EFFECTIVE_GOVERNS;dd120_rate_from_feb_2026=MONTHLY_TABLE_SEPARATE;volume_tier_scope=CONTRACT_WIDE;record_signatories=FORM_SIGNATORIES_REQUIRED;report_vocabulary=CODES_REQUIRED,,
MDS-01597,0,query,conditional,,,24410737,,24410737,24410737,medium,0.75,entitlement_unverified:AMB-13,0,44,DD-120;LW-410;LW-411;LW-413;MW-310;MW-320;PD-201;PD-210,appendix_g_reading;metre_source;rig_services_index;monthly_rate_basis;volume_tier_scope;record_signatories;report_vocabulary,appendix_g_reading=LWD_ROWS_SHIFTED;metre_source=PART_B_RUN_METRES;rig_services_index=NOT_APPLIED;monthly_rate_basis=FINAL_RATE;volume_tier_scope=CONTRACT_WIDE;record_signatories=FORM_SIGNATORIES_REQUIRED;report_vocabulary=CODES_REQUIRED,,
MDS-01598,0,query,conditional,,,6247868,,6247868,6247868,medium,0.75,entitlement_unverified:AMB-13,0,3,MW-310,rig_services_index;record_signatories;report_vocabulary,rig_services_index=NOT_APPLIED;record_signatories=FORM_SIGNATORIES_REQUIRED;report_vocabulary=CODES_REQUIRED,,
MDS-01599,0,query,conditional,,,54068863,,54068863,54068863,medium,0.75,entitlement_unverified:AMB-13,0,8,DD-120;MW-310;MW-320,rig_services_index;dd120_rate_from_feb_2026;lih_replacement_value;record_signatories;report_vocabulary,rig_services_index=NOT_APPLIED;dd120_rate_from_feb_2026=LATER_EFFECTIVE_GOVERNS;dd120_rate_from_feb_2026=MONTHLY_TABLE_SEPARATE;lih_replacement_value=SCHEDULE_6_USD;record_signatories=FORM_SIGNATORIES_REQUIRED;report_vocabulary=CODES_REQUIRED,,
MDS-01600,0,query,conditional,,,22924330,,22924330,22924330,medium,0.75,entitlement_unverified:AMB-13,0,25,DD-120;MW-310;MW-320;PD-201;PD-210,metre_source;pd210_class_factor;rig_services_index;dd120_rate_from_feb_2026;volume_tier_scope;record_signatories;report_vocabulary,metre_source=PART_B_RUN_METRES;pd210_class_factor=APPLY;rig_services_index=NOT_APPLIED;dd120_rate_from_feb_2026=LATER_EFFECTIVE_GOVERNS;dd120_rate_from_feb_2026=MONTHLY_TABLE_SEPARATE;volume_tier_scope=CONTRACT_WIDE;record_signatories=FORM_SIGNATORIES_REQUIRED;report_vocabulary=CODES_REQUIRED,,
MDS-01601,1,part-reject,conditional,factor_misapplied,factor_misapplied,9734505,,9706788,9706788,high,0.95,entitlement_unverified:AMB-13,1,5,MW-310,rig_services_index;record_signatories;report_vocabulary,,,
MDS-01602,0,query,conditional,,,14703549,,14703549,14703549,medium,0.75,entitlement_unverified:AMB-13,0,14,DD-120;MW-310;MW-320;PD-201;PD-210,rig_services_index;volume_tier_scope;record_signatories;report_vocabulary,rig_services_index=NOT_APPLIED;volume_tier_scope=CONTRACT_WIDE;record_signatories=FORM_SIGNATORIES_REQUIRED;report_vocabulary=CODES_REQUIRED,,
MDS-01603,0,query,conditional,,,14258857,,14258857,14258857,low,0.55,entitlement_unverified:AMB-13,0,21,DD-120;LW-410;LW-411;LW-413;MW-310;MW-320;PD-201;PD-210,appendix_g_reading;metre_source;pd210_class_factor;rig_services_index;dd120_rate_from_feb_2026;volume_tier_scope;backdated_adjustment;record_signatories;report_vocabulary,appendix_g_reading=LWD_ROWS_SHIFTED;metre_source=PART_B_RUN_METRES;pd210_class_factor=APPLY;rig_services_index=NOT_APPLIED;dd120_rate_from_feb_2026=LATER_EFFECTIVE_GOVERNS;dd120_rate_from_feb_2026=MONTHLY_TABLE_SEPARATE;volume_tier_scope=CONTRACT_WIDE;backdated_adjustment=PER_WELL;record_signatories=FORM_SIGNATORIES_REQUIRED;report_vocabulary=CODES_REQUIRED,,
MDS-01604,1,part-reject,conditional,quantity_exceeds_record,quantity_exceeds_record,15909068,,15647684,15647684,high,0.95,entitlement_unverified:AMB-13,1,10,DD-120;MW-310;MW-320,metre_source;rig_up_hour;rig_services_index;dd120_rate_from_feb_2026;record_signatories;report_vocabulary,,,
MDS-01605,0,query,conditional,,,10331644,,10331644,10331644,medium,0.75,entitlement_unverified:AMB-13,0,9,DD-120;MW-310;MW-320,rig_services_index;record_signatories;report_vocabulary,rig_services_index=NOT_APPLIED;record_signatories=FORM_SIGNATORIES_REQUIRED;report_vocabulary=CODES_REQUIRED,,
MDS-01606,0,query,conditional,,,12069774,,12069774,12069774,low,0.55,entitlement_unverified:AMB-13,0,20,DD-120;LW-410;LW-411;MW-310;MW-320,appendix_g_reading;metre_source;rig_services_index;dd120_rate_from_feb_2026;backdated_adjustment;record_signatories;report_vocabulary,appendix_g_reading=LWD_ROWS_SHIFTED;metre_source=PART_B_RUN_METRES;rig_services_index=NOT_APPLIED;dd120_rate_from_feb_2026=LATER_EFFECTIVE_GOVERNS;dd120_rate_from_feb_2026=MONTHLY_TABLE_SEPARATE;backdated_adjustment=PER_WELL;record_signatories=FORM_SIGNATORIES_REQUIRED;report_vocabulary=CODES_REQUIRED,,
MDS-01607,0,query,conditional,,,21650367,,21650367,21650367,low,0.55,entitlement_unverified:AMB-13,0,21,DD-120;MW-310;MW-320;PD-201;PD-210,metre_source;pd210_class_factor;rig_services_index;dd120_rate_from_feb_2026;volume_tier_scope;backdated_adjustment;record_signatories;report_vocabulary,metre_source=PART_B_RUN_METRES;pd210_class_factor=APPLY;rig_services_index=NOT_APPLIED;dd120_rate_from_feb_2026=LATER_EFFECTIVE_GOVERNS;dd120_rate_from_feb_2026=MONTHLY_TABLE_SEPARATE;volume_tier_scope=CONTRACT_WIDE;backdated_adjustment=PER_WELL;record_signatories=FORM_SIGNATORIES_REQUIRED;report_vocabulary=CODES_REQUIRED,,
MDS-01608,0,query,conditional,,,17207613,,17207613,17207613,medium,0.75,entitlement_unverified:AMB-13,0,18,DD-120;MW-310;MW-320;PD-201;PD-210,rig_services_index;dd120_rate_from_feb_2026;volume_tier_scope;record_signatories;report_vocabulary,rig_services_index=NOT_APPLIED;dd120_rate_from_feb_2026=LATER_EFFECTIVE_GOVERNS;dd120_rate_from_feb_2026=MONTHLY_TABLE_SEPARATE;volume_tier_scope=CONTRACT_WIDE;record_signatories=FORM_SIGNATORIES_REQUIRED;report_vocabulary=CODES_REQUIRED,,
MDS-01609,0,query,conditional,,,17761421,,17761421,17761421,medium,0.75,entitlement_unverified:AMB-13,0,26,DD-120;LW-410;LW-411;LW-412;LW-413;MW-310;MW-320;PD-201;PD-210,appendix_g_reading;metre_source;rig_services_index;monthly_rate_basis;volume_tier_scope;record_signatories;report_vocabulary,appendix_g_reading=LWD_ROWS_SHIFTED;metre_source=PART_B_RUN_METRES;rig_services_index=NOT_APPLIED;monthly_rate_basis=FINAL_RATE;volume_tier_scope=CONTRACT_WIDE;record_signatories=FORM_SIGNATORIES_REQUIRED;report_vocabulary=CODES_REQUIRED,,
MDS-01610,0,query,conditional,,,8771839,,8771839,8771839,medium,0.75,entitlement_unverified:AMB-13,0,12,DD-120;MW-310;MW-320,rig_services_index;report_vocabulary,rig_services_index=NOT_APPLIED;report_vocabulary=CODES_REQUIRED,,
MDS-01611,0,query,conditional,,,18786776,,18786776,18786776,medium,0.75,entitlement_unverified:AMB-13,0,31,DD-120;LW-410;LW-411;MW-310;MW-320;PD-201;PD-210,appendix_g_reading;metre_source;pd210_class_factor;standby_section_factor;rig_services_index;monthly_rate_basis;volume_tier_scope;record_signatories;report_vocabulary,appendix_g_reading=LWD_ROWS_SHIFTED;metre_source=PART_B_RUN_METRES;pd210_class_factor=APPLY;standby_section_factor=APPLY;rig_services_index=NOT_APPLIED;monthly_rate_basis=FINAL_RATE;volume_tier_scope=CONTRACT_WIDE;record_signatories=FORM_SIGNATORIES_REQUIRED;report_vocabulary=CODES_REQUIRED,,
MDS-01612,0,query,conditional,,,22388276,,22388276,22388276,medium,0.75,entitlement_unverified:AMB-13,0,32,DD-120;LW-410;LW-411;MW-310;MW-320;PD-201;PD-210,appendix_g_reading;metre_source;rig_services_index;monthly_rate_basis;volume_tier_scope;record_signatories;report_vocabulary,appendix_g_reading=LWD_ROWS_SHIFTED;metre_source=PART_B_RUN_METRES;rig_services_index=NOT_APPLIED;monthly_rate_basis=FINAL_RATE;volume_tier_scope=CONTRACT_WIDE;record_signatories=FORM_SIGNATORIES_REQUIRED;report_vocabulary=CODES_REQUIRED,,
MDS-01613,0,query,conditional,,,9664772,,9664772,9664772,medium,0.75,entitlement_unverified:AMB-13,0,12,DD-120;MW-310;MW-320,rig_services_index;monthly_rate_basis;report_vocabulary,rig_services_index=NOT_APPLIED;monthly_rate_basis=FINAL_RATE;report_vocabulary=CODES_REQUIRED,,
MDS-01614,0,query,conditional,,,11231382,,11231382,11231382,medium,0.75,entitlement_unverified:AMB-13,0,12,LW-410;MW-310,appendix_g_reading;metre_source;rig_services_index;record_signatories;report_vocabulary,appendix_g_reading=LWD_ROWS_SHIFTED;metre_source=PART_B_RUN_METRES;rig_services_index=NOT_APPLIED;record_signatories=FORM_SIGNATORIES_REQUIRED;report_vocabulary=CODES_REQUIRED,,
MDS-01615,0,query,conditional,,,17024523,,17024523,17024523,medium,0.75,entitlement_unverified:AMB-13,0,21,DD-120;MW-310;MW-320;PD-201;PD-210,rig_services_index;dd120_rate_from_feb_2026;volume_tier_scope;record_signatories;report_vocabulary,rig_services_index=NOT_APPLIED;dd120_rate_from_feb_2026=LATER_EFFECTIVE_GOVERNS;dd120_rate_from_feb_2026=MONTHLY_TABLE_SEPARATE;volume_tier_scope=CONTRACT_WIDE;record_signatories=FORM_SIGNATORIES_REQUIRED;report_vocabulary=CODES_REQUIRED,,
MDS-01616,0,query,conditional,,,15597689,,15597689,15597689,medium,0.75,entitlement_unverified:AMB-13,0,19,DD-120;LW-410;LW-411;LW-413;MW-310;MW-320,appendix_g_reading;metre_source;rig_services_index;monthly_rate_basis;record_signatories;report_vocabulary,appendix_g_reading=LWD_ROWS_SHIFTED;metre_source=PART_B_RUN_METRES;rig_services_index=NOT_APPLIED;monthly_rate_basis=FINAL_RATE;record_signatories=FORM_SIGNATORIES_REQUIRED;report_vocabulary=CODES_REQUIRED,,
MDS-01617,0,query,conditional,,,63397408,,63397408,63397408,medium,0.75,entitlement_unverified:AMB-13,0,35,DD-120;LW-410;LW-411;MW-310;MW-320;PD-201;PD-210,appendix_g_reading;metre_source;pd210_class_factor;rig_services_index;dd120_rate_from_feb_2026;volume_tier_scope;lih_replacement_value;record_signatories;report_vocabulary,appendix_g_reading=LWD_ROWS_SHIFTED;metre_source=PART_B_RUN_METRES;pd210_class_factor=APPLY;rig_services_index=NOT_APPLIED;dd120_rate_from_feb_2026=LATER_EFFECTIVE_GOVERNS;dd120_rate_from_feb_2026=MONTHLY_TABLE_SEPARATE;volume_tier_scope=CONTRACT_WIDE;lih_replacement_value=SCHEDULE_6_USD;record_signatories=FORM_SIGNATORIES_REQUIRED;report_vocabulary=CODES_REQUIRED,,
MDS-01618,0,query,conditional,,,18651196,,18651196,18651196,medium,0.75,entitlement_unverified:AMB-13,0,33,DD-120;LW-410;LW-411;LW-412;LW-413;MW-310;MW-320;PD-201;PD-210,appendix_g_reading;metre_source;rig_services_index;monthly_rate_basis;volume_tier_scope;record_signatories;report_vocabulary,appendix_g_reading=LWD_ROWS_SHIFTED;metre_source=PART_B_RUN_METRES;rig_services_index=NOT_APPLIED;monthly_rate_basis=FINAL_RATE;volume_tier_scope=CONTRACT_WIDE;record_signatories=FORM_SIGNATORIES_REQUIRED;report_vocabulary=CODES_REQUIRED,,
MDS-01619,1,part-reject,conditional,work_outside_contract_term,work_outside_contract_term;record_line_mismatch,17485538,,17395879,17395879,high,0.95,entitlement_unverified:AMB-13,2,22,DD-120;MW-310;MW-320;PD-201;PD-210,rig_services_index;dd120_rate_from_feb_2026;volume_tier_scope;missing_record_consequence;report_vocabulary,,,
MDS-01620,1,part-reject,conditional,not_chargeable_on_standby,not_chargeable_on_standby,13067403,,12984655,12984655,high,0.95,entitlement_unverified:AMB-13,1,17,DD-120;MW-310;MW-320,rig_services_index;dd120_rate_from_feb_2026;backdated_adjustment;report_vocabulary,,,
MDS-01621,0,query,conditional,,,19915338,,19915338,19915338,low,0.55,entitlement_unverified:AMB-13,0,18,DD-120;MW-310;MW-320,metre_source;rig_services_index;dd120_rate_from_feb_2026;backdated_adjustment;record_signatories;report_vocabulary,metre_source=PART_B_RUN_METRES;rig_services_index=NOT_APPLIED;dd120_rate_from_feb_2026=LATER_EFFECTIVE_GOVERNS;dd120_rate_from_feb_2026=MONTHLY_TABLE_SEPARATE;backdated_adjustment=PER_WELL;record_signatories=FORM_SIGNATORIES_REQUIRED;report_vocabulary=CODES_REQUIRED,,
MDS-01622,0,query,conditional,,,23789585,,23789585,23789585,medium,0.75,entitlement_unverified:AMB-13,0,31,DD-120;MW-310;MW-320;PD-201;PD-210,rig_services_index;dd120_rate_from_feb_2026;volume_tier_scope;report_vocabulary,rig_services_index=NOT_APPLIED;dd120_rate_from_feb_2026=LATER_EFFECTIVE_GOVERNS;dd120_rate_from_feb_2026=MONTHLY_TABLE_SEPARATE;volume_tier_scope=CONTRACT_WIDE;report_vocabulary=CODES_REQUIRED,,
MDS-01623,0,query,conditional,,,14653469,,14653469,14653469,medium,0.75,entitlement_unverified:AMB-13,0,20,DD-120;LW-410;LW-411;MW-310;MW-320,appendix_g_reading;rig_services_index;dd120_rate_from_feb_2026;record_signatories;report_vocabulary,appendix_g_reading=LWD_ROWS_SHIFTED;rig_services_index=NOT_APPLIED;dd120_rate_from_feb_2026=LATER_EFFECTIVE_GOVERNS;dd120_rate_from_feb_2026=MONTHLY_TABLE_SEPARATE;record_signatories=FORM_SIGNATORIES_REQUIRED;report_vocabulary=CODES_REQUIRED,,
MDS-01624,0,query,conditional,,,9957844,,9957844,9957844,medium,0.75,entitlement_unverified:AMB-13,0,12,DD-120;MW-310;MW-320,rig_services_index;monthly_rate_basis;report_vocabulary,rig_services_index=NOT_APPLIED;monthly_rate_basis=FINAL_RATE;report_vocabulary=CODES_REQUIRED,,
MDS-01625,1,query,conditional,backdated_adjustment_missing,backdated_adjustment_missing,22630058,,58276092,58276092,low,0.55,entitlement_unverified:AMB-13;backdated_adjustment_conditional,1,35,DD-120;LW-410;LW-411;MW-310;MW-320;PD-201;PD-210,appendix_g_reading;metre_source;pd210_class_factor;rig_services_index;dd120_rate_from_feb_2026;monthly_rate_basis;volume_tier_scope;backdated_adjustment;record_signatories;report_vocabulary,,backdated_adjustment=CONTRACT_WIDE_AFTER;backdated_adjustment=NO_REPRICING,
MDS-01626,0,query,conditional,,,76805696,,76805696,76805696,medium,0.75,entitlement_unverified:AMB-13,0,39,DD-120;LW-410;LW-411;LW-412;LW-413;MW-310;MW-320;PD-201;PD-210,appendix_g_reading;metre_source;rig_services_index;dd120_rate_from_feb_2026;volume_tier_scope;lih_replacement_value;record_signatories;report_vocabulary,appendix_g_reading=LWD_ROWS_SHIFTED;metre_source=PART_B_RUN_METRES;rig_services_index=NOT_APPLIED;dd120_rate_from_feb_2026=LATER_EFFECTIVE_GOVERNS;dd120_rate_from_feb_2026=MONTHLY_TABLE_SEPARATE;volume_tier_scope=CONTRACT_WIDE;lih_replacement_value=SCHEDULE_6_USD;record_signatories=FORM_SIGNATORIES_REQUIRED;report_vocabulary=CODES_REQUIRED,,
MDS-01627,0,query,conditional,,,9755253,,9755253,9755253,medium,0.75,entitlement_unverified:AMB-13,0,13,DD-120;MW-310;MW-320;PD-201;PD-210,rig_services_index;dd120_rate_from_feb_2026;volume_tier_scope;report_vocabulary,rig_services_index=NOT_APPLIED;dd120_rate_from_feb_2026=LATER_EFFECTIVE_GOVERNS;dd120_rate_from_feb_2026=MONTHLY_TABLE_SEPARATE;volume_tier_scope=CONTRACT_WIDE;report_vocabulary=CODES_REQUIRED,,
MDS-01628,0,query,conditional,,,6833761,,6833761,6833761,medium,0.75,entitlement_unverified:AMB-13,0,3,LW-410;MW-310,appendix_g_reading;metre_source;rig_services_index;record_signatories;report_vocabulary,appendix_g_reading=LWD_ROWS_SHIFTED;metre_source=PART_B_RUN_METRES;rig_services_index=NOT_APPLIED;record_signatories=FORM_SIGNATORIES_REQUIRED;report_vocabulary=CODES_REQUIRED,,
MDS-01629,0,query,conditional,,,14263297,,14263297,14263297,medium,0.75,entitlement_unverified:AMB-13,0,20,DD-120;MW-310;MW-320;PD-201;PD-210,rig_services_index;volume_tier_scope;report_vocabulary,rig_services_index=NOT_APPLIED;volume_tier_scope=CONTRACT_WIDE;report_vocabulary=CODES_REQUIRED,,
MDS-01630,0,query,conditional,,,15165961,,15165961,15165961,medium,0.75,entitlement_unverified:AMB-13,0,23,DD-120;LW-410;LW-411;LW-413;MW-310;MW-320;PD-201;PD-210,appendix_g_reading;metre_source;pd210_class_factor;rig_services_index;dd120_rate_from_feb_2026;volume_tier_scope;record_signatories;report_vocabulary,appendix_g_reading=LWD_ROWS_SHIFTED;metre_source=PART_B_RUN_METRES;pd210_class_factor=APPLY;rig_services_index=NOT_APPLIED;dd120_rate_from_feb_2026=LATER_EFFECTIVE_GOVERNS;dd120_rate_from_feb_2026=MONTHLY_TABLE_SEPARATE;volume_tier_scope=CONTRACT_WIDE;record_signatories=FORM_SIGNATORIES_REQUIRED;report_vocabulary=CODES_REQUIRED,,
MDS-01631,0,query,conditional,,,9162794,,9162794,9162794,medium,0.75,entitlement_unverified:AMB-13,0,3,MW-310,rig_services_index;record_signatories;report_vocabulary,rig_services_index=NOT_APPLIED;record_signatories=FORM_SIGNATORIES_REQUIRED;report_vocabulary=CODES_REQUIRED,,
MDS-01632,0,query,conditional,,,10492349,,10492349,10492349,medium,0.75,entitlement_unverified:AMB-13,0,15,DD-120;LW-410;LW-411;LW-412;MW-310;MW-320,appendix_g_reading;rig_services_index;dd120_rate_from_feb_2026;record_signatories;report_vocabulary,appendix_g_reading=LWD_ROWS_SHIFTED;rig_services_index=NOT_APPLIED;dd120_rate_from_feb_2026=LATER_EFFECTIVE_GOVERNS;dd120_rate_from_feb_2026=MONTHLY_TABLE_SEPARATE;record_signatories=FORM_SIGNATORIES_REQUIRED;report_vocabulary=CODES_REQUIRED,,
MDS-01633,0,query,conditional,,,9325338,,9325338,9325338,medium,0.75,entitlement_unverified:AMB-13,0,12,DD-120;LW-410;LW-411;LW-412;MW-310;MW-320,appendix_g_reading;rig_services_index;dd120_rate_from_feb_2026;record_signatories;report_vocabulary,appendix_g_reading=LWD_ROWS_SHIFTED;rig_services_index=NOT_APPLIED;dd120_rate_from_feb_2026=LATER_EFFECTIVE_GOVERNS;dd120_rate_from_feb_2026=MONTHLY_TABLE_SEPARATE;record_signatories=FORM_SIGNATORIES_REQUIRED;report_vocabulary=CODES_REQUIRED,,
MDS-01634,0,query,conditional,,,11563671,,11563671,11563671,medium,0.75,entitlement_unverified:AMB-13,0,16,DD-120;MW-310;MW-320;PD-201;PD-210,rig_services_index;dd120_rate_from_feb_2026;volume_tier_scope;report_vocabulary,rig_services_index=NOT_APPLIED;dd120_rate_from_feb_2026=LATER_EFFECTIVE_GOVERNS;dd120_rate_from_feb_2026=MONTHLY_TABLE_SEPARATE;volume_tier_scope=CONTRACT_WIDE;report_vocabulary=CODES_REQUIRED,,
MDS-01635,0,query,conditional,,,10274716,,10274716,10274716,medium,0.75,entitlement_unverified:AMB-13,0,9,DD-120;MW-310;MW-320,metre_source;rig_services_index;dd120_rate_from_feb_2026;record_signatories;report_vocabulary,metre_source=PART_B_RUN_METRES;rig_services_index=NOT_APPLIED;dd120_rate_from_feb_2026=LATER_EFFECTIVE_GOVERNS;dd120_rate_from_feb_2026=MONTHLY_TABLE_SEPARATE;record_signatories=FORM_SIGNATORIES_REQUIRED;report_vocabulary=CODES_REQUIRED,,
MDS-01636,0,query,conditional,,,14712280,,14712280,14712280,medium,0.75,entitlement_unverified:AMB-13,0,6,MW-310,rig_services_index;record_signatories;report_vocabulary,rig_services_index=NOT_APPLIED;record_signatories=FORM_SIGNATORIES_REQUIRED;report_vocabulary=CODES_REQUIRED,,
MDS-01637,0,query,conditional,,,10249077,,10249077,10249077,low,0.55,entitlement_unverified:AMB-13,0,14,DD-120;MW-310;MW-320;PD-201;PD-210,rig_services_index;dd120_rate_from_feb_2026;volume_tier_scope;backdated_adjustment;report_vocabulary,rig_services_index=NOT_APPLIED;dd120_rate_from_feb_2026=LATER_EFFECTIVE_GOVERNS;dd120_rate_from_feb_2026=MONTHLY_TABLE_SEPARATE;volume_tier_scope=CONTRACT_WIDE;backdated_adjustment=PER_WELL;report_vocabulary=CODES_REQUIRED,,
MDS-01638,0,query,conditional,,,14717257,,14717257,14717257,medium,0.75,entitlement_unverified:AMB-13,0,26,DD-120;LW-410;LW-411;LW-413;MW-310;MW-320,appendix_g_reading;metre_source;rig_services_index;dd120_rate_from_feb_2026;record_signatories;report_vocabulary,appendix_g_reading=LWD_ROWS_SHIFTED;metre_source=PART_B_RUN_METRES;rig_services_index=NOT_APPLIED;dd120_rate_from_feb_2026=LATER_EFFECTIVE_GOVERNS;dd120_rate_from_feb_2026=MONTHLY_TABLE_SEPARATE;record_signatories=FORM_SIGNATORIES_REQUIRED;report_vocabulary=CODES_REQUIRED,,
MDS-01639,0,query,conditional,,,28348526,,28348526,28348526,medium,0.75,entitlement_unverified:AMB-13,0,44,DD-120;LW-410;LW-411;LW-413;MW-310;MW-320;PD-201;PD-210,appendix_g_reading;metre_source;pd210_class_factor;rig_services_index;dd120_rate_from_feb_2026;volume_tier_scope;record_signatories;report_vocabulary,appendix_g_reading=LWD_ROWS_SHIFTED;metre_source=PART_B_RUN_METRES;pd210_class_factor=APPLY;rig_services_index=NOT_APPLIED;dd120_rate_from_feb_2026=LATER_EFFECTIVE_GOVERNS;dd120_rate_from_feb_2026=MONTHLY_TABLE_SEPARATE;volume_tier_scope=CONTRACT_WIDE;record_signatories=FORM_SIGNATORIES_REQUIRED;report_vocabulary=CODES_REQUIRED,,
MDS-01640,0,query,conditional,,,14980932,,14980932,14980932,medium,0.75,entitlement_unverified:AMB-13,0,19,DD-120;LW-410;LW-411;LW-413;MW-310;MW-320;PD-201;PD-210,appendix_g_reading;metre_source;pd210_class_factor;rig_services_index;dd120_rate_from_feb_2026;volume_tier_scope;record_signatories;report_vocabulary,appendix_g_reading=LWD_ROWS_SHIFTED;metre_source=PART_B_RUN_METRES;pd210_class_factor=APPLY;rig_services_index=NOT_APPLIED;dd120_rate_from_feb_2026=LATER_EFFECTIVE_GOVERNS;dd120_rate_from_feb_2026=MONTHLY_TABLE_SEPARATE;volume_tier_scope=CONTRACT_WIDE;record_signatories=FORM_SIGNATORIES_REQUIRED;report_vocabulary=CODES_REQUIRED,,
MDS-01641,0,query,conditional,,,7493084,,7493084,7493084,medium,0.75,entitlement_unverified:AMB-13,0,4,MW-310,rig_services_index;record_signatories;report_vocabulary,rig_services_index=NOT_APPLIED;record_signatories=FORM_SIGNATORIES_REQUIRED;report_vocabulary=CODES_REQUIRED,,
MDS-01642,0,query,conditional,,,19102992,,19102992,19102992,medium,0.75,entitlement_unverified:AMB-13,0,33,DD-120;LW-410;LW-411;LW-412;LW-413;MW-310;MW-320;PD-201;PD-210,appendix_g_reading;metre_source;rig_services_index;dd120_rate_from_feb_2026;volume_tier_scope;record_signatories;report_vocabulary,appendix_g_reading=LWD_ROWS_SHIFTED;metre_source=PART_B_RUN_METRES;rig_services_index=NOT_APPLIED;dd120_rate_from_feb_2026=LATER_EFFECTIVE_GOVERNS;dd120_rate_from_feb_2026=MONTHLY_TABLE_SEPARATE;volume_tier_scope=CONTRACT_WIDE;record_signatories=FORM_SIGNATORIES_REQUIRED;report_vocabulary=CODES_REQUIRED,,
MDS-01643,0,query,conditional,,,19578940,,19578940,19578940,medium,0.75,entitlement_unverified:AMB-13,0,36,DD-120;LW-410;LW-411;LW-412;MW-310;MW-320,appendix_g_reading;metre_source;rig_services_index;dd120_rate_from_feb_2026;record_signatories;report_vocabulary,appendix_g_reading=LWD_ROWS_SHIFTED;metre_source=PART_B_RUN_METRES;rig_services_index=NOT_APPLIED;dd120_rate_from_feb_2026=LATER_EFFECTIVE_GOVERNS;dd120_rate_from_feb_2026=MONTHLY_TABLE_SEPARATE;record_signatories=FORM_SIGNATORIES_REQUIRED;report_vocabulary=CODES_REQUIRED,,
MDS-01644,0,query,conditional,,,12928297,,12928297,12928297,medium,0.75,entitlement_unverified:AMB-13,0,5,MW-310,rig_services_index;record_signatories;report_vocabulary,rig_services_index=NOT_APPLIED;record_signatories=FORM_SIGNATORIES_REQUIRED;report_vocabulary=CODES_REQUIRED,,
MDS-01645,0,query,conditional,,,13184763,,13184763,13184763,low,0.55,entitlement_unverified:AMB-13,0,21,DD-120;LW-410;LW-411;MW-310;MW-320;PD-201;PD-210,appendix_g_reading;metre_source;standby_section_factor;rig_services_index;dd120_rate_from_feb_2026;volume_tier_scope;backdated_adjustment;record_signatories;report_vocabulary,appendix_g_reading=LWD_ROWS_SHIFTED;metre_source=PART_B_RUN_METRES;standby_section_factor=APPLY;rig_services_index=NOT_APPLIED;dd120_rate_from_feb_2026=LATER_EFFECTIVE_GOVERNS;dd120_rate_from_feb_2026=MONTHLY_TABLE_SEPARATE;volume_tier_scope=CONTRACT_WIDE;backdated_adjustment=PER_WELL;record_signatories=FORM_SIGNATORIES_REQUIRED;report_vocabulary=CODES_REQUIRED,,
MDS-01646,1,part-reject,conditional,quantity_exceeds_record,quantity_exceeds_record,15982780,,15772196,15772196,high,0.95,entitlement_unverified:AMB-13,1,24,DD-120;LW-410;LW-411;LW-412;MW-310;MW-320,appendix_g_reading;metre_source;rig_services_index;dd120_rate_from_feb_2026;record_signatories;report_vocabulary,,,
MDS-01647,0,query,conditional,,,16438025,,16438025,16438025,medium,0.75,entitlement_unverified:AMB-13,0,32,DD-120;LW-410;LW-411;LW-412;LW-413;MW-310;MW-320,appendix_g_reading;metre_source;rig_services_index;dd120_rate_from_feb_2026;record_signatories;report_vocabulary,appendix_g_reading=LWD_ROWS_SHIFTED;metre_source=PART_B_RUN_METRES;rig_services_index=NOT_APPLIED;dd120_rate_from_feb_2026=LATER_EFFECTIVE_GOVERNS;dd120_rate_from_feb_2026=MONTHLY_TABLE_SEPARATE;record_signatories=FORM_SIGNATORIES_REQUIRED;report_vocabulary=CODES_REQUIRED,,
MDS-01648,0,query,conditional,,,17565591,,17565591,17565591,medium,0.75,entitlement_unverified:AMB-13,0,29,DD-120;LW-410;LW-411;LW-413;MW-310;MW-320;PD-201;PD-210,appendix_g_reading;metre_source;rig_services_index;dd120_rate_from_feb_2026;volume_tier_scope;record_signatories;report_vocabulary,appendix_g_reading=LWD_ROWS_SHIFTED;metre_source=PART_B_RUN_METRES;rig_services_index=NOT_APPLIED;dd120_rate_from_feb_2026=LATER_EFFECTIVE_GOVERNS;dd120_rate_from_feb_2026=MONTHLY_TABLE_SEPARATE;volume_tier_scope=CONTRACT_WIDE;record_signatories=FORM_SIGNATORIES_REQUIRED;report_vocabulary=CODES_REQUIRED,,
MDS-01649,0,query,conditional,,,11075969,,11075969,11075969,medium,0.75,entitlement_unverified:AMB-13,0,4,MW-310,rig_services_index;record_signatories;report_vocabulary,rig_services_index=NOT_APPLIED;record_signatories=FORM_SIGNATORIES_REQUIRED;report_vocabulary=CODES_REQUIRED,,
MDS-01650,0,query,conditional,,,11215219,,11215219,11215219,medium,0.75,entitlement_unverified:AMB-13,0,6,MW-310,standby_section_factor;rig_services_index;monthly_rate_basis;record_signatories;report_vocabulary,standby_section_factor=APPLY;rig_services_index=NOT_APPLIED;monthly_rate_basis=FINAL_RATE;record_signatories=FORM_SIGNATORIES_REQUIRED;report_vocabulary=CODES_REQUIRED,,
MDS-01651,1,part-reject,conditional,quantity_exceeds_record,quantity_exceeds_record,14226699,,14016479,14016479,medium,0.75,entitlement_unverified:AMB-13,1,19,DD-120;LW-410;LW-411;MW-310;MW-320,appendix_g_reading;dd120_hours;metre_source;rig_up_hour;rig_services_index;dd120_rate_from_feb_2026;backdated_adjustment;record_signatories;report_vocabulary,,dd120_hours=CIRCULATING_PLUS_BACK_REAMING,
MDS-01652,0,query,conditional,,,29342713,,29342713,29342713,low,0.55,entitlement_unverified:AMB-13,0,46,DD-120;LW-410;LW-411;LW-412;LW-413;MW-310;MW-320;PD-201;PD-210,appendix_g_reading;metre_source;rig_services_index;dd120_rate_from_feb_2026;volume_tier_scope;backdated_adjustment;record_signatories;report_vocabulary,appendix_g_reading=LWD_ROWS_SHIFTED;metre_source=PART_B_RUN_METRES;rig_services_index=NOT_APPLIED;dd120_rate_from_feb_2026=LATER_EFFECTIVE_GOVERNS;dd120_rate_from_feb_2026=MONTHLY_TABLE_SEPARATE;volume_tier_scope=CONTRACT_WIDE;backdated_adjustment=PER_WELL;record_signatories=FORM_SIGNATORIES_REQUIRED;report_vocabulary=CODES_REQUIRED,,
MDS-01653,0,query,conditional,,,13704179,,13704179,13704179,medium,0.75,entitlement_unverified:AMB-13,0,10,DD-120;MW-310;MW-320;PD-201;PD-210,rig_services_index;dd120_rate_from_feb_2026;volume_tier_scope;record_signatories;report_vocabulary,rig_services_index=NOT_APPLIED;dd120_rate_from_feb_2026=LATER_EFFECTIVE_GOVERNS;dd120_rate_from_feb_2026=MONTHLY_TABLE_SEPARATE;volume_tier_scope=CONTRACT_WIDE;record_signatories=FORM_SIGNATORIES_REQUIRED;report_vocabulary=CODES_REQUIRED,,
MDS-01654,1,part-reject,conditional,duplicate_charge,duplicate_charge,24365964,,24155380,24155380,high,0.95,entitlement_unverified:AMB-13,1,40,DD-120;LW-410;LW-411;LW-413;MW-310;MW-320;PD-201;PD-210,appendix_g_reading;metre_source;standby_section_factor;rig_services_index;dd120_rate_from_feb_2026;volume_tier_scope;record_signatories;report_vocabulary,,,
MDS-01655,0,query,conditional,,,12646989,,12646989,12646989,medium,0.75,entitlement_unverified:AMB-13,0,5,MW-310,rig_services_index;record_signatories;report_vocabulary,rig_services_index=NOT_APPLIED;record_signatories=FORM_SIGNATORIES_REQUIRED;report_vocabulary=CODES_REQUIRED,,
MDS-01656,0,query,conditional,,,5989341,,5989341,5989341,medium,0.75,entitlement_unverified:AMB-13,0,4,DD-120;MW-310;MW-320;PD-201,rig_services_index;dd120_rate_from_feb_2026;report_vocabulary,rig_services_index=NOT_APPLIED;dd120_rate_from_feb_2026=LATER_EFFECTIVE_GOVERNS;dd120_rate_from_feb_2026=MONTHLY_TABLE_SEPARATE;report_vocabulary=CODES_REQUIRED,,
MDS-01657,0,query,conditional,,,13005516,,13005516,13005516,medium,0.75,entitlement_unverified:AMB-13,0,22,DD-120;LW-410;LW-411;MW-310;MW-320;PD-201;PD-210,appendix_g_reading;metre_source;rig_services_index;dd120_rate_from_feb_2026;volume_tier_scope;record_signatories;report_vocabulary,appendix_g_reading=LWD_ROWS_SHIFTED;metre_source=PART_B_RUN_METRES;rig_services_index=NOT_APPLIED;dd120_rate_from_feb_2026=LATER_EFFECTIVE_GOVERNS;dd120_rate_from_feb_2026=MONTHLY_TABLE_SEPARATE;volume_tier_scope=CONTRACT_WIDE;record_signatories=FORM_SIGNATORIES_REQUIRED;report_vocabulary=CODES_REQUIRED,,
MDS-01658,0,query,conditional,,,4986872,,4986872,4986872,medium,0.75,entitlement_unverified:AMB-13,0,3,MW-310,rig_services_index;report_vocabulary,rig_services_index=NOT_APPLIED;report_vocabulary=CODES_REQUIRED,,
MDS-01659,0,query,conditional,,,16199208,,16199208,16199208,medium,0.75,entitlement_unverified:AMB-13,0,30,DD-120;LW-410;LW-411;LW-412;MW-310;MW-320,appendix_g_reading;metre_source;rig_services_index;dd120_rate_from_feb_2026;record_signatories;report_vocabulary,appendix_g_reading=LWD_ROWS_SHIFTED;metre_source=PART_B_RUN_METRES;rig_services_index=NOT_APPLIED;dd120_rate_from_feb_2026=LATER_EFFECTIVE_GOVERNS;dd120_rate_from_feb_2026=MONTHLY_TABLE_SEPARATE;record_signatories=FORM_SIGNATORIES_REQUIRED;report_vocabulary=CODES_REQUIRED,,
MDS-01660,0,query,conditional,,,8779497,,8779497,8779497,medium,0.75,entitlement_unverified:AMB-13,0,18,DD-120;LW-410;LW-411;LW-412;MW-310;MW-320,appendix_g_reading;metre_source;rig_services_index;dd120_rate_from_feb_2026;record_signatories;report_vocabulary,appendix_g_reading=LWD_ROWS_SHIFTED;metre_source=PART_B_RUN_METRES;rig_services_index=NOT_APPLIED;dd120_rate_from_feb_2026=LATER_EFFECTIVE_GOVERNS;dd120_rate_from_feb_2026=MONTHLY_TABLE_SEPARATE;record_signatories=FORM_SIGNATORIES_REQUIRED;report_vocabulary=CODES_REQUIRED,,
MDS-01661,0,query,conditional,,,17466519,,17466519,17466519,medium,0.75,entitlement_unverified:AMB-13,0,27,DD-120;LW-410;LW-411;LW-412;MW-310;MW-320,appendix_g_reading;metre_source;rig_services_index;dd120_rate_from_feb_2026;record_signatories;report_vocabulary,appendix_g_reading=LWD_ROWS_SHIFTED;metre_source=PART_B_RUN_METRES;rig_services_index=NOT_APPLIED;dd120_rate_from_feb_2026=LATER_EFFECTIVE_GOVERNS;dd120_rate_from_feb_2026=MONTHLY_TABLE_SEPARATE;record_signatories=FORM_SIGNATORIES_REQUIRED;report_vocabulary=CODES_REQUIRED,,
MDS-01662,0,query,conditional,,,4846484,,4846484,4846484,medium,0.75,entitlement_unverified:AMB-13,0,3,MW-310,standby_section_factor;rig_services_index;monthly_rate_basis;record_signatories;report_vocabulary,standby_section_factor=APPLY;rig_services_index=NOT_APPLIED;monthly_rate_basis=FINAL_RATE;record_signatories=FORM_SIGNATORIES_REQUIRED;report_vocabulary=CODES_REQUIRED,,
MDS-01663,0,query,conditional,,,9864235,,9864235,9864235,medium,0.75,entitlement_unverified:AMB-13,0,11,DD-120;LW-410;LW-411;MW-310;MW-320;PD-201;PD-210,appendix_g_reading;rig_services_index;dd120_rate_from_feb_2026;volume_tier_scope;record_signatories;report_vocabulary,appendix_g_reading=LWD_ROWS_SHIFTED;rig_services_index=NOT_APPLIED;dd120_rate_from_feb_2026=LATER_EFFECTIVE_GOVERNS;dd120_rate_from_feb_2026=MONTHLY_TABLE_SEPARATE;volume_tier_scope=CONTRACT_WIDE;record_signatories=FORM_SIGNATORIES_REQUIRED;report_vocabulary=CODES_REQUIRED,,
MDS-01664,0,query,conditional,,,26825580,,26825580,26825580,medium,0.75,entitlement_unverified:AMB-13,0,11,DD-120;MW-310;MW-320;PD-201;PD-210,metre_source;rig_services_index;dd120_rate_from_feb_2026;volume_tier_scope;lih_replacement_value;record_signatories;report_vocabulary,metre_source=PART_B_RUN_METRES;rig_services_index=NOT_APPLIED;dd120_rate_from_feb_2026=LATER_EFFECTIVE_GOVERNS;dd120_rate_from_feb_2026=MONTHLY_TABLE_SEPARATE;volume_tier_scope=CONTRACT_WIDE;lih_replacement_value=SCHEDULE_6_USD;record_signatories=FORM_SIGNATORIES_REQUIRED;report_vocabulary=CODES_REQUIRED,,
MDS-01665,0,query,conditional,,,12185661,,12185661,12185661,medium,0.75,entitlement_unverified:AMB-13,0,25,DD-120;LW-410;LW-411;LW-412;LW-413;MW-310;MW-320,appendix_g_reading;metre_source;rig_services_index;dd120_rate_from_feb_2026;record_signatories;report_vocabulary,appendix_g_reading=LWD_ROWS_SHIFTED;metre_source=PART_B_RUN_METRES;rig_services_index=NOT_APPLIED;dd120_rate_from_feb_2026=LATER_EFFECTIVE_GOVERNS;dd120_rate_from_feb_2026=MONTHLY_TABLE_SEPARATE;record_signatories=FORM_SIGNATORIES_REQUIRED;report_vocabulary=CODES_REQUIRED,,
MDS-01666,0,query,conditional,,,23771492,,23771492,23771492,medium,0.75,entitlement_unverified:AMB-13,0,31,DD-120;MW-310;MW-320;PD-201;PD-210,rig_services_index;dd120_rate_from_feb_2026;volume_tier_scope;report_vocabulary,rig_services_index=NOT_APPLIED;dd120_rate_from_feb_2026=LATER_EFFECTIVE_GOVERNS;dd120_rate_from_feb_2026=MONTHLY_TABLE_SEPARATE;volume_tier_scope=CONTRACT_WIDE;report_vocabulary=CODES_REQUIRED,,
MDS-01667,0,query,conditional,,,6394546,,6394546,6394546,medium,0.75,entitlement_unverified:AMB-13,0,7,LW-410;MW-310,appendix_g_reading;metre_source;standby_section_factor;rig_services_index;record_signatories;report_vocabulary,appendix_g_reading=LWD_ROWS_SHIFTED;metre_source=PART_B_RUN_METRES;standby_section_factor=APPLY;rig_services_index=NOT_APPLIED;record_signatories=FORM_SIGNATORIES_REQUIRED;report_vocabulary=CODES_REQUIRED,,
MDS-01668,0,query,conditional,,,7624563,,7624563,7624563,medium,0.75,entitlement_unverified:AMB-13,0,4,MW-310,rig_services_index;record_signatories;report_vocabulary,rig_services_index=NOT_APPLIED;record_signatories=FORM_SIGNATORIES_REQUIRED;report_vocabulary=CODES_REQUIRED,,
MDS-01669,0,query,conditional,,,4996312,,4996312,4996312,medium,0.75,entitlement_unverified:AMB-13,0,3,MW-310,standby_section_factor;rig_services_index;monthly_rate_basis;record_signatories;report_vocabulary,standby_section_factor=APPLY;rig_services_index=NOT_APPLIED;monthly_rate_basis=FINAL_RATE;record_signatories=FORM_SIGNATORIES_REQUIRED;report_vocabulary=CODES_REQUIRED,,
MDS-01670,1,part-reject,conditional,quantity_exceeds_record,quantity_exceeds_record,19096440,,18962966,18962966,high,0.95,entitlement_unverified:AMB-13,1,26,DD-120;MW-310;MW-320;PD-201;PD-210,rig_up_hour;rig_services_index;dd120_rate_from_feb_2026;volume_tier_scope;report_vocabulary,,,
MDS-01671,0,query,conditional,,,10954276,,10954276,10954276,medium,0.75,entitlement_unverified:AMB-13,0,4,MW-310,rig_services_index;record_signatories;report_vocabulary,rig_services_index=NOT_APPLIED;record_signatories=FORM_SIGNATORIES_REQUIRED;report_vocabulary=CODES_REQUIRED,,
MDS-01672,0,query,conditional,,,16802411,,16802411,16802411,medium,0.75,entitlement_unverified:AMB-13,0,29,DD-120;LW-410;LW-411;LW-413;MW-310;MW-320;PD-201;PD-210,appendix_g_reading;metre_source;rig_services_index;dd120_rate_from_feb_2026;volume_tier_scope;record_signatories;report_vocabulary,appendix_g_reading=LWD_ROWS_SHIFTED;metre_source=PART_B_RUN_METRES;rig_services_index=NOT_APPLIED;dd120_rate_from_feb_2026=LATER_EFFECTIVE_GOVERNS;dd120_rate_from_feb_2026=MONTHLY_TABLE_SEPARATE;volume_tier_scope=CONTRACT_WIDE;record_signatories=FORM_SIGNATORIES_REQUIRED;report_vocabulary=CODES_REQUIRED,,
MDS-01673,0,query,conditional,,,15566955,,15566955,15566955,medium,0.75,entitlement_unverified:AMB-13,0,22,DD-120;LW-410;LW-411;LW-412;LW-413;MW-310;MW-320,appendix_g_reading;metre_source;rig_services_index;dd120_rate_from_feb_2026;record_signatories;report_vocabulary,appendix_g_reading=LWD_ROWS_SHIFTED;metre_source=PART_B_RUN_METRES;rig_services_index=NOT_APPLIED;dd120_rate_from_feb_2026=LATER_EFFECTIVE_GOVERNS;dd120_rate_from_feb_2026=MONTHLY_TABLE_SEPARATE;record_signatories=FORM_SIGNATORIES_REQUIRED;report_vocabulary=CODES_REQUIRED,,
MDS-01674,0,query,conditional,,,11751058,,11751058,11751058,medium,0.75,entitlement_unverified:AMB-13,0,5,MW-310,standby_section_factor;rig_services_index;record_signatories;report_vocabulary,standby_section_factor=APPLY;rig_services_index=NOT_APPLIED;record_signatories=FORM_SIGNATORIES_REQUIRED;report_vocabulary=CODES_REQUIRED,,
MDS-01675,1,part-reject,conditional,discount_misapplied,discount_misapplied,19311605,,19280146,19280146,high,0.95,entitlement_unverified:AMB-13,1,20,DD-120;MW-310;MW-320;PD-201;PD-210,metre_source;rig_services_index;dd120_rate_from_feb_2026;volume_tier_scope;record_signatories;report_vocabulary,,,
MDS-01676,0,query,conditional,,,9603716,,9603716,9603716,medium,0.75,entitlement_unverified:AMB-13,0,3,MW-310,rig_services_index;record_signatories;report_vocabulary,rig_services_index=NOT_APPLIED;record_signatories=FORM_SIGNATORIES_REQUIRED;report_vocabulary=CODES_REQUIRED,,
MDS-01677,0,query,conditional,,,7970178,,7970178,7970178,medium,0.75,entitlement_unverified:AMB-13,0,4,MW-310,rig_services_index;record_signatories;report_vocabulary,rig_services_index=NOT_APPLIED;record_signatories=FORM_SIGNATORIES_REQUIRED;report_vocabulary=CODES_REQUIRED,,
MDS-01678,0,query,conditional,,,8108446,,8108446,8108446,medium,0.75,entitlement_unverified:AMB-13,0,9,DD-120;LW-410;MW-310;MW-320,appendix_g_reading;metre_source;rig_services_index;dd120_rate_from_feb_2026;record_signatories;report_vocabulary,appendix_g_reading=LWD_ROWS_SHIFTED;metre_source=PART_B_RUN_METRES;rig_services_index=NOT_APPLIED;dd120_rate_from_feb_2026=LATER_EFFECTIVE_GOVERNS;dd120_rate_from_feb_2026=MONTHLY_TABLE_SEPARATE;record_signatories=FORM_SIGNATORIES_REQUIRED;report_vocabulary=CODES_REQUIRED,,
MDS-01679,0,query,conditional,,,4550359,,4550359,4550359,medium,0.75,entitlement_unverified:AMB-13,0,5,LW-410;MW-310,appendix_g_reading;metre_source;standby_section_factor;rig_services_index;record_signatories;report_vocabulary,appendix_g_reading=LWD_ROWS_SHIFTED;metre_source=PART_B_RUN_METRES;standby_section_factor=APPLY;rig_services_index=NOT_APPLIED;record_signatories=FORM_SIGNATORIES_REQUIRED;report_vocabulary=CODES_REQUIRED,,
MDS-01680,0,query,conditional,,,6117893,,6117893,6117893,medium,0.75,entitlement_unverified:AMB-13,0,5,DD-120;MW-310;MW-320,rig_services_index;dd120_rate_from_feb_2026;record_signatories;report_vocabulary,rig_services_index=NOT_APPLIED;dd120_rate_from_feb_2026=LATER_EFFECTIVE_GOVERNS;dd120_rate_from_feb_2026=MONTHLY_TABLE_SEPARATE;record_signatories=FORM_SIGNATORIES_REQUIRED;report_vocabulary=CODES_REQUIRED,,
MDS-01681,0,query,conditional,,,6649162,,6649162,6649162,medium,0.75,entitlement_unverified:AMB-13,0,4,MW-310,rig_services_index;report_vocabulary,rig_services_index=NOT_APPLIED;report_vocabulary=CODES_REQUIRED,,
MDS-01682,0,query,conditional,,,5859029,,5859029,5859029,medium,0.75,entitlement_unverified:AMB-13,0,4,DD-120;MW-310;MW-320;PD-201,rig_services_index;dd120_rate_from_feb_2026;report_vocabulary,rig_services_index=NOT_APPLIED;dd120_rate_from_feb_2026=LATER_EFFECTIVE_GOVERNS;dd120_rate_from_feb_2026=MONTHLY_TABLE_SEPARATE;report_vocabulary=CODES_REQUIRED,,
MDS-01683,0,query,conditional,,,14902318,,14902318,14902318,medium,0.75,entitlement_unverified:AMB-13,0,6,MW-310,rig_services_index;record_signatories;report_vocabulary,rig_services_index=NOT_APPLIED;record_signatories=FORM_SIGNATORIES_REQUIRED;report_vocabulary=CODES_REQUIRED,,
MDS-01684,0,query,conditional,,,8874067,,8874067,8874067,medium,0.75,entitlement_unverified:AMB-13,0,5,MW-310,rig_services_index;record_signatories;report_vocabulary,rig_services_index=NOT_APPLIED;record_signatories=FORM_SIGNATORIES_REQUIRED;report_vocabulary=CODES_REQUIRED,,
MDS-01685,0,query,conditional,,,15578543,,15578543,15578543,medium,0.75,entitlement_unverified:AMB-13,0,19,DD-120;MW-310;MW-320;PD-201;PD-210,rig_services_index;dd120_rate_from_feb_2026;volume_tier_scope;report_vocabulary,rig_services_index=NOT_APPLIED;dd120_rate_from_feb_2026=LATER_EFFECTIVE_GOVERNS;dd120_rate_from_feb_2026=MONTHLY_TABLE_SEPARATE;volume_tier_scope=CONTRACT_WIDE;report_vocabulary=CODES_REQUIRED,,
MDS-01686,0,query,conditional,,,15380167,,15380167,15380167,medium,0.75,entitlement_unverified:AMB-13,0,19,DD-120;MW-310;MW-320;PD-201;PD-210,metre_source;rig_services_index;dd120_rate_from_feb_2026;volume_tier_scope;record_signatories;report_vocabulary,metre_source=PART_B_RUN_METRES;rig_services_index=NOT_APPLIED;dd120_rate_from_feb_2026=LATER_EFFECTIVE_GOVERNS;dd120_rate_from_feb_2026=MONTHLY_TABLE_SEPARATE;volume_tier_scope=CONTRACT_WIDE;record_signatories=FORM_SIGNATORIES_REQUIRED;report_vocabulary=CODES_REQUIRED,,
MDS-01687,0,query,conditional,,,5268179,,5268179,5268179,medium,0.75,entitlement_unverified:AMB-13,0,3,MW-310,rig_services_index;record_signatories;report_vocabulary,rig_services_index=NOT_APPLIED;record_signatories=FORM_SIGNATORIES_REQUIRED;report_vocabulary=CODES_REQUIRED,,
MDS-01688,0,query,conditional,,,16129036,,16129036,16129036,medium,0.75,entitlement_unverified:AMB-13,0,21,DD-120;MW-310;MW-320;PD-201;PD-210,rig_services_index;dd120_rate_from_feb_2026;volume_tier_scope;report_vocabulary,rig_services_index=NOT_APPLIED;dd120_rate_from_feb_2026=LATER_EFFECTIVE_GOVERNS;dd120_rate_from_feb_2026=MONTHLY_TABLE_SEPARATE;volume_tier_scope=CONTRACT_WIDE;report_vocabulary=CODES_REQUIRED,,
MDS-01689,0,query,conditional,,,5039117,,5039117,5039117,medium,0.75,entitlement_unverified:AMB-13,0,1,MW-310,rig_services_index;record_signatories;report_vocabulary,rig_services_index=NOT_APPLIED;record_signatories=FORM_SIGNATORIES_REQUIRED;report_vocabulary=CODES_REQUIRED,,
MDS-01690,0,query,conditional,,,7903318,,7903318,7903318,medium,0.75,entitlement_unverified:AMB-13,0,11,DD-120;MW-310;MW-320,rig_services_index;dd120_rate_from_feb_2026;report_vocabulary,rig_services_index=NOT_APPLIED;dd120_rate_from_feb_2026=LATER_EFFECTIVE_GOVERNS;dd120_rate_from_feb_2026=MONTHLY_TABLE_SEPARATE;report_vocabulary=CODES_REQUIRED,,
MDS-01691,0,query,conditional,,,28780541,,28780541,28780541,medium,0.75,entitlement_unverified:AMB-13,0,31,DD-120;MW-310;MW-320;PD-201;PD-210,metre_source;rig_services_index;dd120_rate_from_feb_2026;volume_tier_scope;record_signatories;report_vocabulary,metre_source=PART_B_RUN_METRES;rig_services_index=NOT_APPLIED;dd120_rate_from_feb_2026=LATER_EFFECTIVE_GOVERNS;dd120_rate_from_feb_2026=MONTHLY_TABLE_SEPARATE;volume_tier_scope=CONTRACT_WIDE;record_signatories=FORM_SIGNATORIES_REQUIRED;report_vocabulary=CODES_REQUIRED,,
MDS-01692,0,query,conditional,,,5608000,,5608000,5608000,medium,0.75,entitlement_unverified:AMB-13,0,6,LW-410;MW-310,appendix_g_reading;metre_source;rig_services_index;record_signatories;report_vocabulary,appendix_g_reading=LWD_ROWS_SHIFTED;metre_source=PART_B_RUN_METRES;rig_services_index=NOT_APPLIED;record_signatories=FORM_SIGNATORIES_REQUIRED;report_vocabulary=CODES_REQUIRED,,
MDS-01693,0,query,conditional,,,14660732,,14660732,14660732,medium,0.75,entitlement_unverified:AMB-13,0,6,MW-310,rig_services_index;record_signatories;report_vocabulary,rig_services_index=NOT_APPLIED;record_signatories=FORM_SIGNATORIES_REQUIRED;report_vocabulary=CODES_REQUIRED,,
MDS-01694,0,query,conditional,,,5806120,,5806120,5806120,medium,0.75,entitlement_unverified:AMB-13,0,3,MW-310,rig_services_index;record_signatories;report_vocabulary,rig_services_index=NOT_APPLIED;record_signatories=FORM_SIGNATORIES_REQUIRED;report_vocabulary=CODES_REQUIRED,,
MDS-01695,0,query,conditional,,,16838234,,16838234,16838234,medium,0.75,entitlement_unverified:AMB-13,0,14,DD-120;MW-310;MW-320;PD-201;PD-210,rig_services_index;dd120_rate_from_feb_2026;volume_tier_scope;record_signatories;report_vocabulary,rig_services_index=NOT_APPLIED;dd120_rate_from_feb_2026=LATER_EFFECTIVE_GOVERNS;dd120_rate_from_feb_2026=MONTHLY_TABLE_SEPARATE;volume_tier_scope=CONTRACT_WIDE;record_signatories=FORM_SIGNATORIES_REQUIRED;report_vocabulary=CODES_REQUIRED,,
MDS-01696,0,query,conditional,,,18998733,,18998733,18998733,medium,0.75,entitlement_unverified:AMB-13,0,30,DD-120;LW-410;LW-411;LW-413;MW-310;MW-320;PD-201;PD-210,appendix_g_reading;metre_source;rig_services_index;dd120_rate_from_feb_2026;volume_tier_scope;record_signatories;report_vocabulary,appendix_g_reading=LWD_ROWS_SHIFTED;metre_source=PART_B_RUN_METRES;rig_services_index=NOT_APPLIED;dd120_rate_from_feb_2026=LATER_EFFECTIVE_GOVERNS;dd120_rate_from_feb_2026=MONTHLY_TABLE_SEPARATE;volume_tier_scope=CONTRACT_WIDE;record_signatories=FORM_SIGNATORIES_REQUIRED;report_vocabulary=CODES_REQUIRED,,
MDS-01697,0,query,conditional,,,18378371,,18378371,18378371,medium,0.75,entitlement_unverified:AMB-13,0,22,DD-120;MW-310;MW-320;PD-201;PD-210,metre_source;rig_services_index;dd120_rate_from_feb_2026;volume_tier_scope;record_signatories;report_vocabulary,metre_source=PART_B_RUN_METRES;rig_services_index=NOT_APPLIED;dd120_rate_from_feb_2026=LATER_EFFECTIVE_GOVERNS;dd120_rate_from_feb_2026=MONTHLY_TABLE_SEPARATE;volume_tier_scope=CONTRACT_WIDE;record_signatories=FORM_SIGNATORIES_REQUIRED;report_vocabulary=CODES_REQUIRED,,
MDS-01698,0,query,conditional,,,9420619,,9420619,9420619,medium,0.75,entitlement_unverified:AMB-13,0,3,MW-310,rig_services_index;record_signatories;report_vocabulary,rig_services_index=NOT_APPLIED;record_signatories=FORM_SIGNATORIES_REQUIRED;report_vocabulary=CODES_REQUIRED,,
MDS-01699,0,query,conditional,,,8453719,,8453719,8453719,medium,0.75,entitlement_unverified:AMB-13,0,5,LW-410;MW-310,appendix_g_reading;metre_source;rig_services_index;record_signatories;report_vocabulary,appendix_g_reading=LWD_ROWS_SHIFTED;metre_source=PART_B_RUN_METRES;rig_services_index=NOT_APPLIED;record_signatories=FORM_SIGNATORIES_REQUIRED;report_vocabulary=CODES_REQUIRED,,
MDS-01700,0,query,conditional,,,6463918,,6463918,6463918,medium,0.75,entitlement_unverified:AMB-13,0,5,DD-120;MW-310;MW-320,rig_services_index;dd120_rate_from_feb_2026;record_signatories;report_vocabulary,rig_services_index=NOT_APPLIED;dd120_rate_from_feb_2026=LATER_EFFECTIVE_GOVERNS;dd120_rate_from_feb_2026=MONTHLY_TABLE_SEPARATE;record_signatories=FORM_SIGNATORIES_REQUIRED;report_vocabulary=CODES_REQUIRED,,
MDS-01701,0,query,conditional,,,12683184,,12683184,12683184,medium,0.75,entitlement_unverified:AMB-13,0,18,DD-120;LW-410;LW-411;LW-412;LW-413;MW-310;MW-320;PD-201;PD-210,appendix_g_reading;rig_services_index;dd120_rate_from_feb_2026;volume_tier_scope;record_signatories;report_vocabulary,appendix_g_reading=LWD_ROWS_SHIFTED;rig_services_index=NOT_APPLIED;dd120_rate_from_feb_2026=LATER_EFFECTIVE_GOVERNS;dd120_rate_from_feb_2026=MONTHLY_TABLE_SEPARATE;volume_tier_scope=CONTRACT_WIDE;record_signatories=FORM_SIGNATORIES_REQUIRED;report_vocabulary=CODES_REQUIRED,,
MDS-01702,0,query,conditional,,,6647362,,6647362,6647362,medium,0.75,entitlement_unverified:AMB-13,0,9,DD-120;MW-310;MW-320,rig_services_index;dd120_rate_from_feb_2026;report_vocabulary,rig_services_index=NOT_APPLIED;dd120_rate_from_feb_2026=LATER_EFFECTIVE_GOVERNS;dd120_rate_from_feb_2026=MONTHLY_TABLE_SEPARATE;report_vocabulary=CODES_REQUIRED,,
MDS-01703,0,query,conditional,,,12608977,,12608977,12608977,medium,0.75,entitlement_unverified:AMB-13,0,8,DD-120;MW-310;MW-320,rig_services_index;dd120_rate_from_feb_2026;record_signatories;report_vocabulary,rig_services_index=NOT_APPLIED;dd120_rate_from_feb_2026=LATER_EFFECTIVE_GOVERNS;dd120_rate_from_feb_2026=MONTHLY_TABLE_SEPARATE;record_signatories=FORM_SIGNATORIES_REQUIRED;report_vocabulary=CODES_REQUIRED,,
MDS-01704,0,query,conditional,,,11857568,,11857568,11857568,medium,0.75,entitlement_unverified:AMB-13,0,4,MW-310,rig_services_index;record_signatories;report_vocabulary,rig_services_index=NOT_APPLIED;record_signatories=FORM_SIGNATORIES_REQUIRED;report_vocabulary=CODES_REQUIRED,,
MDS-01705,0,query,conditional,,,16504657,,16504657,16504657,medium,0.75,entitlement_unverified:AMB-13,0,15,DD-120;MW-310;MW-320,metre_source;rig_services_index;dd120_rate_from_feb_2026;record_signatories;report_vocabulary,metre_source=PART_B_RUN_METRES;rig_services_index=NOT_APPLIED;dd120_rate_from_feb_2026=LATER_EFFECTIVE_GOVERNS;dd120_rate_from_feb_2026=MONTHLY_TABLE_SEPARATE;record_signatories=FORM_SIGNATORIES_REQUIRED;report_vocabulary=CODES_REQUIRED,,
MDS-01706,0,query,conditional,,,16135955,,16135955,16135955,medium,0.75,entitlement_unverified:AMB-13,0,19,DD-120;MW-310;MW-320;PD-201;PD-210,metre_source;rig_services_index;dd120_rate_from_feb_2026;volume_tier_scope;record_signatories;report_vocabulary,metre_source=PART_B_RUN_METRES;rig_services_index=NOT_APPLIED;dd120_rate_from_feb_2026=LATER_EFFECTIVE_GOVERNS;dd120_rate_from_feb_2026=MONTHLY_TABLE_SEPARATE;volume_tier_scope=CONTRACT_WIDE;record_signatories=FORM_SIGNATORIES_REQUIRED;report_vocabulary=CODES_REQUIRED,,
MDS-01707,0,query,conditional,,,9444657,,9444657,9444657,medium,0.75,entitlement_unverified:AMB-13,0,5,MW-310,rig_services_index;record_signatories;report_vocabulary,rig_services_index=NOT_APPLIED;record_signatories=FORM_SIGNATORIES_REQUIRED;report_vocabulary=CODES_REQUIRED,,
MDS-01708,0,query,conditional,,,8399678,,8399678,8399678,medium,0.75,entitlement_unverified:AMB-13,0,12,DD-120;MW-310;MW-320,rig_services_index;dd120_rate_from_feb_2026;report_vocabulary,rig_services_index=NOT_APPLIED;dd120_rate_from_feb_2026=LATER_EFFECTIVE_GOVERNS;dd120_rate_from_feb_2026=MONTHLY_TABLE_SEPARATE;report_vocabulary=CODES_REQUIRED,,
MDS-01709,0,query,conditional,,,13317360,,13317360,13317360,medium,0.75,entitlement_unverified:AMB-13,0,24,DD-120;LW-410;LW-411;LW-412;MW-310;MW-320;PD-201;PD-210,appendix_g_reading;metre_source;rig_services_index;dd120_rate_from_feb_2026;volume_tier_scope;record_signatories;report_vocabulary,appendix_g_reading=LWD_ROWS_SHIFTED;metre_source=PART_B_RUN_METRES;rig_services_index=NOT_APPLIED;dd120_rate_from_feb_2026=LATER_EFFECTIVE_GOVERNS;dd120_rate_from_feb_2026=MONTHLY_TABLE_SEPARATE;volume_tier_scope=CONTRACT_WIDE;record_signatories=FORM_SIGNATORIES_REQUIRED;report_vocabulary=CODES_REQUIRED,,
MDS-01710,0,query,conditional,,,13595404,,13595404,13595404,medium,0.75,entitlement_unverified:AMB-13,0,19,DD-120;LW-410;LW-411;MW-310;MW-320;PD-201;PD-210,appendix_g_reading;metre_source;rig_services_index;dd120_rate_from_feb_2026;volume_tier_scope;record_signatories;report_vocabulary,appendix_g_reading=LWD_ROWS_SHIFTED;metre_source=PART_B_RUN_METRES;rig_services_index=NOT_APPLIED;dd120_rate_from_feb_2026=LATER_EFFECTIVE_GOVERNS;dd120_rate_from_feb_2026=MONTHLY_TABLE_SEPARATE;volume_tier_scope=CONTRACT_WIDE;record_signatories=FORM_SIGNATORIES_REQUIRED;report_vocabulary=CODES_REQUIRED,,
MDS-01711,0,query,conditional,,,19120679,,19120679,19120679,medium,0.75,entitlement_unverified:AMB-13,0,29,DD-120;LW-410;LW-411;LW-412;LW-413;MW-310;MW-320,appendix_g_reading;metre_source;rig_services_index;dd120_rate_from_feb_2026;record_signatories;report_vocabulary,appendix_g_reading=LWD_ROWS_SHIFTED;metre_source=PART_B_RUN_METRES;rig_services_index=NOT_APPLIED;dd120_rate_from_feb_2026=LATER_EFFECTIVE_GOVERNS;dd120_rate_from_feb_2026=MONTHLY_TABLE_SEPARATE;record_signatories=FORM_SIGNATORIES_REQUIRED;report_vocabulary=CODES_REQUIRED,,
MDS-01712,0,query,conditional,,,5000820,,5000820,5000820,medium,0.75,entitlement_unverified:AMB-13,0,3,MW-310,rig_services_index;report_vocabulary,rig_services_index=NOT_APPLIED;report_vocabulary=CODES_REQUIRED,,
MDS-01713,0,query,conditional,,,22915130,,22915130,22915130,medium,0.75,entitlement_unverified:AMB-13,0,36,DD-120;LW-410;LW-411;LW-413;MW-310;MW-320;PD-201;PD-210,appendix_g_reading;metre_source;rig_services_index;dd120_rate_from_feb_2026;volume_tier_scope;record_signatories;report_vocabulary,appendix_g_reading=LWD_ROWS_SHIFTED;metre_source=PART_B_RUN_METRES;rig_services_index=NOT_APPLIED;dd120_rate_from_feb_2026=LATER_EFFECTIVE_GOVERNS;dd120_rate_from_feb_2026=MONTHLY_TABLE_SEPARATE;volume_tier_scope=CONTRACT_WIDE;record_signatories=FORM_SIGNATORIES_REQUIRED;report_vocabulary=CODES_REQUIRED,,
MDS-01714,0,query,conditional,,,8493822,,8493822,8493822,medium,0.75,entitlement_unverified:AMB-13,0,4,MW-310,rig_services_index;record_signatories;report_vocabulary,rig_services_index=NOT_APPLIED;record_signatories=FORM_SIGNATORIES_REQUIRED;report_vocabulary=CODES_REQUIRED,,
MDS-01715,0,query,conditional,,,19218979,,19218979,19218979,medium,0.75,entitlement_unverified:AMB-13,0,20,DD-120;MW-310;MW-320;PD-201;PD-210,metre_source;rig_services_index;dd120_rate_from_feb_2026;volume_tier_scope;record_signatories;report_vocabulary,metre_source=PART_B_RUN_METRES;rig_services_index=NOT_APPLIED;dd120_rate_from_feb_2026=LATER_EFFECTIVE_GOVERNS;dd120_rate_from_feb_2026=MONTHLY_TABLE_SEPARATE;volume_tier_scope=CONTRACT_WIDE;record_signatories=FORM_SIGNATORIES_REQUIRED;report_vocabulary=CODES_REQUIRED,,
MDS-01716,0,query,conditional,,,17432856,,17432856,17432856,medium,0.75,entitlement_unverified:AMB-13,0,22,DD-120;LW-410;LW-411;LW-412;LW-413;MW-310;MW-320;PD-201;PD-210,appendix_g_reading;metre_source;rig_services_index;dd120_rate_from_feb_2026;volume_tier_scope;record_signatories;report_vocabulary,appendix_g_reading=LWD_ROWS_SHIFTED;metre_source=PART_B_RUN_METRES;rig_services_index=NOT_APPLIED;dd120_rate_from_feb_2026=LATER_EFFECTIVE_GOVERNS;dd120_rate_from_feb_2026=MONTHLY_TABLE_SEPARATE;volume_tier_scope=CONTRACT_WIDE;record_signatories=FORM_SIGNATORIES_REQUIRED;report_vocabulary=CODES_REQUIRED,,
MDS-01717,0,query,conditional,,,15726332,,15726332,15726332,medium,0.75,entitlement_unverified:AMB-13,0,20,DD-120;LW-410;LW-411;LW-413;MW-310;MW-320,appendix_g_reading;metre_source;rig_services_index;dd120_rate_from_feb_2026;record_signatories;report_vocabulary,appendix_g_reading=LWD_ROWS_SHIFTED;metre_source=PART_B_RUN_METRES;rig_services_index=NOT_APPLIED;dd120_rate_from_feb_2026=LATER_EFFECTIVE_GOVERNS;dd120_rate_from_feb_2026=MONTHLY_TABLE_SEPARATE;record_signatories=FORM_SIGNATORIES_REQUIRED;report_vocabulary=CODES_REQUIRED,,
MDS-01718,0,query,conditional,,,11316742,,11316742,11316742,medium,0.75,entitlement_unverified:AMB-13,0,4,MW-310,rig_services_index;record_signatories;report_vocabulary,rig_services_index=NOT_APPLIED;record_signatories=FORM_SIGNATORIES_REQUIRED;report_vocabulary=CODES_REQUIRED,,
MDS-01719,0,query,conditional,,,21345618,,21345618,21345618,medium,0.75,entitlement_unverified:AMB-13,0,26,DD-120;MW-310;MW-320;PD-201;PD-210,rig_services_index;dd120_rate_from_feb_2026;volume_tier_scope;record_signatories;report_vocabulary,rig_services_index=NOT_APPLIED;dd120_rate_from_feb_2026=LATER_EFFECTIVE_GOVERNS;dd120_rate_from_feb_2026=MONTHLY_TABLE_SEPARATE;volume_tier_scope=CONTRACT_WIDE;record_signatories=FORM_SIGNATORIES_REQUIRED;report_vocabulary=CODES_REQUIRED,,
MDS-01720,0,query,conditional,,,54688183,,54688183,54688183,medium,0.75,entitlement_unverified:AMB-13,0,31,DD-120;LW-410;LW-411;MW-310;MW-320;PD-201;PD-210,appendix_g_reading;metre_source;standby_section_factor;rig_services_index;dd120_rate_from_feb_2026;volume_tier_scope;lih_replacement_value;record_signatories;report_vocabulary,appendix_g_reading=LWD_ROWS_SHIFTED;metre_source=PART_B_RUN_METRES;standby_section_factor=APPLY;rig_services_index=NOT_APPLIED;dd120_rate_from_feb_2026=LATER_EFFECTIVE_GOVERNS;dd120_rate_from_feb_2026=MONTHLY_TABLE_SEPARATE;volume_tier_scope=CONTRACT_WIDE;lih_replacement_value=SCHEDULE_6_USD;record_signatories=FORM_SIGNATORIES_REQUIRED;report_vocabulary=CODES_REQUIRED,,
MDS-01721,0,query,conditional,,,8933573,,8933573,8933573,medium,0.75,entitlement_unverified:AMB-13,0,12,DD-120;MW-310;MW-320,rig_services_index;dd120_rate_from_feb_2026;report_vocabulary,rig_services_index=NOT_APPLIED;dd120_rate_from_feb_2026=LATER_EFFECTIVE_GOVERNS;dd120_rate_from_feb_2026=MONTHLY_TABLE_SEPARATE;report_vocabulary=CODES_REQUIRED,,
MDS-01722,0,query,conditional,,,6922635,,6922635,6922635,medium,0.75,entitlement_unverified:AMB-13,0,9,DD-120;MW-310;MW-320,rig_services_index;dd120_rate_from_feb_2026;report_vocabulary,rig_services_index=NOT_APPLIED;dd120_rate_from_feb_2026=LATER_EFFECTIVE_GOVERNS;dd120_rate_from_feb_2026=MONTHLY_TABLE_SEPARATE;report_vocabulary=CODES_REQUIRED,,
MDS-01723,0,query,conditional,,,22694720,,22694720,22694720,medium,0.75,entitlement_unverified:AMB-13,0,26,DD-120;MW-310;MW-320;PD-201;PD-210,pd210_class_factor;rig_services_index;dd120_rate_from_feb_2026;volume_tier_scope;record_signatories;report_vocabulary,pd210_class_factor=APPLY;rig_services_index=NOT_APPLIED;dd120_rate_from_feb_2026=LATER_EFFECTIVE_GOVERNS;dd120_rate_from_feb_2026=MONTHLY_TABLE_SEPARATE;volume_tier_scope=CONTRACT_WIDE;record_signatories=FORM_SIGNATORIES_REQUIRED;report_vocabulary=CODES_REQUIRED,,
MDS-01724,0,query,conditional,,,34128947,,34128947,34128947,medium,0.75,entitlement_unverified:AMB-13,0,14,DD-120;MW-310;MW-320;PD-201;PD-210,metre_source;pd210_class_factor;rig_services_index;dd120_rate_from_feb_2026;volume_tier_scope;lih_replacement_value;record_signatories;report_vocabulary,metre_source=PART_B_RUN_METRES;pd210_class_factor=APPLY;rig_services_index=NOT_APPLIED;dd120_rate_from_feb_2026=LATER_EFFECTIVE_GOVERNS;dd120_rate_from_feb_2026=MONTHLY_TABLE_SEPARATE;volume_tier_scope=CONTRACT_WIDE;lih_replacement_value=SCHEDULE_6_USD;record_signatories=FORM_SIGNATORIES_REQUIRED;report_vocabulary=CODES_REQUIRED,,
MDS-01725,1,part-reject,conditional,unsupported_service,unsupported_service,19938294,,19605524,19605524,high,0.95,entitlement_unverified:AMB-13,1,21,DD-120;MW-310;MW-320;PD-201;PD-210,metre_source;rig_services_index;dd120_rate_from_feb_2026;volume_tier_scope;record_signatories;report_vocabulary,,,
MDS-01726,0,query,conditional,,,7348311,,7348311,7348311,medium,0.75,entitlement_unverified:AMB-13,0,8,LW-410;MW-310,appendix_g_reading;metre_source;rig_services_index;record_signatories;report_vocabulary,appendix_g_reading=LWD_ROWS_SHIFTED;metre_source=PART_B_RUN_METRES;rig_services_index=NOT_APPLIED;record_signatories=FORM_SIGNATORIES_REQUIRED;report_vocabulary=CODES_REQUIRED,,
MDS-01727,0,query,conditional,,,12863284,,12863284,12863284,medium,0.75,entitlement_unverified:AMB-13,0,22,DD-120;LW-410;LW-411;MW-310;MW-320;PD-201;PD-210,appendix_g_reading;metre_source;rig_services_index;dd120_rate_from_feb_2026;volume_tier_scope;record_signatories;report_vocabulary,appendix_g_reading=LWD_ROWS_SHIFTED;metre_source=PART_B_RUN_METRES;rig_services_index=NOT_APPLIED;dd120_rate_from_feb_2026=LATER_EFFECTIVE_GOVERNS;dd120_rate_from_feb_2026=MONTHLY_TABLE_SEPARATE;volume_tier_scope=CONTRACT_WIDE;record_signatories=FORM_SIGNATORIES_REQUIRED;report_vocabulary=CODES_REQUIRED,,
MDS-01728,0,query,conditional,,,11868738,,11868738,11868738,medium,0.75,entitlement_unverified:AMB-13,0,24,DD-120;LW-410;LW-411;LW-412;MW-310;MW-320,appendix_g_reading;metre_source;rig_services_index;dd120_rate_from_feb_2026;record_signatories;report_vocabulary,appendix_g_reading=LWD_ROWS_SHIFTED;metre_source=PART_B_RUN_METRES;rig_services_index=NOT_APPLIED;dd120_rate_from_feb_2026=LATER_EFFECTIVE_GOVERNS;dd120_rate_from_feb_2026=MONTHLY_TABLE_SEPARATE;record_signatories=FORM_SIGNATORIES_REQUIRED;report_vocabulary=CODES_REQUIRED,,
MDS-01729,0,query,conditional,,,8889081,,8889081,8889081,medium,0.75,entitlement_unverified:AMB-13,0,12,DD-120;MW-310;MW-320,rig_services_index;dd120_rate_from_feb_2026;report_vocabulary,rig_services_index=NOT_APPLIED;dd120_rate_from_feb_2026=LATER_EFFECTIVE_GOVERNS;dd120_rate_from_feb_2026=MONTHLY_TABLE_SEPARATE;report_vocabulary=CODES_REQUIRED,,
MDS-01730,0,query,conditional,,,7643161,,7643161,7643161,medium,0.75,entitlement_unverified:AMB-13,0,4,MW-310,rig_services_index;record_signatories;report_vocabulary,rig_services_index=NOT_APPLIED;record_signatories=FORM_SIGNATORIES_REQUIRED;report_vocabulary=CODES_REQUIRED,,
MDS-01731,0,query,conditional,,,13444850,,13444850,13444850,medium,0.75,entitlement_unverified:AMB-13,0,18,DD-120;MW-310;MW-320,rig_services_index;dd120_rate_from_feb_2026;report_vocabulary,rig_services_index=NOT_APPLIED;dd120_rate_from_feb_2026=LATER_EFFECTIVE_GOVERNS;dd120_rate_from_feb_2026=MONTHLY_TABLE_SEPARATE;report_vocabulary=CODES_REQUIRED,,
MDS-01732,0,query,conditional,,,17016502,,17016502,17016502,medium,0.75,entitlement_unverified:AMB-13,0,31,DD-120;LW-410;LW-411;LW-413;MW-310;MW-320,appendix_g_reading;metre_source;rig_services_index;dd120_rate_from_feb_2026;record_signatories;report_vocabulary,appendix_g_reading=LWD_ROWS_SHIFTED;metre_source=PART_B_RUN_METRES;rig_services_index=NOT_APPLIED;dd120_rate_from_feb_2026=LATER_EFFECTIVE_GOVERNS;dd120_rate_from_feb_2026=MONTHLY_TABLE_SEPARATE;record_signatories=FORM_SIGNATORIES_REQUIRED;report_vocabulary=CODES_REQUIRED,,
MDS-01733,0,query,conditional,,,12778109,,12778109,12778109,medium,0.75,entitlement_unverified:AMB-13,0,22,DD-120;LW-410;LW-411;LW-413;MW-310;MW-320;PD-201;PD-210,appendix_g_reading;metre_source;rig_services_index;dd120_rate_from_feb_2026;volume_tier_scope;record_signatories;report_vocabulary,appendix_g_reading=LWD_ROWS_SHIFTED;metre_source=PART_B_RUN_METRES;rig_services_index=NOT_APPLIED;dd120_rate_from_feb_2026=LATER_EFFECTIVE_GOVERNS;dd120_rate_from_feb_2026=MONTHLY_TABLE_SEPARATE;volume_tier_scope=CONTRACT_WIDE;record_signatories=FORM_SIGNATORIES_REQUIRED;report_vocabulary=CODES_REQUIRED,,
MDS-01734,0,query,conditional,,,14027161,,14027161,14027161,medium,0.75,entitlement_unverified:AMB-13,0,6,MW-310,rig_services_index;record_signatories;report_vocabulary,rig_services_index=NOT_APPLIED;record_signatories=FORM_SIGNATORIES_REQUIRED;report_vocabulary=CODES_REQUIRED,,
MDS-01735,0,query,conditional,,,12416871,,12416871,12416871,medium,0.75,entitlement_unverified:AMB-13,0,19,DD-120;LW-410;LW-411;LW-413;MW-310;MW-320;PD-201;PD-210,appendix_g_reading;metre_source;rig_services_index;dd120_rate_from_feb_2026;volume_tier_scope;record_signatories;report_vocabulary,appendix_g_reading=LWD_ROWS_SHIFTED;metre_source=PART_B_RUN_METRES;rig_services_index=NOT_APPLIED;dd120_rate_from_feb_2026=LATER_EFFECTIVE_GOVERNS;dd120_rate_from_feb_2026=MONTHLY_TABLE_SEPARATE;volume_tier_scope=CONTRACT_WIDE;record_signatories=FORM_SIGNATORIES_REQUIRED;report_vocabulary=CODES_REQUIRED,,
MDS-01736,0,query,conditional,,,12237418,,12237418,12237418,medium,0.75,entitlement_unverified:AMB-13,0,19,DD-120;MW-310;MW-320;PD-201;PD-210,rig_services_index;dd120_rate_from_feb_2026;volume_tier_scope;report_vocabulary,rig_services_index=NOT_APPLIED;dd120_rate_from_feb_2026=LATER_EFFECTIVE_GOVERNS;dd120_rate_from_feb_2026=MONTHLY_TABLE_SEPARATE;volume_tier_scope=CONTRACT_WIDE;report_vocabulary=CODES_REQUIRED,,
MDS-01737,0,query,conditional,,,19634126,,19634126,19634126,medium,0.75,entitlement_unverified:AMB-13,0,32,DD-120;LW-410;LW-411;MW-310;MW-320;PD-201;PD-210,appendix_g_reading;metre_source;rig_services_index;dd120_rate_from_feb_2026;volume_tier_scope;record_signatories;report_vocabulary,appendix_g_reading=LWD_ROWS_SHIFTED;metre_source=PART_B_RUN_METRES;rig_services_index=NOT_APPLIED;dd120_rate_from_feb_2026=LATER_EFFECTIVE_GOVERNS;dd120_rate_from_feb_2026=MONTHLY_TABLE_SEPARATE;volume_tier_scope=CONTRACT_WIDE;record_signatories=FORM_SIGNATORIES_REQUIRED;report_vocabulary=CODES_REQUIRED,,
MDS-01738,0,query,conditional,,,6563881,,6563881,6563881,medium,0.75,entitlement_unverified:AMB-13,0,3,LW-410;MW-310,appendix_g_reading;metre_source;rig_services_index;record_signatories;report_vocabulary,appendix_g_reading=LWD_ROWS_SHIFTED;metre_source=PART_B_RUN_METRES;rig_services_index=NOT_APPLIED;record_signatories=FORM_SIGNATORIES_REQUIRED;report_vocabulary=CODES_REQUIRED,,
MDS-01739,1,part-reject,conditional,superseded_rate,superseded_rate,15404689,,15388274,15388274,high,0.95,entitlement_unverified:AMB-13,1,27,DD-120;LW-410;LW-411;LW-412;LW-413;MW-310;MW-320,appendix_g_reading;metre_source;rig_services_index;dd120_rate_from_feb_2026;record_signatories;report_vocabulary,,,
MDS-01740,0,query,conditional,,,17005401,,17005401,17005401,medium,0.75,entitlement_unverified:AMB-13,0,21,DD-120;MW-310;MW-320;PD-201;PD-210,pd210_class_factor;rig_services_index;dd120_rate_from_feb_2026;volume_tier_scope;report_vocabulary,pd210_class_factor=APPLY;rig_services_index=NOT_APPLIED;dd120_rate_from_feb_2026=LATER_EFFECTIVE_GOVERNS;dd120_rate_from_feb_2026=MONTHLY_TABLE_SEPARATE;volume_tier_scope=CONTRACT_WIDE;report_vocabulary=CODES_REQUIRED,,
MDS-01741,0,query,conditional,,,8136470,,8136470,8136470,medium,0.75,entitlement_unverified:AMB-13,0,11,DD-120;LW-410;LW-411;MW-310;MW-320,appendix_g_reading;rig_services_index;dd120_rate_from_feb_2026;record_signatories;report_vocabulary,appendix_g_reading=LWD_ROWS_SHIFTED;rig_services_index=NOT_APPLIED;dd120_rate_from_feb_2026=LATER_EFFECTIVE_GOVERNS;dd120_rate_from_feb_2026=MONTHLY_TABLE_SEPARATE;record_signatories=FORM_SIGNATORIES_REQUIRED;report_vocabulary=CODES_REQUIRED,,
MDS-01742,0,query,conditional,,,9851880,,9851880,9851880,medium,0.75,entitlement_unverified:AMB-13,0,7,DD-120;MW-310;MW-320,rig_services_index;dd120_rate_from_feb_2026;record_signatories;report_vocabulary,rig_services_index=NOT_APPLIED;dd120_rate_from_feb_2026=LATER_EFFECTIVE_GOVERNS;dd120_rate_from_feb_2026=MONTHLY_TABLE_SEPARATE;record_signatories=FORM_SIGNATORIES_REQUIRED;report_vocabulary=CODES_REQUIRED,,
MDS-01743,0,query,conditional,,,10707942,,10707942,10707942,medium,0.75,entitlement_unverified:AMB-13,0,14,DD-120;LW-410;LW-411;MW-310;MW-320;PD-201;PD-210,appendix_g_reading;metre_source;standby_section_factor;rig_services_index;dd120_rate_from_feb_2026;volume_tier_scope;record_signatories;report_vocabulary,appendix_g_reading=LWD_ROWS_SHIFTED;metre_source=PART_B_RUN_METRES;standby_section_factor=APPLY;rig_services_index=NOT_APPLIED;dd120_rate_from_feb_2026=LATER_EFFECTIVE_GOVERNS;dd120_rate_from_feb_2026=MONTHLY_TABLE_SEPARATE;volume_tier_scope=CONTRACT_WIDE;record_signatories=FORM_SIGNATORIES_REQUIRED;report_vocabulary=CODES_REQUIRED,,
MDS-01744,0,query,conditional,,,12875620,,12875620,12875620,medium,0.75,entitlement_unverified:AMB-13,0,13,DD-120;MW-310;MW-320;PD-201;PD-210,metre_source;pd210_class_factor;rig_services_index;dd120_rate_from_feb_2026;volume_tier_scope;record_signatories;report_vocabulary,metre_source=PART_B_RUN_METRES;pd210_class_factor=APPLY;rig_services_index=NOT_APPLIED;dd120_rate_from_feb_2026=LATER_EFFECTIVE_GOVERNS;dd120_rate_from_feb_2026=MONTHLY_TABLE_SEPARATE;volume_tier_scope=CONTRACT_WIDE;record_signatories=FORM_SIGNATORIES_REQUIRED;report_vocabulary=CODES_REQUIRED,,
MDS-01745,0,query,conditional,,,8767799,,8767799,8767799,medium,0.75,entitlement_unverified:AMB-13,0,10,LW-410;MW-310,appendix_g_reading;metre_source;rig_services_index;record_signatories;report_vocabulary,appendix_g_reading=LWD_ROWS_SHIFTED;metre_source=PART_B_RUN_METRES;rig_services_index=NOT_APPLIED;record_signatories=FORM_SIGNATORIES_REQUIRED;report_vocabulary=CODES_REQUIRED,,
MDS-01746,0,query,conditional,,,12523936,,12523936,12523936,medium,0.75,entitlement_unverified:AMB-13,0,19,DD-120;LW-410;LW-411;LW-413;MW-310;MW-320;PD-201;PD-210,appendix_g_reading;metre_source;rig_services_index;dd120_rate_from_feb_2026;volume_tier_scope;record_signatories;report_vocabulary,appendix_g_reading=LWD_ROWS_SHIFTED;metre_source=PART_B_RUN_METRES;rig_services_index=NOT_APPLIED;dd120_rate_from_feb_2026=LATER_EFFECTIVE_GOVERNS;dd120_rate_from_feb_2026=MONTHLY_TABLE_SEPARATE;volume_tier_scope=CONTRACT_WIDE;record_signatories=FORM_SIGNATORIES_REQUIRED;report_vocabulary=CODES_REQUIRED,,
MDS-01747,0,query,conditional,,,10955313,,10955313,10955313,medium,0.75,entitlement_unverified:AMB-13,0,4,MW-310,rig_services_index;record_signatories;report_vocabulary,rig_services_index=NOT_APPLIED;record_signatories=FORM_SIGNATORIES_REQUIRED;report_vocabulary=CODES_REQUIRED,,
MDS-01748,0,query,conditional,,,15235117,,15235117,15235117,medium,0.75,entitlement_unverified:AMB-13,0,27,DD-120;LW-410;LW-411;LW-412;MW-310;MW-320,appendix_g_reading;metre_source;rig_services_index;dd120_rate_from_feb_2026;record_signatories;report_vocabulary,appendix_g_reading=LWD_ROWS_SHIFTED;metre_source=PART_B_RUN_METRES;rig_services_index=NOT_APPLIED;dd120_rate_from_feb_2026=LATER_EFFECTIVE_GOVERNS;dd120_rate_from_feb_2026=MONTHLY_TABLE_SEPARATE;record_signatories=FORM_SIGNATORIES_REQUIRED;report_vocabulary=CODES_REQUIRED,,
MDS-01749,0,query,conditional,,,15800701,,15800701,15800701,medium,0.75,entitlement_unverified:AMB-13,0,26,DD-120;LW-410;LW-411;LW-413;MW-310;MW-320,appendix_g_reading;metre_source;rig_services_index;dd120_rate_from_feb_2026;record_signatories;report_vocabulary,appendix_g_reading=LWD_ROWS_SHIFTED;metre_source=PART_B_RUN_METRES;rig_services_index=NOT_APPLIED;dd120_rate_from_feb_2026=LATER_EFFECTIVE_GOVERNS;dd120_rate_from_feb_2026=MONTHLY_TABLE_SEPARATE;record_signatories=FORM_SIGNATORIES_REQUIRED;report_vocabulary=CODES_REQUIRED,,
MDS-01750,0,query,conditional,,,14167712,,14167712,14167712,medium,0.75,entitlement_unverified:AMB-13,0,26,DD-120;LW-410;LW-411;LW-413;MW-310;MW-320,appendix_g_reading;metre_source;rig_services_index;dd120_rate_from_feb_2026;record_signatories;report_vocabulary,appendix_g_reading=LWD_ROWS_SHIFTED;metre_source=PART_B_RUN_METRES;rig_services_index=NOT_APPLIED;dd120_rate_from_feb_2026=LATER_EFFECTIVE_GOVERNS;dd120_rate_from_feb_2026=MONTHLY_TABLE_SEPARATE;record_signatories=FORM_SIGNATORIES_REQUIRED;report_vocabulary=CODES_REQUIRED,,
MDS-01751,1,part-reject,conditional,quantity_exceeds_record,quantity_exceeds_record,5696142,,5507589,5507589,high,0.95,entitlement_unverified:AMB-13,1,3,DD-120;MW-310;MW-320,rig_services_index;dd120_rate_from_feb_2026;report_vocabulary,,,
MDS-01752,0,query,conditional,,,16889300,,16889300,16889300,medium,0.75,entitlement_unverified:AMB-13,0,20,DD-120;MW-310;MW-320;PD-201;PD-210,pd210_class_factor;rig_services_index;dd120_rate_from_feb_2026;volume_tier_scope;report_vocabulary,pd210_class_factor=APPLY;rig_services_index=NOT_APPLIED;dd120_rate_from_feb_2026=LATER_EFFECTIVE_GOVERNS;dd120_rate_from_feb_2026=MONTHLY_TABLE_SEPARATE;volume_tier_scope=CONTRACT_WIDE;report_vocabulary=CODES_REQUIRED,,
MDS-01753,0,query,conditional,,,29114818,,29114818,29114818,medium,0.75,entitlement_unverified:AMB-13,0,36,DD-120;LW-410;LW-411;LW-412;MW-310;MW-320;PD-201;PD-210,appendix_g_reading;metre_source;pd210_class_factor;rig_services_index;dd120_rate_from_feb_2026;volume_tier_scope;record_signatories;report_vocabulary,appendix_g_reading=LWD_ROWS_SHIFTED;metre_source=PART_B_RUN_METRES;pd210_class_factor=APPLY;rig_services_index=NOT_APPLIED;dd120_rate_from_feb_2026=LATER_EFFECTIVE_GOVERNS;dd120_rate_from_feb_2026=MONTHLY_TABLE_SEPARATE;volume_tier_scope=CONTRACT_WIDE;record_signatories=FORM_SIGNATORIES_REQUIRED;report_vocabulary=CODES_REQUIRED,,
MDS-01754,0,query,conditional,,,12684631,,12684631,12684631,medium,0.75,entitlement_unverified:AMB-13,0,22,DD-120;LW-410;LW-411;LW-413;MW-310;MW-320;PD-201;PD-210,appendix_g_reading;metre_source;rig_services_index;dd120_rate_from_feb_2026;volume_tier_scope;record_signatories;report_vocabulary,appendix_g_reading=LWD_ROWS_SHIFTED;metre_source=PART_B_RUN_METRES;rig_services_index=NOT_APPLIED;dd120_rate_from_feb_2026=LATER_EFFECTIVE_GOVERNS;dd120_rate_from_feb_2026=MONTHLY_TABLE_SEPARATE;volume_tier_scope=CONTRACT_WIDE;record_signatories=FORM_SIGNATORIES_REQUIRED;report_vocabulary=CODES_REQUIRED,,
MDS-01755,0,query,conditional,,,10987375,,10987375,10987375,medium,0.75,entitlement_unverified:AMB-13,0,6,MW-310,standby_section_factor;rig_services_index;monthly_rate_basis;record_signatories;report_vocabulary,standby_section_factor=APPLY;rig_services_index=NOT_APPLIED;monthly_rate_basis=FINAL_RATE;record_signatories=FORM_SIGNATORIES_REQUIRED;report_vocabulary=CODES_REQUIRED,,
MDS-01756,0,query,conditional,,,7035677,,7035677,7035677,medium,0.75,entitlement_unverified:AMB-13,0,10,DD-120;MW-310;MW-320,rig_services_index;dd120_rate_from_feb_2026;report_vocabulary,rig_services_index=NOT_APPLIED;dd120_rate_from_feb_2026=LATER_EFFECTIVE_GOVERNS;dd120_rate_from_feb_2026=MONTHLY_TABLE_SEPARATE;report_vocabulary=CODES_REQUIRED,,
MDS-01757,0,query,conditional,,,7566895,,7566895,7566895,medium,0.75,entitlement_unverified:AMB-13,0,13,DD-120;LW-410;LW-411;MW-310;MW-320;PD-201;PD-210,appendix_g_reading;standby_section_factor;rig_services_index;dd120_rate_from_feb_2026;volume_tier_scope;record_signatories;report_vocabulary,appendix_g_reading=LWD_ROWS_SHIFTED;standby_section_factor=APPLY;rig_services_index=NOT_APPLIED;dd120_rate_from_feb_2026=LATER_EFFECTIVE_GOVERNS;dd120_rate_from_feb_2026=MONTHLY_TABLE_SEPARATE;volume_tier_scope=CONTRACT_WIDE;record_signatories=FORM_SIGNATORIES_REQUIRED;report_vocabulary=CODES_REQUIRED,,
MDS-01758,0,query,conditional,,,11883227,,11883227,11883227,medium,0.75,entitlement_unverified:AMB-13,0,9,LW-410;MW-310,appendix_g_reading;metre_source;rig_services_index;record_signatories;report_vocabulary,appendix_g_reading=LWD_ROWS_SHIFTED;metre_source=PART_B_RUN_METRES;rig_services_index=NOT_APPLIED;record_signatories=FORM_SIGNATORIES_REQUIRED;report_vocabulary=CODES_REQUIRED,,
MDS-01759,0,query,conditional,,,9042208,,9042208,9042208,medium,0.75,entitlement_unverified:AMB-13,0,5,MW-310,rig_services_index;record_signatories;report_vocabulary,rig_services_index=NOT_APPLIED;record_signatories=FORM_SIGNATORIES_REQUIRED;report_vocabulary=CODES_REQUIRED,,
MDS-01760,0,query,conditional,,,12610841,,12610841,12610841,medium,0.75,entitlement_unverified:AMB-13,0,22,DD-120;LW-410;LW-411;MW-310;MW-320;PD-201;PD-210,appendix_g_reading;metre_source;rig_services_index;dd120_rate_from_feb_2026;volume_tier_scope;record_signatories;report_vocabulary,appendix_g_reading=LWD_ROWS_SHIFTED;metre_source=PART_B_RUN_METRES;rig_services_index=NOT_APPLIED;dd120_rate_from_feb_2026=LATER_EFFECTIVE_GOVERNS;dd120_rate_from_feb_2026=MONTHLY_TABLE_SEPARATE;volume_tier_scope=CONTRACT_WIDE;record_signatories=FORM_SIGNATORIES_REQUIRED;report_vocabulary=CODES_REQUIRED,,
MDS-01761,0,query,conditional,,,13274235,,13274235,13274235,medium,0.75,entitlement_unverified:AMB-13,0,5,MW-310,rig_services_index;record_signatories;report_vocabulary,rig_services_index=NOT_APPLIED;record_signatories=FORM_SIGNATORIES_REQUIRED;report_vocabulary=CODES_REQUIRED,,
MDS-01762,0,query,conditional,,,14017128,,14017128,14017128,medium,0.75,entitlement_unverified:AMB-13,0,19,DD-120;LW-410;LW-411;LW-413;MW-310;MW-320;PD-201;PD-210,appendix_g_reading;metre_source;pd210_class_factor;rig_services_index;dd120_rate_from_feb_2026;volume_tier_scope;record_signatories;report_vocabulary,appendix_g_reading=LWD_ROWS_SHIFTED;metre_source=PART_B_RUN_METRES;pd210_class_factor=APPLY;rig_services_index=NOT_APPLIED;dd120_rate_from_feb_2026=LATER_EFFECTIVE_GOVERNS;dd120_rate_from_feb_2026=MONTHLY_TABLE_SEPARATE;volume_tier_scope=CONTRACT_WIDE;record_signatories=FORM_SIGNATORIES_REQUIRED;report_vocabulary=CODES_REQUIRED,,
MDS-01763,0,query,conditional,,,14698316,,14698316,14698316,medium,0.75,entitlement_unverified:AMB-13,0,30,DD-120;LW-410;LW-411;LW-412;MW-310;MW-320,appendix_g_reading;metre_source;rig_services_index;dd120_rate_from_feb_2026;record_signatories;report_vocabulary,appendix_g_reading=LWD_ROWS_SHIFTED;metre_source=PART_B_RUN_METRES;rig_services_index=NOT_APPLIED;dd120_rate_from_feb_2026=LATER_EFFECTIVE_GOVERNS;dd120_rate_from_feb_2026=MONTHLY_TABLE_SEPARATE;record_signatories=FORM_SIGNATORIES_REQUIRED;report_vocabulary=CODES_REQUIRED,,
MDS-01764,1,part-reject,conditional,unsupported_service,unsupported_service,127502384,,127182925,127182925,high,0.95,entitlement_unverified:AMB-13,1,8,DD-120;LW-410;LW-411;MW-310;MW-320,appendix_g_reading;metre_source;rig_services_index;dd120_rate_from_feb_2026;lih_replacement_value;record_signatories;report_vocabulary,,,
MDS-01765,0,query,conditional,,,5435122,,5435122,5435122,medium,0.75,entitlement_unverified:AMB-13,0,3,DD-120;MW-310;MW-320,rig_services_index;dd120_rate_from_feb_2026;report_vocabulary,rig_services_index=NOT_APPLIED;dd120_rate_from_feb_2026=LATER_EFFECTIVE_GOVERNS;dd120_rate_from_feb_2026=MONTHLY_TABLE_SEPARATE;report_vocabulary=CODES_REQUIRED,,
MDS-01766,0,query,conditional,,,15384079,,15384079,15384079,medium,0.75,entitlement_unverified:AMB-13,0,27,DD-120;LW-410;LW-411;MW-310;MW-320;PD-201;PD-210,appendix_g_reading;metre_source;standby_section_factor;rig_services_index;dd120_rate_from_feb_2026;volume_tier_scope;record_signatories;report_vocabulary,appendix_g_reading=LWD_ROWS_SHIFTED;metre_source=PART_B_RUN_METRES;standby_section_factor=APPLY;rig_services_index=NOT_APPLIED;dd120_rate_from_feb_2026=LATER_EFFECTIVE_GOVERNS;dd120_rate_from_feb_2026=MONTHLY_TABLE_SEPARATE;volume_tier_scope=CONTRACT_WIDE;record_signatories=FORM_SIGNATORIES_REQUIRED;report_vocabulary=CODES_REQUIRED,,
MDS-01767,0,query,conditional,,,13295412,,13295412,13295412,medium,0.75,entitlement_unverified:AMB-13,0,5,MW-310,rig_services_index;record_signatories;report_vocabulary,rig_services_index=NOT_APPLIED;record_signatories=FORM_SIGNATORIES_REQUIRED;report_vocabulary=CODES_REQUIRED,,
MDS-01768,0,query,conditional,,,17828260,,17828260,17828260,medium,0.75,entitlement_unverified:AMB-13,0,24,DD-120;LW-410;LW-411;LW-413;MW-310;MW-320,appendix_g_reading;metre_source;rig_services_index;dd120_rate_from_feb_2026;record_signatories;report_vocabulary,appendix_g_reading=LWD_ROWS_SHIFTED;metre_source=PART_B_RUN_METRES;rig_services_index=NOT_APPLIED;dd120_rate_from_feb_2026=LATER_EFFECTIVE_GOVERNS;dd120_rate_from_feb_2026=MONTHLY_TABLE_SEPARATE;record_signatories=FORM_SIGNATORIES_REQUIRED;report_vocabulary=CODES_REQUIRED,,
MDS-01769,0,query,conditional,,,13084197,,13084197,13084197,medium,0.75,entitlement_unverified:AMB-13,0,5,MW-310,rig_services_index;record_signatories;report_vocabulary,rig_services_index=NOT_APPLIED;record_signatories=FORM_SIGNATORIES_REQUIRED;report_vocabulary=CODES_REQUIRED,,
MDS-01770,0,query,conditional,,,27270541,,27270541,27270541,medium,0.75,entitlement_unverified:AMB-13,0,41,DD-120;LW-410;LW-411;LW-412;LW-413;MW-310;MW-320;PD-201;PD-210,appendix_g_reading;metre_source;pd210_class_factor;rig_services_index;dd120_rate_from_feb_2026;volume_tier_scope;record_signatories;report_vocabulary,appendix_g_reading=LWD_ROWS_SHIFTED;metre_source=PART_B_RUN_METRES;pd210_class_factor=APPLY;rig_services_index=NOT_APPLIED;dd120_rate_from_feb_2026=LATER_EFFECTIVE_GOVERNS;dd120_rate_from_feb_2026=MONTHLY_TABLE_SEPARATE;volume_tier_scope=CONTRACT_WIDE;record_signatories=FORM_SIGNATORIES_REQUIRED;report_vocabulary=CODES_REQUIRED,,
MDS-01771,0,query,conditional,,,12259954,,12259954,12259954,medium,0.75,entitlement_unverified:AMB-13,0,16,DD-120;LW-410;LW-411;MW-310;MW-320;PD-201;PD-210,appendix_g_reading;metre_source;standby_section_factor;rig_services_index;dd120_rate_from_feb_2026;volume_tier_scope;record_signatories;report_vocabulary,appendix_g_reading=LWD_ROWS_SHIFTED;metre_source=PART_B_RUN_METRES;standby_section_factor=APPLY;rig_services_index=NOT_APPLIED;dd120_rate_from_feb_2026=LATER_EFFECTIVE_GOVERNS;dd120_rate_from_feb_2026=MONTHLY_TABLE_SEPARATE;volume_tier_scope=CONTRACT_WIDE;record_signatories=FORM_SIGNATORIES_REQUIRED;report_vocabulary=CODES_REQUIRED,,
MDS-01772,0,query,conditional,,,15689744,,15689744,15689744,medium,0.75,entitlement_unverified:AMB-13,0,15,DD-120;MW-310;MW-320,metre_source;rig_services_index;dd120_rate_from_feb_2026;record_signatories;report_vocabulary,metre_source=PART_B_RUN_METRES;rig_services_index=NOT_APPLIED;dd120_rate_from_feb_2026=LATER_EFFECTIVE_GOVERNS;dd120_rate_from_feb_2026=MONTHLY_TABLE_SEPARATE;record_signatories=FORM_SIGNATORIES_REQUIRED;report_vocabulary=CODES_REQUIRED,,
MDS-01773,0,query,conditional,,,26826255,,26826255,26826255,medium,0.75,entitlement_unverified:AMB-13,0,43,DD-120;LW-410;LW-411;MW-310;MW-320;PD-201;PD-210,appendix_g_reading;metre_source;pd210_class_factor;rig_services_index;dd120_rate_from_feb_2026;volume_tier_scope;record_signatories;report_vocabulary,appendix_g_reading=LWD_ROWS_SHIFTED;metre_source=PART_B_RUN_METRES;pd210_class_factor=APPLY;rig_services_index=NOT_APPLIED;dd120_rate_from_feb_2026=LATER_EFFECTIVE_GOVERNS;dd120_rate_from_feb_2026=MONTHLY_TABLE_SEPARATE;volume_tier_scope=CONTRACT_WIDE;record_signatories=FORM_SIGNATORIES_REQUIRED;report_vocabulary=CODES_REQUIRED,,
MDS-01774,0,query,conditional,,,14374204,,14374204,14374204,medium,0.75,entitlement_unverified:AMB-13,0,16,DD-120;MW-310;MW-320,rig_services_index;dd120_rate_from_feb_2026;record_signatories;report_vocabulary,rig_services_index=NOT_APPLIED;dd120_rate_from_feb_2026=LATER_EFFECTIVE_GOVERNS;dd120_rate_from_feb_2026=MONTHLY_TABLE_SEPARATE;record_signatories=FORM_SIGNATORIES_REQUIRED;report_vocabulary=CODES_REQUIRED,,
MDS-01775,0,query,conditional,,,6903537,,6903537,6903537,medium,0.75,entitlement_unverified:AMB-13,0,4,MW-310,rig_services_index;report_vocabulary,rig_services_index=NOT_APPLIED;report_vocabulary=CODES_REQUIRED,,
MDS-01776,0,query,conditional,,,12926209,,12926209,12926209,medium,0.75,entitlement_unverified:AMB-13,0,19,DD-120;LW-410;LW-411;LW-412;MW-310;MW-320,appendix_g_reading;metre_source;rig_services_index;dd120_rate_from_feb_2026;record_signatories;report_vocabulary,appendix_g_reading=LWD_ROWS_SHIFTED;metre_source=PART_B_RUN_METRES;rig_services_index=NOT_APPLIED;dd120_rate_from_feb_2026=LATER_EFFECTIVE_GOVERNS;dd120_rate_from_feb_2026=MONTHLY_TABLE_SEPARATE;record_signatories=FORM_SIGNATORIES_REQUIRED;report_vocabulary=CODES_REQUIRED,,
MDS-01777,0,query,conditional,,,14727803,,14727803,14727803,medium,0.75,entitlement_unverified:AMB-13,0,6,MW-310,rig_services_index;record_signatories;report_vocabulary,rig_services_index=NOT_APPLIED;record_signatories=FORM_SIGNATORIES_REQUIRED;report_vocabulary=CODES_REQUIRED,,
MDS-01778,0,query,conditional,,,10247430,,10247430,10247430,medium,0.75,entitlement_unverified:AMB-13,0,3,MW-310,rig_services_index;record_signatories;report_vocabulary,rig_services_index=NOT_APPLIED;record_signatories=FORM_SIGNATORIES_REQUIRED;report_vocabulary=CODES_REQUIRED,,
MDS-01779,0,query,conditional,,,12363034,,12363034,12363034,medium,0.75,entitlement_unverified:AMB-13,0,21,DD-120;LW-410;LW-411;MW-310;MW-320;PD-201;PD-210,appendix_g_reading;metre_source;rig_services_index;dd120_rate_from_feb_2026;volume_tier_scope;record_signatories;report_vocabulary,appendix_g_reading=LWD_ROWS_SHIFTED;metre_source=PART_B_RUN_METRES;rig_services_index=NOT_APPLIED;dd120_rate_from_feb_2026=LATER_EFFECTIVE_GOVERNS;dd120_rate_from_feb_2026=MONTHLY_TABLE_SEPARATE;volume_tier_scope=CONTRACT_WIDE;record_signatories=FORM_SIGNATORIES_REQUIRED;report_vocabulary=CODES_REQUIRED,,
MDS-01780,0,query,conditional,,,7230374,,7230374,7230374,medium,0.75,entitlement_unverified:AMB-13,0,4,MW-310,rig_services_index;record_signatories;report_vocabulary,rig_services_index=NOT_APPLIED;record_signatories=FORM_SIGNATORIES_REQUIRED;report_vocabulary=CODES_REQUIRED,,
MDS-01781,0,query,conditional,,,12629293,,12629293,12629293,medium,0.75,entitlement_unverified:AMB-13,0,9,DD-120;MW-310;MW-320;PD-201;PD-210,pd210_class_factor;rig_services_index;dd120_rate_from_feb_2026;volume_tier_scope;record_signatories;report_vocabulary,pd210_class_factor=APPLY;rig_services_index=NOT_APPLIED;dd120_rate_from_feb_2026=LATER_EFFECTIVE_GOVERNS;dd120_rate_from_feb_2026=MONTHLY_TABLE_SEPARATE;volume_tier_scope=CONTRACT_WIDE;record_signatories=FORM_SIGNATORIES_REQUIRED;report_vocabulary=CODES_REQUIRED,,
MDS-01782,1,part-reject,conditional,unsupported_service,unsupported_service,17031760,,16698990,16698990,high,0.95,entitlement_unverified:AMB-13,1,29,DD-120;LW-410;LW-411;LW-412;LW-413;MW-310;MW-320;PD-201;PD-210,appendix_g_reading;metre_source;pd210_class_factor;standby_section_factor;rig_services_index;dd120_rate_from_feb_2026;volume_tier_scope;record_signatories;report_vocabulary,,,
MDS-01783,0,query,conditional,,,5649407,,5649407,5649407,medium,0.75,entitlement_unverified:AMB-13,0,6,LW-410;MW-310,appendix_g_reading;metre_source;rig_services_index;record_signatories;report_vocabulary,appendix_g_reading=LWD_ROWS_SHIFTED;metre_source=PART_B_RUN_METRES;rig_services_index=NOT_APPLIED;record_signatories=FORM_SIGNATORIES_REQUIRED;report_vocabulary=CODES_REQUIRED,,
MDS-01784,0,query,conditional,,,10663856,,10663856,10663856,medium,0.75,entitlement_unverified:AMB-13,0,12,DD-120;LW-410;LW-411;LW-413;MW-310;MW-320,appendix_g_reading;metre_source;rig_services_index;dd120_rate_from_feb_2026;record_signatories;report_vocabulary,appendix_g_reading=LWD_ROWS_SHIFTED;metre_source=PART_B_RUN_METRES;rig_services_index=NOT_APPLIED;dd120_rate_from_feb_2026=LATER_EFFECTIVE_GOVERNS;dd120_rate_from_feb_2026=MONTHLY_TABLE_SEPARATE;record_signatories=FORM_SIGNATORIES_REQUIRED;report_vocabulary=CODES_REQUIRED,,
MDS-01785,0,query,conditional,,,13527073,,13527073,13527073,medium,0.75,entitlement_unverified:AMB-13,0,21,DD-120;LW-410;LW-411;LW-413;MW-310;MW-320,appendix_g_reading;metre_source;rig_services_index;dd120_rate_from_feb_2026;record_signatories;report_vocabulary,appendix_g_reading=LWD_ROWS_SHIFTED;metre_source=PART_B_RUN_METRES;rig_services_index=NOT_APPLIED;dd120_rate_from_feb_2026=LATER_EFFECTIVE_GOVERNS;dd120_rate_from_feb_2026=MONTHLY_TABLE_SEPARATE;record_signatories=FORM_SIGNATORIES_REQUIRED;report_vocabulary=CODES_REQUIRED,,
MDS-01786,0,query,conditional,,,7112900,,7112900,7112900,medium,0.75,entitlement_unverified:AMB-13,0,4,MW-310,rig_services_index;report_vocabulary,rig_services_index=NOT_APPLIED;report_vocabulary=CODES_REQUIRED,,
MDS-01787,0,query,conditional,,,12778615,,12778615,12778615,medium,0.75,entitlement_unverified:AMB-13,0,18,DD-120;LW-410;LW-411;MW-310;MW-320;PD-201;PD-210,appendix_g_reading;metre_source;rig_services_index;dd120_rate_from_feb_2026;volume_tier_scope;record_signatories;report_vocabulary,appendix_g_reading=LWD_ROWS_SHIFTED;metre_source=PART_B_RUN_METRES;rig_services_index=NOT_APPLIED;dd120_rate_from_feb_2026=LATER_EFFECTIVE_GOVERNS;dd120_rate_from_feb_2026=MONTHLY_TABLE_SEPARATE;volume_tier_scope=CONTRACT_WIDE;record_signatories=FORM_SIGNATORIES_REQUIRED;report_vocabulary=CODES_REQUIRED,,
MDS-01788,0,query,conditional,,,4595262,,4595262,4595262,medium,0.75,entitlement_unverified:AMB-13,0,3,MW-310,standby_section_factor;rig_services_index;monthly_rate_basis;report_vocabulary,standby_section_factor=APPLY;rig_services_index=NOT_APPLIED;monthly_rate_basis=FINAL_RATE;report_vocabulary=CODES_REQUIRED,,
MDS-01789,0,query,conditional,,,20588313,,20588313,20588313,medium,0.75,entitlement_unverified:AMB-13,0,29,DD-120;LW-410;LW-411;LW-413;MW-310;MW-320;PD-201;PD-210,appendix_g_reading;metre_source;pd210_class_factor;rig_services_index;dd120_rate_from_feb_2026;volume_tier_scope;record_signatories;report_vocabulary,appendix_g_reading=LWD_ROWS_SHIFTED;metre_source=PART_B_RUN_METRES;pd210_class_factor=APPLY;rig_services_index=NOT_APPLIED;dd120_rate_from_feb_2026=LATER_EFFECTIVE_GOVERNS;dd120_rate_from_feb_2026=MONTHLY_TABLE_SEPARATE;volume_tier_scope=CONTRACT_WIDE;record_signatories=FORM_SIGNATORIES_REQUIRED;report_vocabulary=CODES_REQUIRED,,
MDS-01790,0,query,conditional,,,8029329,,8029329,8029329,medium,0.75,entitlement_unverified:AMB-13,0,9,DD-120;MW-310;MW-320,rig_services_index;dd120_rate_from_feb_2026;report_vocabulary,rig_services_index=NOT_APPLIED;dd120_rate_from_feb_2026=LATER_EFFECTIVE_GOVERNS;dd120_rate_from_feb_2026=MONTHLY_TABLE_SEPARATE;report_vocabulary=CODES_REQUIRED,,
MDS-01791,0,query,conditional,,,10325778,,10325778,10325778,medium,0.75,entitlement_unverified:AMB-13,0,7,LW-410;MW-310,appendix_g_reading;metre_source;rig_services_index;record_signatories;report_vocabulary,appendix_g_reading=LWD_ROWS_SHIFTED;metre_source=PART_B_RUN_METRES;rig_services_index=NOT_APPLIED;record_signatories=FORM_SIGNATORIES_REQUIRED;report_vocabulary=CODES_REQUIRED,,
MDS-01792,0,query,conditional,,,6763797,,6763797,6763797,medium,0.75,entitlement_unverified:AMB-13,0,3,LW-410;MW-310,appendix_g_reading;metre_source;rig_services_index;record_signatories;report_vocabulary,appendix_g_reading=LWD_ROWS_SHIFTED;metre_source=PART_B_RUN_METRES;rig_services_index=NOT_APPLIED;record_signatories=FORM_SIGNATORIES_REQUIRED;report_vocabulary=CODES_REQUIRED,,
MDS-01793,0,query,conditional,,,14820171,,14820171,14820171,medium,0.75,entitlement_unverified:AMB-13,0,27,DD-120;LW-410;LW-411;MW-310;MW-320,appendix_g_reading;metre_source;standby_section_factor;rig_services_index;dd120_rate_from_feb_2026;record_signatories;report_vocabulary,appendix_g_reading=LWD_ROWS_SHIFTED;metre_source=PART_B_RUN_METRES;standby_section_factor=APPLY;rig_services_index=NOT_APPLIED;dd120_rate_from_feb_2026=LATER_EFFECTIVE_GOVERNS;dd120_rate_from_feb_2026=MONTHLY_TABLE_SEPARATE;record_signatories=FORM_SIGNATORIES_REQUIRED;report_vocabulary=CODES_REQUIRED,,
MDS-01794,0,query,conditional,,,8274801,,8274801,8274801,medium,0.75,entitlement_unverified:AMB-13,0,7,DD-120;MW-310;MW-320;PD-201;PD-210,rig_services_index;dd120_rate_from_feb_2026;volume_tier_scope;record_signatories;report_vocabulary,rig_services_index=NOT_APPLIED;dd120_rate_from_feb_2026=LATER_EFFECTIVE_GOVERNS;dd120_rate_from_feb_2026=MONTHLY_TABLE_SEPARATE;volume_tier_scope=CONTRACT_WIDE;record_signatories=FORM_SIGNATORIES_REQUIRED;report_vocabulary=CODES_REQUIRED,,
MDS-01795,0,query,conditional,,,21534417,,21534417,21534417,medium,0.75,entitlement_unverified:AMB-13,0,29,DD-120;LW-410;LW-411;LW-412;LW-413;MW-310;MW-320;PD-201;PD-210,appendix_g_reading;metre_source;pd210_class_factor;rig_services_index;dd120_rate_from_feb_2026;volume_tier_scope;record_signatories;report_vocabulary,appendix_g_reading=LWD_ROWS_SHIFTED;metre_source=PART_B_RUN_METRES;pd210_class_factor=APPLY;rig_services_index=NOT_APPLIED;dd120_rate_from_feb_2026=LATER_EFFECTIVE_GOVERNS;dd120_rate_from_feb_2026=MONTHLY_TABLE_SEPARATE;volume_tier_scope=CONTRACT_WIDE;record_signatories=FORM_SIGNATORIES_REQUIRED;report_vocabulary=CODES_REQUIRED,,
MDS-01796,0,query,conditional,,,12237276,,12237276,12237276,medium,0.75,entitlement_unverified:AMB-13,0,8,DD-120;MW-310;MW-320,rig_services_index;dd120_rate_from_feb_2026;record_signatories;report_vocabulary,rig_services_index=NOT_APPLIED;dd120_rate_from_feb_2026=LATER_EFFECTIVE_GOVERNS;dd120_rate_from_feb_2026=MONTHLY_TABLE_SEPARATE;record_signatories=FORM_SIGNATORIES_REQUIRED;report_vocabulary=CODES_REQUIRED,,
MDS-01797,0,query,conditional,,,11977672,,11977672,11977672,medium,0.75,entitlement_unverified:AMB-13,0,21,DD-120;LW-410;LW-411;LW-413;MW-310;MW-320,appendix_g_reading;metre_source;rig_services_index;dd120_rate_from_feb_2026;record_signatories;report_vocabulary,appendix_g_reading=LWD_ROWS_SHIFTED;metre_source=PART_B_RUN_METRES;rig_services_index=NOT_APPLIED;dd120_rate_from_feb_2026=LATER_EFFECTIVE_GOVERNS;dd120_rate_from_feb_2026=MONTHLY_TABLE_SEPARATE;record_signatories=FORM_SIGNATORIES_REQUIRED;report_vocabulary=CODES_REQUIRED,,
MDS-01798,1,part-reject,conditional,work_outside_contract_term,work_outside_contract_term;record_line_mismatch,14479524,,14102418,14102418,high,0.95,entitlement_unverified:AMB-13,2,16,DD-120;MW-310;MW-320,rig_services_index;dd120_rate_from_feb_2026;record_signatories;missing_record_consequence;report_vocabulary,,,
MDS-01799,1,query,conditional,contract_reference_mismatch,contract_reference_mismatch,30755039,,30755039,30755039,high,0.95,entitlement_unverified:AMB-13,1,31,DD-120;MW-310;MW-320;PD-201;PD-210,metre_source;pd210_class_factor;rig_services_index;dd120_rate_from_feb_2026;volume_tier_scope;record_signatories;report_vocabulary,,,
MDS-01800,0,query,conditional,,,7120165,,7120165,7120165,medium,0.75,entitlement_unverified:AMB-13,0,4,MW-310,rig_services_index;report_vocabulary,rig_services_index=NOT_APPLIED;report_vocabulary=CODES_REQUIRED,,
MDS-01801,0,query,conditional,,,9595953,,9595953,9595953,medium,0.75,entitlement_unverified:AMB-13,0,11,DD-120;LW-410;LW-411;MW-310;MW-320;PD-201;PD-210,appendix_g_reading;pd210_class_factor;rig_services_index;dd120_rate_from_feb_2026;volume_tier_scope;record_signatories;report_vocabulary,appendix_g_reading=LWD_ROWS_SHIFTED;pd210_class_factor=APPLY;rig_services_index=NOT_APPLIED;dd120_rate_from_feb_2026=LATER_EFFECTIVE_GOVERNS;dd120_rate_from_feb_2026=MONTHLY_TABLE_SEPARATE;volume_tier_scope=CONTRACT_WIDE;record_signatories=FORM_SIGNATORIES_REQUIRED;report_vocabulary=CODES_REQUIRED,,
MDS-01802,0,query,conditional,,,7674380,,7674380,7674380,medium,0.75,entitlement_unverified:AMB-13,0,12,DD-120;LW-410;LW-411;MW-310;MW-320,appendix_g_reading;metre_source;standby_section_factor;rig_services_index;dd120_rate_from_feb_2026;record_signatories;report_vocabulary,appendix_g_reading=LWD_ROWS_SHIFTED;metre_source=PART_B_RUN_METRES;standby_section_factor=APPLY;rig_services_index=NOT_APPLIED;dd120_rate_from_feb_2026=LATER_EFFECTIVE_GOVERNS;dd120_rate_from_feb_2026=MONTHLY_TABLE_SEPARATE;record_signatories=FORM_SIGNATORIES_REQUIRED;report_vocabulary=CODES_REQUIRED,,
MDS-01803,0,query,conditional,,,159375398,,159375398,159375398,medium,0.75,entitlement_unverified:AMB-13,0,30,DD-120;MW-310;MW-320;PD-201;PD-210,metre_source;rig_services_index;dd120_rate_from_feb_2026;volume_tier_scope;lih_replacement_value;record_signatories;report_vocabulary,metre_source=PART_B_RUN_METRES;rig_services_index=NOT_APPLIED;dd120_rate_from_feb_2026=LATER_EFFECTIVE_GOVERNS;dd120_rate_from_feb_2026=MONTHLY_TABLE_SEPARATE;volume_tier_scope=CONTRACT_WIDE;lih_replacement_value=SCHEDULE_6_USD;record_signatories=FORM_SIGNATORIES_REQUIRED;report_vocabulary=CODES_REQUIRED,,
MDS-01804,0,query,conditional,,,14745444,,14745444,14745444,medium,0.75,entitlement_unverified:AMB-13,0,6,MW-310,rig_services_index;record_signatories;report_vocabulary,rig_services_index=NOT_APPLIED;record_signatories=FORM_SIGNATORIES_REQUIRED;report_vocabulary=CODES_REQUIRED,,
MDS-01805,0,query,conditional,,,5582506,,5582506,5582506,medium,0.75,entitlement_unverified:AMB-13,0,3,DD-120;MW-310;MW-320,rig_services_index;dd120_rate_from_feb_2026;report_vocabulary,rig_services_index=NOT_APPLIED;dd120_rate_from_feb_2026=LATER_EFFECTIVE_GOVERNS;dd120_rate_from_feb_2026=MONTHLY_TABLE_SEPARATE;report_vocabulary=CODES_REQUIRED,,
MDS-01806,0,query,conditional,,,13575643,,13575643,13575643,medium,0.75,entitlement_unverified:AMB-13,0,22,DD-120;LW-410;LW-411;MW-310;MW-320,appendix_g_reading;metre_source;standby_section_factor;rig_services_index;dd120_rate_from_feb_2026;record_signatories;report_vocabulary,appendix_g_reading=LWD_ROWS_SHIFTED;metre_source=PART_B_RUN_METRES;standby_section_factor=APPLY;rig_services_index=NOT_APPLIED;dd120_rate_from_feb_2026=LATER_EFFECTIVE_GOVERNS;dd120_rate_from_feb_2026=MONTHLY_TABLE_SEPARATE;record_signatories=FORM_SIGNATORIES_REQUIRED;report_vocabulary=CODES_REQUIRED,,
MDS-01807,0,query,conditional,,,9304269,,9304269,9304269,medium,0.75,entitlement_unverified:AMB-13,0,16,DD-120;LW-410;LW-411;LW-413;MW-310;MW-320,appendix_g_reading;metre_source;rig_services_index;dd120_rate_from_feb_2026;record_signatories;report_vocabulary,appendix_g_reading=LWD_ROWS_SHIFTED;metre_source=PART_B_RUN_METRES;rig_services_index=NOT_APPLIED;dd120_rate_from_feb_2026=LATER_EFFECTIVE_GOVERNS;dd120_rate_from_feb_2026=MONTHLY_TABLE_SEPARATE;record_signatories=FORM_SIGNATORIES_REQUIRED;report_vocabulary=CODES_REQUIRED,,
MDS-01808,0,query,conditional,,,23045796,,23045796,23045796,medium,0.75,entitlement_unverified:AMB-13,0,21,DD-120;MW-310;MW-320;PD-201;PD-210,metre_source;pd210_class_factor;rig_services_index;dd120_rate_from_feb_2026;volume_tier_scope;record_signatories;report_vocabulary,metre_source=PART_B_RUN_METRES;pd210_class_factor=APPLY;rig_services_index=NOT_APPLIED;dd120_rate_from_feb_2026=LATER_EFFECTIVE_GOVERNS;dd120_rate_from_feb_2026=MONTHLY_TABLE_SEPARATE;volume_tier_scope=CONTRACT_WIDE;record_signatories=FORM_SIGNATORIES_REQUIRED;report_vocabulary=CODES_REQUIRED,,
MDS-01809,0,query,conditional,,,9600887,,9600887,9600887,medium,0.75,entitlement_unverified:AMB-13,0,3,MW-310,rig_services_index;record_signatories;report_vocabulary,rig_services_index=NOT_APPLIED;record_signatories=FORM_SIGNATORIES_REQUIRED;report_vocabulary=CODES_REQUIRED,,
MDS-01810,0,query,conditional,,,15584225,,15584225,15584225,medium,0.75,entitlement_unverified:AMB-13,0,18,DD-120;MW-310;MW-320,rig_services_index;dd120_rate_from_feb_2026;report_vocabulary,rig_services_index=NOT_APPLIED;dd120_rate_from_feb_2026=LATER_EFFECTIVE_GOVERNS;dd120_rate_from_feb_2026=MONTHLY_TABLE_SEPARATE;report_vocabulary=CODES_REQUIRED,,
MDS-01811,0,query,conditional,,,9923159,,9923159,9923159,medium,0.75,entitlement_unverified:AMB-13,0,13,DD-120;MW-310;MW-320,rig_services_index;dd120_rate_from_feb_2026;report_vocabulary,rig_services_index=NOT_APPLIED;dd120_rate_from_feb_2026=LATER_EFFECTIVE_GOVERNS;dd120_rate_from_feb_2026=MONTHLY_TABLE_SEPARATE;report_vocabulary=CODES_REQUIRED,,
MDS-01812,0,query,conditional,,,16566431,,16566431,16566431,medium,0.75,entitlement_unverified:AMB-13,0,23,DD-120;LW-410;LW-411;MW-310;MW-320;PD-201;PD-210,appendix_g_reading;metre_source;pd210_class_factor;rig_services_index;dd120_rate_from_feb_2026;volume_tier_scope;record_signatories;report_vocabulary,appendix_g_reading=LWD_ROWS_SHIFTED;metre_source=PART_B_RUN_METRES;pd210_class_factor=APPLY;rig_services_index=NOT_APPLIED;dd120_rate_from_feb_2026=LATER_EFFECTIVE_GOVERNS;dd120_rate_from_feb_2026=MONTHLY_TABLE_SEPARATE;volume_tier_scope=CONTRACT_WIDE;record_signatories=FORM_SIGNATORIES_REQUIRED;report_vocabulary=CODES_REQUIRED,,
MDS-01813,0,query,conditional,,,13934243,,13934243,13934243,medium,0.75,entitlement_unverified:AMB-13,0,5,MW-310,rig_services_index;record_signatories;report_vocabulary,rig_services_index=NOT_APPLIED;record_signatories=FORM_SIGNATORIES_REQUIRED;report_vocabulary=CODES_REQUIRED,,
MDS-01814,0,query,conditional,,,9240500,,9240500,9240500,medium,0.75,entitlement_unverified:AMB-13,0,3,MW-310,rig_services_index;record_signatories;report_vocabulary,rig_services_index=NOT_APPLIED;record_signatories=FORM_SIGNATORIES_REQUIRED;report_vocabulary=CODES_REQUIRED,,
MDS-01815,0,query,conditional,,,10629780,,10629780,10629780,medium,0.75,entitlement_unverified:AMB-13,0,20,DD-120;LW-410;LW-411;MW-310;MW-320,appendix_g_reading;metre_source;rig_services_index;dd120_rate_from_feb_2026;record_signatories;report_vocabulary,appendix_g_reading=LWD_ROWS_SHIFTED;metre_source=PART_B_RUN_METRES;rig_services_index=NOT_APPLIED;dd120_rate_from_feb_2026=LATER_EFFECTIVE_GOVERNS;dd120_rate_from_feb_2026=MONTHLY_TABLE_SEPARATE;record_signatories=FORM_SIGNATORIES_REQUIRED;report_vocabulary=CODES_REQUIRED,,
MDS-01816,0,query,conditional,,,6679214,,6679214,6679214,medium,0.75,entitlement_unverified:AMB-13,0,4,MW-310,rig_services_index;report_vocabulary,rig_services_index=NOT_APPLIED;report_vocabulary=CODES_REQUIRED,,
MDS-01817,0,query,conditional,,,12406014,,12406014,12406014,medium,0.75,entitlement_unverified:AMB-13,0,5,MW-310,rig_services_index;record_signatories;report_vocabulary,rig_services_index=NOT_APPLIED;record_signatories=FORM_SIGNATORIES_REQUIRED;report_vocabulary=CODES_REQUIRED,,
MDS-01818,1,part-reject,conditional,depth_band_misapplied,depth_band_misapplied,11433937,,11080830,11080830,high,0.95,entitlement_unverified:AMB-13,1,14,DD-120;MW-310;MW-320;PD-201;PD-210,metre_source;rig_services_index;dd120_rate_from_feb_2026;volume_tier_scope;record_signatories;report_vocabulary,,,
MDS-01819,0,query,conditional,,,9035984,,9035984,9035984,medium,0.75,entitlement_unverified:AMB-13,0,3,MW-310,rig_services_index;record_signatories;report_vocabulary,rig_services_index=NOT_APPLIED;record_signatories=FORM_SIGNATORIES_REQUIRED;report_vocabulary=CODES_REQUIRED,,
MDS-01820,0,query,conditional,,,8392563,,8392563,8392563,medium,0.75,entitlement_unverified:AMB-13,0,13,DD-120;LW-410;LW-411;LW-413;MW-310;MW-320,appendix_g_reading;metre_source;standby_section_factor;rig_services_index;dd120_rate_from_feb_2026;record_signatories;report_vocabulary,appendix_g_reading=LWD_ROWS_SHIFTED;metre_source=PART_B_RUN_METRES;standby_section_factor=APPLY;rig_services_index=NOT_APPLIED;dd120_rate_from_feb_2026=LATER_EFFECTIVE_GOVERNS;dd120_rate_from_feb_2026=MONTHLY_TABLE_SEPARATE;record_signatories=FORM_SIGNATORIES_REQUIRED;report_vocabulary=CODES_REQUIRED,,
MDS-01821,0,query,conditional,,,8911632,,8911632,8911632,medium,0.75,entitlement_unverified:AMB-13,0,5,MW-310,rig_services_index;record_signatories;report_vocabulary,rig_services_index=NOT_APPLIED;record_signatories=FORM_SIGNATORIES_REQUIRED;report_vocabulary=CODES_REQUIRED,,
MDS-01822,0,query,conditional,,,31240312,,31240312,31240312,medium,0.75,entitlement_unverified:AMB-13,0,31,DD-120;MW-310;MW-320;PD-201;PD-210,metre_source;pd210_class_factor;rig_services_index;dd120_rate_from_feb_2026;volume_tier_scope;record_signatories;report_vocabulary,metre_source=PART_B_RUN_METRES;pd210_class_factor=APPLY;rig_services_index=NOT_APPLIED;dd120_rate_from_feb_2026=LATER_EFFECTIVE_GOVERNS;dd120_rate_from_feb_2026=MONTHLY_TABLE_SEPARATE;volume_tier_scope=CONTRACT_WIDE;record_signatories=FORM_SIGNATORIES_REQUIRED;report_vocabulary=CODES_REQUIRED,,
MDS-01823,1,part-reject,conditional,discount_misapplied,discount_misapplied,5781559,,5750100,5750100,high,0.95,entitlement_unverified:AMB-13,1,3,MW-310,rig_services_index;record_signatories;report_vocabulary,,,
MDS-01824,0,query,conditional,,,15794397,,15794397,15794397,medium,0.75,entitlement_unverified:AMB-13,0,25,DD-120;LW-410;LW-411;LW-413;MW-310;MW-320;PD-201;PD-210,appendix_g_reading;metre_source;pd210_class_factor;standby_section_factor;rig_services_index;dd120_rate_from_feb_2026;volume_tier_scope;record_signatories;report_vocabulary,appendix_g_reading=LWD_ROWS_SHIFTED;metre_source=PART_B_RUN_METRES;pd210_class_factor=APPLY;standby_section_factor=APPLY;rig_services_index=NOT_APPLIED;dd120_rate_from_feb_2026=LATER_EFFECTIVE_GOVERNS;dd120_rate_from_feb_2026=MONTHLY_TABLE_SEPARATE;volume_tier_scope=CONTRACT_WIDE;record_signatories=FORM_SIGNATORIES_REQUIRED;report_vocabulary=CODES_REQUIRED,,
MDS-01825,1,part-reject,conditional,unsupported_service,unsupported_service,19140937,,18808167,18808167,high,0.95,entitlement_unverified:AMB-13,1,20,DD-120;MW-310;MW-320;PD-201;PD-210,metre_source;rig_services_index;dd120_rate_from_feb_2026;volume_tier_scope;record_signatories;report_vocabulary,,,
MDS-01826,0,query,conditional,,,20580046,,20580046,20580046,medium,0.75,entitlement_unverified:AMB-13,0,28,DD-120;LW-410;LW-411;LW-413;MW-310;MW-320,appendix_g_reading;metre_source;rig_services_index;dd120_rate_from_feb_2026;record_signatories;report_vocabulary,appendix_g_reading=LWD_ROWS_SHIFTED;metre_source=PART_B_RUN_METRES;rig_services_index=NOT_APPLIED;dd120_rate_from_feb_2026=LATER_EFFECTIVE_GOVERNS;dd120_rate_from_feb_2026=MONTHLY_TABLE_SEPARATE;record_signatories=FORM_SIGNATORIES_REQUIRED;report_vocabulary=CODES_REQUIRED,,
MDS-01827,0,query,conditional,,,8630324,,8630324,8630324,medium,0.75,entitlement_unverified:AMB-13,0,5,MW-310,rig_services_index;record_signatories;report_vocabulary,rig_services_index=NOT_APPLIED;record_signatories=FORM_SIGNATORIES_REQUIRED;report_vocabulary=CODES_REQUIRED,,
MDS-01828,0,query,conditional,,,10581435,,10581435,10581435,medium,0.75,entitlement_unverified:AMB-13,0,6,MW-310,rig_services_index;record_signatories;report_vocabulary,rig_services_index=NOT_APPLIED;record_signatories=FORM_SIGNATORIES_REQUIRED;report_vocabulary=CODES_REQUIRED,,
MDS-01829,0,query,conditional,,,5502857,,5502857,5502857,medium,0.75,entitlement_unverified:AMB-13,0,3,DD-120;MW-310;MW-320,rig_services_index;dd120_rate_from_feb_2026;report_vocabulary,rig_services_index=NOT_APPLIED;dd120_rate_from_feb_2026=LATER_EFFECTIVE_GOVERNS;dd120_rate_from_feb_2026=MONTHLY_TABLE_SEPARATE;report_vocabulary=CODES_REQUIRED,,
MDS-01830,0,query,conditional,,,14180299,,14180299,14180299,medium,0.75,entitlement_unverified:AMB-13,0,17,DD-120;LW-410;LW-411;MW-310;MW-320,appendix_g_reading;rig_services_index;dd120_rate_from_feb_2026;record_signatories;report_vocabulary,appendix_g_reading=LWD_ROWS_SHIFTED;rig_services_index=NOT_APPLIED;dd120_rate_from_feb_2026=LATER_EFFECTIVE_GOVERNS;dd120_rate_from_feb_2026=MONTHLY_TABLE_SEPARATE;record_signatories=FORM_SIGNATORIES_REQUIRED;report_vocabulary=CODES_REQUIRED,,
MDS-01831,0,query,conditional,,,5853332,,5853332,5853332,medium,0.75,entitlement_unverified:AMB-13,0,3,MW-310,rig_services_index;record_signatories;report_vocabulary,rig_services_index=NOT_APPLIED;record_signatories=FORM_SIGNATORIES_REQUIRED;report_vocabulary=CODES_REQUIRED,,
MDS-01832,0,query,conditional,,,14666006,,14666006,14666006,medium,0.75,entitlement_unverified:AMB-13,0,22,DD-120;LW-410;LW-411;MW-310;MW-320,appendix_g_reading;metre_source;rig_services_index;dd120_rate_from_feb_2026;record_signatories;report_vocabulary,appendix_g_reading=LWD_ROWS_SHIFTED;metre_source=PART_B_RUN_METRES;rig_services_index=NOT_APPLIED;dd120_rate_from_feb_2026=LATER_EFFECTIVE_GOVERNS;dd120_rate_from_feb_2026=MONTHLY_TABLE_SEPARATE;record_signatories=FORM_SIGNATORIES_REQUIRED;report_vocabulary=CODES_REQUIRED,,
MDS-01833,0,query,conditional,,,8237664,,8237664,8237664,medium,0.75,entitlement_unverified:AMB-13,0,4,MW-310,rig_services_index;record_signatories;report_vocabulary,rig_services_index=NOT_APPLIED;record_signatories=FORM_SIGNATORIES_REQUIRED;report_vocabulary=CODES_REQUIRED,,
MDS-01834,0,query,conditional,,,8091500,,8091500,8091500,medium,0.75,entitlement_unverified:AMB-13,0,4,MW-310,rig_services_index;record_signatories;report_vocabulary,rig_services_index=NOT_APPLIED;record_signatories=FORM_SIGNATORIES_REQUIRED;report_vocabulary=CODES_REQUIRED,,
MDS-01835,0,query,conditional,,,10736210,,10736210,10736210,medium,0.75,entitlement_unverified:AMB-13,0,4,MW-310,rig_services_index;record_signatories;report_vocabulary,rig_services_index=NOT_APPLIED;record_signatories=FORM_SIGNATORIES_REQUIRED;report_vocabulary=CODES_REQUIRED,,
MDS-01836,0,query,conditional,,,23278905,,23278905,23278905,medium,0.75,entitlement_unverified:AMB-13,0,38,DD-120;LW-410;LW-411;MW-310;MW-320;PD-201;PD-210,appendix_g_reading;metre_source;pd210_class_factor;standby_section_factor;rig_services_index;dd120_rate_from_feb_2026;volume_tier_scope;record_signatories;report_vocabulary,appendix_g_reading=LWD_ROWS_SHIFTED;metre_source=PART_B_RUN_METRES;pd210_class_factor=APPLY;standby_section_factor=APPLY;rig_services_index=NOT_APPLIED;dd120_rate_from_feb_2026=LATER_EFFECTIVE_GOVERNS;dd120_rate_from_feb_2026=MONTHLY_TABLE_SEPARATE;volume_tier_scope=CONTRACT_WIDE;record_signatories=FORM_SIGNATORIES_REQUIRED;report_vocabulary=CODES_REQUIRED,,
MDS-01837,0,query,conditional,,,9091584,,9091584,9091584,medium,0.75,entitlement_unverified:AMB-13,0,10,DD-120;MW-310;MW-320,rig_services_index;dd120_rate_from_feb_2026;record_signatories;report_vocabulary,rig_services_index=NOT_APPLIED;dd120_rate_from_feb_2026=LATER_EFFECTIVE_GOVERNS;dd120_rate_from_feb_2026=MONTHLY_TABLE_SEPARATE;record_signatories=FORM_SIGNATORIES_REQUIRED;report_vocabulary=CODES_REQUIRED,,
MDS-01838,0,query,conditional,,,18530698,,18530698,18530698,medium,0.75,entitlement_unverified:AMB-13,0,17,DD-120;MW-310;MW-320;PD-201;PD-210,metre_source;rig_services_index;dd120_rate_from_feb_2026;volume_tier_scope;record_signatories;report_vocabulary,metre_source=PART_B_RUN_METRES;rig_services_index=NOT_APPLIED;dd120_rate_from_feb_2026=LATER_EFFECTIVE_GOVERNS;dd120_rate_from_feb_2026=MONTHLY_TABLE_SEPARATE;volume_tier_scope=CONTRACT_WIDE;record_signatories=FORM_SIGNATORIES_REQUIRED;report_vocabulary=CODES_REQUIRED,,
MDS-01839,0,query,conditional,,,15600955,,15600955,15600955,medium,0.75,entitlement_unverified:AMB-13,0,28,DD-120;LW-410;LW-411;LW-412;MW-310;MW-320;PD-201;PD-210,appendix_g_reading;metre_source;rig_services_index;dd120_rate_from_feb_2026;volume_tier_scope;record_signatories;report_vocabulary,appendix_g_reading=LWD_ROWS_SHIFTED;metre_source=PART_B_RUN_METRES;rig_services_index=NOT_APPLIED;dd120_rate_from_feb_2026=LATER_EFFECTIVE_GOVERNS;dd120_rate_from_feb_2026=MONTHLY_TABLE_SEPARATE;volume_tier_scope=CONTRACT_WIDE;record_signatories=FORM_SIGNATORIES_REQUIRED;report_vocabulary=CODES_REQUIRED,,
MDS-01840,0,query,conditional,,,14262144,,14262144,14262144,medium,0.75,entitlement_unverified:AMB-13,0,19,DD-120;LW-410;LW-411;LW-413;MW-310;MW-320;PD-201;PD-210,appendix_g_reading;metre_source;pd210_class_factor;rig_services_index;dd120_rate_from_feb_2026;volume_tier_scope;record_signatories;report_vocabulary,appendix_g_reading=LWD_ROWS_SHIFTED;metre_source=PART_B_RUN_METRES;pd210_class_factor=APPLY;rig_services_index=NOT_APPLIED;dd120_rate_from_feb_2026=LATER_EFFECTIVE_GOVERNS;dd120_rate_from_feb_2026=MONTHLY_TABLE_SEPARATE;volume_tier_scope=CONTRACT_WIDE;record_signatories=FORM_SIGNATORIES_REQUIRED;report_vocabulary=CODES_REQUIRED,,
MDS-01841,0,query,conditional,,,14884742,,14884742,14884742,medium,0.75,entitlement_unverified:AMB-13,0,17,DD-120;MW-310;MW-320;PD-201;PD-210,rig_services_index;dd120_rate_from_feb_2026;volume_tier_scope;record_signatories;report_vocabulary,rig_services_index=NOT_APPLIED;dd120_rate_from_feb_2026=LATER_EFFECTIVE_GOVERNS;dd120_rate_from_feb_2026=MONTHLY_TABLE_SEPARATE;volume_tier_scope=CONTRACT_WIDE;record_signatories=FORM_SIGNATORIES_REQUIRED;report_vocabulary=CODES_REQUIRED,,
MDS-01842,0,query,conditional,,,12319008,,12319008,12319008,medium,0.75,entitlement_unverified:AMB-13,0,20,DD-120;LW-410;LW-411;MW-310;MW-320,appendix_g_reading;metre_source;rig_services_index;dd120_rate_from_feb_2026;record_signatories;report_vocabulary,appendix_g_reading=LWD_ROWS_SHIFTED;metre_source=PART_B_RUN_METRES;rig_services_index=NOT_APPLIED;dd120_rate_from_feb_2026=LATER_EFFECTIVE_GOVERNS;dd120_rate_from_feb_2026=MONTHLY_TABLE_SEPARATE;record_signatories=FORM_SIGNATORIES_REQUIRED;report_vocabulary=CODES_REQUIRED,,
MDS-01843,0,query,conditional,,,18286613,,18286613,18286613,medium,0.75,entitlement_unverified:AMB-13,0,23,DD-120;MW-310;MW-320;PD-201;PD-210,pd210_class_factor;rig_services_index;dd120_rate_from_feb_2026;volume_tier_scope;report_vocabulary,pd210_class_factor=APPLY;rig_services_index=NOT_APPLIED;dd120_rate_from_feb_2026=LATER_EFFECTIVE_GOVERNS;dd120_rate_from_feb_2026=MONTHLY_TABLE_SEPARATE;volume_tier_scope=CONTRACT_WIDE;report_vocabulary=CODES_REQUIRED,,
MDS-01844,0,query,conditional,,,11224274,,11224274,11224274,medium,0.75,entitlement_unverified:AMB-13,0,15,DD-120;MW-310;MW-320,rig_services_index;dd120_rate_from_feb_2026;report_vocabulary,rig_services_index=NOT_APPLIED;dd120_rate_from_feb_2026=LATER_EFFECTIVE_GOVERNS;dd120_rate_from_feb_2026=MONTHLY_TABLE_SEPARATE;report_vocabulary=CODES_REQUIRED,,
MDS-01845,0,query,conditional,,,13437553,,13437553,13437553,medium,0.75,entitlement_unverified:AMB-13,0,21,DD-120;LW-410;LW-411;LW-413;MW-310;MW-320,appendix_g_reading;metre_source;rig_services_index;dd120_rate_from_feb_2026;record_signatories;report_vocabulary,appendix_g_reading=LWD_ROWS_SHIFTED;metre_source=PART_B_RUN_METRES;rig_services_index=NOT_APPLIED;dd120_rate_from_feb_2026=LATER_EFFECTIVE_GOVERNS;dd120_rate_from_feb_2026=MONTHLY_TABLE_SEPARATE;record_signatories=FORM_SIGNATORIES_REQUIRED;report_vocabulary=CODES_REQUIRED,,
MDS-01846,0,query,conditional,,,15076234,,15076234,15076234,medium,0.75,entitlement_unverified:AMB-13,0,17,DD-120;MW-310;MW-320;PD-201;PD-210,rig_services_index;dd120_rate_from_feb_2026;volume_tier_scope;record_signatories;report_vocabulary,rig_services_index=NOT_APPLIED;dd120_rate_from_feb_2026=LATER_EFFECTIVE_GOVERNS;dd120_rate_from_feb_2026=MONTHLY_TABLE_SEPARATE;volume_tier_scope=CONTRACT_WIDE;record_signatories=FORM_SIGNATORIES_REQUIRED;report_vocabulary=CODES_REQUIRED,,
MDS-01847,0,query,conditional,,,8349017,,8349017,8349017,medium,0.75,entitlement_unverified:AMB-13,0,5,MW-310,rig_services_index;report_vocabulary,rig_services_index=NOT_APPLIED;report_vocabulary=CODES_REQUIRED,,
MDS-01848,0,query,conditional,,,10840714,,10840714,10840714,medium,0.75,entitlement_unverified:AMB-13,0,12,LW-410;MW-310,appendix_g_reading;metre_source;rig_services_index;record_signatories;report_vocabulary,appendix_g_reading=LWD_ROWS_SHIFTED;metre_source=PART_B_RUN_METRES;rig_services_index=NOT_APPLIED;record_signatories=FORM_SIGNATORIES_REQUIRED;report_vocabulary=CODES_REQUIRED,,
MDS-01849,0,query,conditional,,,11179782,,11179782,11179782,medium,0.75,entitlement_unverified:AMB-13,0,15,DD-120;MW-310;MW-320,rig_services_index;dd120_rate_from_feb_2026;report_vocabulary,rig_services_index=NOT_APPLIED;dd120_rate_from_feb_2026=LATER_EFFECTIVE_GOVERNS;dd120_rate_from_feb_2026=MONTHLY_TABLE_SEPARATE;report_vocabulary=CODES_REQUIRED,,
MDS-01850,0,query,conditional,,,12706022,,12706022,12706022,medium,0.75,entitlement_unverified:AMB-13,0,21,DD-120;LW-410;LW-411;MW-310;MW-320;PD-201;PD-210,appendix_g_reading;metre_source;pd210_class_factor;rig_services_index;dd120_rate_from_feb_2026;volume_tier_scope;record_signatories;report_vocabulary,appendix_g_reading=LWD_ROWS_SHIFTED;metre_source=PART_B_RUN_METRES;pd210_class_factor=APPLY;rig_services_index=NOT_APPLIED;dd120_rate_from_feb_2026=LATER_EFFECTIVE_GOVERNS;dd120_rate_from_feb_2026=MONTHLY_TABLE_SEPARATE;volume_tier_scope=CONTRACT_WIDE;record_signatories=FORM_SIGNATORIES_REQUIRED;report_vocabulary=CODES_REQUIRED,,
MDS-01851,0,query,conditional,,,12974058,,12974058,12974058,medium,0.75,entitlement_unverified:AMB-13,0,25,DD-120;LW-410;LW-411;LW-412;LW-413;MW-310;MW-320;PD-201;PD-210,appendix_g_reading;metre_source;rig_services_index;dd120_rate_from_feb_2026;volume_tier_scope;record_signatories;report_vocabulary,appendix_g_reading=LWD_ROWS_SHIFTED;metre_source=PART_B_RUN_METRES;rig_services_index=NOT_APPLIED;dd120_rate_from_feb_2026=LATER_EFFECTIVE_GOVERNS;dd120_rate_from_feb_2026=MONTHLY_TABLE_SEPARATE;volume_tier_scope=CONTRACT_WIDE;record_signatories=FORM_SIGNATORIES_REQUIRED;report_vocabulary=CODES_REQUIRED,,
MDS-01852,0,query,conditional,,,11599972,,11599972,11599972,medium,0.75,entitlement_unverified:AMB-13,0,14,DD-120;MW-310;MW-320;PD-201;PD-210,metre_source;rig_services_index;dd120_rate_from_feb_2026;volume_tier_scope;record_signatories;report_vocabulary,metre_source=PART_B_RUN_METRES;rig_services_index=NOT_APPLIED;dd120_rate_from_feb_2026=LATER_EFFECTIVE_GOVERNS;dd120_rate_from_feb_2026=MONTHLY_TABLE_SEPARATE;volume_tier_scope=CONTRACT_WIDE;record_signatories=FORM_SIGNATORIES_REQUIRED;report_vocabulary=CODES_REQUIRED,,
MDS-01853,0,query,conditional,,,19514641,,19514641,19514641,medium,0.75,entitlement_unverified:AMB-13,0,33,DD-120;LW-410;LW-411;LW-413;MW-310;MW-320;PD-201;PD-210,appendix_g_reading;metre_source;pd210_class_factor;standby_section_factor;rig_services_index;dd120_rate_from_feb_2026;volume_tier_scope;record_signatories;report_vocabulary,appendix_g_reading=LWD_ROWS_SHIFTED;metre_source=PART_B_RUN_METRES;pd210_class_factor=APPLY;standby_section_factor=APPLY;rig_services_index=NOT_APPLIED;dd120_rate_from_feb_2026=LATER_EFFECTIVE_GOVERNS;dd120_rate_from_feb_2026=MONTHLY_TABLE_SEPARATE;volume_tier_scope=CONTRACT_WIDE;record_signatories=FORM_SIGNATORIES_REQUIRED;report_vocabulary=CODES_REQUIRED,,
MDS-01854,0,query,conditional,,,20251050,,20251050,20251050,medium,0.75,entitlement_unverified:AMB-13,0,27,DD-120;LW-410;LW-411;LW-413;MW-310;MW-320,appendix_g_reading;metre_source;rig_services_index;dd120_rate_from_feb_2026;record_signatories;report_vocabulary,appendix_g_reading=LWD_ROWS_SHIFTED;metre_source=PART_B_RUN_METRES;rig_services_index=NOT_APPLIED;dd120_rate_from_feb_2026=LATER_EFFECTIVE_GOVERNS;dd120_rate_from_feb_2026=MONTHLY_TABLE_SEPARATE;record_signatories=FORM_SIGNATORIES_REQUIRED;report_vocabulary=CODES_REQUIRED,,
MDS-01855,0,query,conditional,,,17901992,,17901992,17901992,medium,0.75,entitlement_unverified:AMB-13,0,25,DD-120;LW-410;LW-411;LW-413;MW-310;MW-320,appendix_g_reading;metre_source;rig_services_index;dd120_rate_from_feb_2026;record_signatories;report_vocabulary,appendix_g_reading=LWD_ROWS_SHIFTED;metre_source=PART_B_RUN_METRES;rig_services_index=NOT_APPLIED;dd120_rate_from_feb_2026=LATER_EFFECTIVE_GOVERNS;dd120_rate_from_feb_2026=MONTHLY_TABLE_SEPARATE;record_signatories=FORM_SIGNATORIES_REQUIRED;report_vocabulary=CODES_REQUIRED,,
MDS-01856,0,query,conditional,,,18568454,,18568454,18568454,medium,0.75,entitlement_unverified:AMB-13,0,26,DD-120;MW-310;MW-320;PD-201;PD-210,rig_services_index;dd120_rate_from_feb_2026;volume_tier_scope;report_vocabulary,rig_services_index=NOT_APPLIED;dd120_rate_from_feb_2026=LATER_EFFECTIVE_GOVERNS;dd120_rate_from_feb_2026=MONTHLY_TABLE_SEPARATE;volume_tier_scope=CONTRACT_WIDE;report_vocabulary=CODES_REQUIRED,,
MDS-01857,0,query,conditional,,,32297182,,32297182,32297182,medium,0.75,entitlement_unverified:AMB-13,0,45,DD-120;LW-410;LW-411;LW-413;MW-310;MW-320;PD-201;PD-210,appendix_g_reading;metre_source;pd210_class_factor;rig_services_index;dd120_rate_from_feb_2026;volume_tier_scope;record_signatories;report_vocabulary,appendix_g_reading=LWD_ROWS_SHIFTED;metre_source=PART_B_RUN_METRES;pd210_class_factor=APPLY;rig_services_index=NOT_APPLIED;dd120_rate_from_feb_2026=LATER_EFFECTIVE_GOVERNS;dd120_rate_from_feb_2026=MONTHLY_TABLE_SEPARATE;volume_tier_scope=CONTRACT_WIDE;record_signatories=FORM_SIGNATORIES_REQUIRED;report_vocabulary=CODES_REQUIRED,,
MDS-01858,0,query,conditional,,,21383358,,21383358,21383358,medium,0.75,entitlement_unverified:AMB-13,0,29,DD-120;MW-310;MW-320;PD-201;PD-210,pd210_class_factor;rig_services_index;dd120_rate_from_feb_2026;volume_tier_scope;report_vocabulary,pd210_class_factor=APPLY;rig_services_index=NOT_APPLIED;dd120_rate_from_feb_2026=LATER_EFFECTIVE_GOVERNS;dd120_rate_from_feb_2026=MONTHLY_TABLE_SEPARATE;volume_tier_scope=CONTRACT_WIDE;report_vocabulary=CODES_REQUIRED,,
MDS-01859,0,query,conditional,,,11046309,,11046309,11046309,medium,0.75,entitlement_unverified:AMB-13,0,15,DD-120;MW-310;MW-320,rig_services_index;dd120_rate_from_feb_2026;report_vocabulary,rig_services_index=NOT_APPLIED;dd120_rate_from_feb_2026=LATER_EFFECTIVE_GOVERNS;dd120_rate_from_feb_2026=MONTHLY_TABLE_SEPARATE;report_vocabulary=CODES_REQUIRED,,
MDS-01860,1,part-reject,conditional,work_outside_contract_term,work_outside_contract_term;record_line_mismatch,13862547,,13582602,13582602,high,0.95,entitlement_unverified:AMB-13,2,24,DD-120;LW-410;LW-411;LW-412;MW-310;MW-320;PD-201;PD-210,appendix_g_reading;metre_source;rig_services_index;dd120_rate_from_feb_2026;volume_tier_scope;record_signatories;missing_record_consequence;report_vocabulary,,,
MDS-01861,0,query,conditional,,,11677134,,11677134,11677134,medium,0.75,entitlement_unverified:AMB-13,0,16,DD-120;MW-310;MW-320;PD-201;PD-210,rig_services_index;dd120_rate_from_feb_2026;volume_tier_scope;report_vocabulary,rig_services_index=NOT_APPLIED;dd120_rate_from_feb_2026=LATER_EFFECTIVE_GOVERNS;dd120_rate_from_feb_2026=MONTHLY_TABLE_SEPARATE;volume_tier_scope=CONTRACT_WIDE;report_vocabulary=CODES_REQUIRED,,
MDS-01862,0,query,conditional,,,13128423,,13128423,13128423,medium,0.75,entitlement_unverified:AMB-13,0,16,DD-120;LW-410;LW-411;MW-310;MW-320;PD-201;PD-210,appendix_g_reading;metre_source;rig_services_index;dd120_rate_from_feb_2026;volume_tier_scope;record_signatories;report_vocabulary,appendix_g_reading=LWD_ROWS_SHIFTED;metre_source=PART_B_RUN_METRES;rig_services_index=NOT_APPLIED;dd120_rate_from_feb_2026=LATER_EFFECTIVE_GOVERNS;dd120_rate_from_feb_2026=MONTHLY_TABLE_SEPARATE;volume_tier_scope=CONTRACT_WIDE;record_signatories=FORM_SIGNATORIES_REQUIRED;report_vocabulary=CODES_REQUIRED,,
MDS-01863,0,query,conditional,,,9406938,,9406938,9406938,medium,0.75,entitlement_unverified:AMB-13,0,8,DD-120;MW-310;MW-320;PD-201;PD-210,rig_services_index;dd120_rate_from_feb_2026;volume_tier_scope;record_signatories;report_vocabulary,rig_services_index=NOT_APPLIED;dd120_rate_from_feb_2026=LATER_EFFECTIVE_GOVERNS;dd120_rate_from_feb_2026=MONTHLY_TABLE_SEPARATE;volume_tier_scope=CONTRACT_WIDE;record_signatories=FORM_SIGNATORIES_REQUIRED;report_vocabulary=CODES_REQUIRED,,
MDS-01864,0,query,conditional,,,14532167,,14532167,14532167,medium,0.75,entitlement_unverified:AMB-13,0,22,DD-120;LW-410;LW-411;LW-413;MW-310;MW-320,appendix_g_reading;metre_source;rig_services_index;dd120_rate_from_feb_2026;record_signatories;report_vocabulary,appendix_g_reading=LWD_ROWS_SHIFTED;metre_source=PART_B_RUN_METRES;rig_services_index=NOT_APPLIED;dd120_rate_from_feb_2026=LATER_EFFECTIVE_GOVERNS;dd120_rate_from_feb_2026=MONTHLY_TABLE_SEPARATE;record_signatories=FORM_SIGNATORIES_REQUIRED;report_vocabulary=CODES_REQUIRED,,
MDS-01865,0,query,conditional,,,8545496,,8545496,8545496,medium,0.75,entitlement_unverified:AMB-13,0,5,LW-410;MW-310,appendix_g_reading;metre_source;rig_services_index;record_signatories;report_vocabulary,appendix_g_reading=LWD_ROWS_SHIFTED;metre_source=PART_B_RUN_METRES;rig_services_index=NOT_APPLIED;record_signatories=FORM_SIGNATORIES_REQUIRED;report_vocabulary=CODES_REQUIRED,,
MDS-01866,0,query,conditional,,,23035325,,23035325,23035325,medium,0.75,entitlement_unverified:AMB-13,0,44,DD-120;LW-410;LW-411;LW-412;MW-310;MW-320;PD-201;PD-210,appendix_g_reading;metre_source;rig_services_index;dd120_rate_from_feb_2026;volume_tier_scope;record_signatories;report_vocabulary,appendix_g_reading=LWD_ROWS_SHIFTED;metre_source=PART_B_RUN_METRES;rig_services_index=NOT_APPLIED;dd120_rate_from_feb_2026=LATER_EFFECTIVE_GOVERNS;dd120_rate_from_feb_2026=MONTHLY_TABLE_SEPARATE;volume_tier_scope=CONTRACT_WIDE;record_signatories=FORM_SIGNATORIES_REQUIRED;report_vocabulary=CODES_REQUIRED,,
MDS-01867,0,query,conditional,,,11886546,,11886546,11886546,medium,0.75,entitlement_unverified:AMB-13,0,13,DD-120;LW-410;MW-310;MW-320;PD-201,appendix_g_reading;metre_source;standby_section_factor;rig_services_index;dd120_rate_from_feb_2026;record_signatories;report_vocabulary,appendix_g_reading=LWD_ROWS_SHIFTED;metre_source=PART_B_RUN_METRES;standby_section_factor=APPLY;rig_services_index=NOT_APPLIED;dd120_rate_from_feb_2026=LATER_EFFECTIVE_GOVERNS;dd120_rate_from_feb_2026=MONTHLY_TABLE_SEPARATE;record_signatories=FORM_SIGNATORIES_REQUIRED;report_vocabulary=CODES_REQUIRED,,
MDS-01868,0,query,conditional,,,11023142,,11023142,11023142,medium,0.75,entitlement_unverified:AMB-13,0,17,DD-120;LW-410;LW-411;LW-412;MW-310;MW-320;PD-201;PD-210,appendix_g_reading;rig_services_index;dd120_rate_from_feb_2026;volume_tier_scope;record_signatories;report_vocabulary,appendix_g_reading=LWD_ROWS_SHIFTED;rig_services_index=NOT_APPLIED;dd120_rate_from_feb_2026=LATER_EFFECTIVE_GOVERNS;dd120_rate_from_feb_2026=MONTHLY_TABLE_SEPARATE;volume_tier_scope=CONTRACT_WIDE;record_signatories=FORM_SIGNATORIES_REQUIRED;report_vocabulary=CODES_REQUIRED,,
MDS-01869,0,query,conditional,,,12025976,,12025976,12025976,medium,0.75,entitlement_unverified:AMB-13,0,20,DD-120;LW-410;LW-411;MW-310;MW-320,appendix_g_reading;metre_source;rig_services_index;dd120_rate_from_feb_2026;record_signatories;report_vocabulary,appendix_g_reading=LWD_ROWS_SHIFTED;metre_source=PART_B_RUN_METRES;rig_services_index=NOT_APPLIED;dd120_rate_from_feb_2026=LATER_EFFECTIVE_GOVERNS;dd120_rate_from_feb_2026=MONTHLY_TABLE_SEPARATE;record_signatories=FORM_SIGNATORIES_REQUIRED;report_vocabulary=CODES_REQUIRED,,
MDS-01870,0,query,conditional,,,14625605,,14625605,14625605,medium,0.75,entitlement_unverified:AMB-13,0,24,DD-120;LW-410;LW-411;MW-310;MW-320;PD-201;PD-210,appendix_g_reading;metre_source;standby_section_factor;rig_services_index;dd120_rate_from_feb_2026;volume_tier_scope;record_signatories;report_vocabulary,appendix_g_reading=LWD_ROWS_SHIFTED;metre_source=PART_B_RUN_METRES;standby_section_factor=APPLY;rig_services_index=NOT_APPLIED;dd120_rate_from_feb_2026=LATER_EFFECTIVE_GOVERNS;dd120_rate_from_feb_2026=MONTHLY_TABLE_SEPARATE;volume_tier_scope=CONTRACT_WIDE;record_signatories=FORM_SIGNATORIES_REQUIRED;report_vocabulary=CODES_REQUIRED,,
MDS-01871,0,query,conditional,,,4832447,,4832447,4832447,medium,0.75,entitlement_unverified:AMB-13,0,5,LW-410;MW-310,appendix_g_reading;metre_source;standby_section_factor;rig_services_index;record_signatories;report_vocabulary,appendix_g_reading=LWD_ROWS_SHIFTED;metre_source=PART_B_RUN_METRES;standby_section_factor=APPLY;rig_services_index=NOT_APPLIED;record_signatories=FORM_SIGNATORIES_REQUIRED;report_vocabulary=CODES_REQUIRED,,
MDS-01872,0,query,conditional,,,12456479,,12456479,12456479,medium,0.75,entitlement_unverified:AMB-13,0,15,DD-120;MW-310;MW-320;PD-201;PD-210,rig_services_index;dd120_rate_from_feb_2026;volume_tier_scope;report_vocabulary,rig_services_index=NOT_APPLIED;dd120_rate_from_feb_2026=LATER_EFFECTIVE_GOVERNS;dd120_rate_from_feb_2026=MONTHLY_TABLE_SEPARATE;volume_tier_scope=CONTRACT_WIDE;report_vocabulary=CODES_REQUIRED,,
MDS-01873,0,query,conditional,,,11807963,,11807963,11807963,medium,0.75,entitlement_unverified:AMB-13,0,15,DD-120;LW-410;LW-411;LW-413;MW-310;MW-320,appendix_g_reading;rig_services_index;dd120_rate_from_feb_2026;record_signatories;report_vocabulary,appendix_g_reading=LWD_ROWS_SHIFTED;rig_services_index=NOT_APPLIED;dd120_rate_from_feb_2026=LATER_EFFECTIVE_GOVERNS;dd120_rate_from_feb_2026=MONTHLY_TABLE_SEPARATE;record_signatories=FORM_SIGNATORIES_REQUIRED;report_vocabulary=CODES_REQUIRED,,
MDS-01874,0,query,conditional,,,20481674,,20481674,20481674,medium,0.75,entitlement_unverified:AMB-13,0,29,DD-120;MW-310;MW-320;PD-201;PD-210,rig_services_index;dd120_rate_from_feb_2026;volume_tier_scope;report_vocabulary,rig_services_index=NOT_APPLIED;dd120_rate_from_feb_2026=LATER_EFFECTIVE_GOVERNS;dd120_rate_from_feb_2026=MONTHLY_TABLE_SEPARATE;volume_tier_scope=CONTRACT_WIDE;report_vocabulary=CODES_REQUIRED,,
MDS-01875,0,query,conditional,,,9302129,,9302129,9302129,medium,0.75,entitlement_unverified:AMB-13,0,11,DD-120;LW-410;LW-411;MW-310;MW-320;PD-201;PD-210,appendix_g_reading;metre_source;pd210_class_factor;rig_services_index;dd120_rate_from_feb_2026;volume_tier_scope;record_signatories;report_vocabulary,appendix_g_reading=LWD_ROWS_SHIFTED;metre_source=PART_B_RUN_METRES;pd210_class_factor=APPLY;rig_services_index=NOT_APPLIED;dd120_rate_from_feb_2026=LATER_EFFECTIVE_GOVERNS;dd120_rate_from_feb_2026=MONTHLY_TABLE_SEPARATE;volume_tier_scope=CONTRACT_WIDE;record_signatories=FORM_SIGNATORIES_REQUIRED;report_vocabulary=CODES_REQUIRED,,
MDS-01876,0,query,conditional,,,16784619,,16784619,16784619,medium,0.75,entitlement_unverified:AMB-13,0,19,DD-120;MW-310;MW-320;PD-201;PD-210,pd210_class_factor;rig_services_index;dd120_rate_from_feb_2026;volume_tier_scope;report_vocabulary,pd210_class_factor=APPLY;rig_services_index=NOT_APPLIED;dd120_rate_from_feb_2026=LATER_EFFECTIVE_GOVERNS;dd120_rate_from_feb_2026=MONTHLY_TABLE_SEPARATE;volume_tier_scope=CONTRACT_WIDE;report_vocabulary=CODES_REQUIRED,,
MDS-01877,1,part-reject,conditional,quantity_exceeds_record,quantity_exceeds_record,14883988,,14841944,14841944,medium,0.75,entitlement_unverified:AMB-13,1,25,DD-120;LW-410;LW-411;LW-413;MW-310;MW-320,appendix_g_reading;metre_source;rig_up_hour;standby_section_factor;rig_services_index;dd120_rate_from_feb_2026;record_signatories;report_vocabulary,,rig_up_hour=PER_BHA_RUN;rig_up_hour=NO_DEDUCTION,
MDS-01878,1,part-reject,conditional,depth_band_misapplied,depth_band_misapplied,25171156,,24851313,24851313,high,0.95,entitlement_unverified:AMB-13,1,49,DD-120;LW-410;LW-411;LW-412;LW-413;MW-310;MW-320;PD-201;PD-210,appendix_g_reading;metre_source;rig_services_index;dd120_rate_from_feb_2026;volume_tier_scope;record_signatories;report_vocabulary,,,
MDS-01879,0,query,conditional,,,7271951,,7271951,7271951,medium,0.75,entitlement_unverified:AMB-13,0,8,LW-410;MW-310,appendix_g_reading;metre_source;rig_services_index;record_signatories;report_vocabulary,appendix_g_reading=LWD_ROWS_SHIFTED;metre_source=PART_B_RUN_METRES;rig_services_index=NOT_APPLIED;record_signatories=FORM_SIGNATORIES_REQUIRED;report_vocabulary=CODES_REQUIRED,,
MDS-01880,0,query,conditional,,,14993714,,14993714,14993714,medium,0.75,entitlement_unverified:AMB-13,0,23,DD-120;LW-410;LW-411;MW-310;MW-320;PD-201;PD-210,appendix_g_reading;metre_source;rig_services_index;dd120_rate_from_feb_2026;volume_tier_scope;record_signatories;report_vocabulary,appendix_g_reading=LWD_ROWS_SHIFTED;metre_source=PART_B_RUN_METRES;rig_services_index=NOT_APPLIED;dd120_rate_from_feb_2026=LATER_EFFECTIVE_GOVERNS;dd120_rate_from_feb_2026=MONTHLY_TABLE_SEPARATE;volume_tier_scope=CONTRACT_WIDE;record_signatories=FORM_SIGNATORIES_REQUIRED;report_vocabulary=CODES_REQUIRED,,
MDS-01881,0,query,conditional,,,5844973,,5844973,5844973,medium,0.75,entitlement_unverified:AMB-13,0,3,DD-120;MW-310;MW-320,rig_services_index;dd120_rate_from_feb_2026;report_vocabulary,rig_services_index=NOT_APPLIED;dd120_rate_from_feb_2026=LATER_EFFECTIVE_GOVERNS;dd120_rate_from_feb_2026=MONTHLY_TABLE_SEPARATE;report_vocabulary=CODES_REQUIRED,,
MDS-01882,0,query,conditional,,,23484196,,23484196,23484196,medium,0.75,entitlement_unverified:AMB-13,0,33,DD-120;LW-410;LW-411;LW-413;MW-310;MW-320;PD-201;PD-210,appendix_g_reading;metre_source;rig_services_index;dd120_rate_from_feb_2026;volume_tier_scope;record_signatories;report_vocabulary,appendix_g_reading=LWD_ROWS_SHIFTED;metre_source=PART_B_RUN_METRES;rig_services_index=NOT_APPLIED;dd120_rate_from_feb_2026=LATER_EFFECTIVE_GOVERNS;dd120_rate_from_feb_2026=MONTHLY_TABLE_SEPARATE;volume_tier_scope=CONTRACT_WIDE;record_signatories=FORM_SIGNATORIES_REQUIRED;report_vocabulary=CODES_REQUIRED,,
MDS-01883,0,query,conditional,,,12601779,,12601779,12601779,medium,0.75,entitlement_unverified:AMB-13,0,21,DD-120;LW-410;LW-411;LW-413;MW-310;MW-320,appendix_g_reading;metre_source;rig_services_index;dd120_rate_from_feb_2026;record_signatories;report_vocabulary,appendix_g_reading=LWD_ROWS_SHIFTED;metre_source=PART_B_RUN_METRES;rig_services_index=NOT_APPLIED;dd120_rate_from_feb_2026=LATER_EFFECTIVE_GOVERNS;dd120_rate_from_feb_2026=MONTHLY_TABLE_SEPARATE;record_signatories=FORM_SIGNATORIES_REQUIRED;report_vocabulary=CODES_REQUIRED,,
MDS-01884,0,query,conditional,,,9129020,,9129020,9129020,medium,0.75,entitlement_unverified:AMB-13,0,10,LW-410;MW-310,appendix_g_reading;metre_source;rig_services_index;record_signatories;report_vocabulary,appendix_g_reading=LWD_ROWS_SHIFTED;metre_source=PART_B_RUN_METRES;rig_services_index=NOT_APPLIED;record_signatories=FORM_SIGNATORIES_REQUIRED;report_vocabulary=CODES_REQUIRED,,
MDS-01885,0,query,conditional,,,8675896,,8675896,8675896,medium,0.75,entitlement_unverified:AMB-13,0,5,LW-410;MW-310,appendix_g_reading;metre_source;rig_services_index;record_signatories;report_vocabulary,appendix_g_reading=LWD_ROWS_SHIFTED;metre_source=PART_B_RUN_METRES;rig_services_index=NOT_APPLIED;record_signatories=FORM_SIGNATORIES_REQUIRED;report_vocabulary=CODES_REQUIRED,,
MDS-01886,0,query,conditional,,,25916257,,25916257,25916257,medium,0.75,entitlement_unverified:AMB-13,0,42,DD-120;LW-410;LW-411;MW-310;MW-320;PD-201;PD-210,appendix_g_reading;metre_source;pd210_class_factor;rig_services_index;dd120_rate_from_feb_2026;volume_tier_scope;record_signatories;report_vocabulary,appendix_g_reading=LWD_ROWS_SHIFTED;metre_source=PART_B_RUN_METRES;pd210_class_factor=APPLY;rig_services_index=NOT_APPLIED;dd120_rate_from_feb_2026=LATER_EFFECTIVE_GOVERNS;dd120_rate_from_feb_2026=MONTHLY_TABLE_SEPARATE;volume_tier_scope=CONTRACT_WIDE;record_signatories=FORM_SIGNATORIES_REQUIRED;report_vocabulary=CODES_REQUIRED,,
MDS-01887,1,part-reject,conditional,once_only_exceeded,once_only_exceeded,13746744,,11619531,11619531,high,0.95,entitlement_unverified:AMB-13,1,16,DD-120;MW-310;MW-320;PD-201;PD-210,rig_services_index;dd120_rate_from_feb_2026;volume_tier_scope;report_vocabulary,,,
MDS-01888,0,query,conditional,,,9194451,,9194451,9194451,medium,0.75,entitlement_unverified:AMB-13,0,5,LW-410;MW-310,appendix_g_reading;metre_source;standby_section_factor;rig_services_index;record_signatories;report_vocabulary,appendix_g_reading=LWD_ROWS_SHIFTED;metre_source=PART_B_RUN_METRES;standby_section_factor=APPLY;rig_services_index=NOT_APPLIED;record_signatories=FORM_SIGNATORIES_REQUIRED;report_vocabulary=CODES_REQUIRED,,
MDS-01889,0,query,conditional,,,12534986,,12534986,12534986,medium,0.75,entitlement_unverified:AMB-13,0,21,DD-120;LW-410;LW-411;MW-310;MW-320;PD-201;PD-210,appendix_g_reading;metre_source;rig_services_index;dd120_rate_from_feb_2026;volume_tier_scope;record_signatories;report_vocabulary,appendix_g_reading=LWD_ROWS_SHIFTED;metre_source=PART_B_RUN_METRES;rig_services_index=NOT_APPLIED;dd120_rate_from_feb_2026=LATER_EFFECTIVE_GOVERNS;dd120_rate_from_feb_2026=MONTHLY_TABLE_SEPARATE;volume_tier_scope=CONTRACT_WIDE;record_signatories=FORM_SIGNATORIES_REQUIRED;report_vocabulary=CODES_REQUIRED,,
MDS-01890,0,query,conditional,,,11094630,,11094630,11094630,medium,0.75,entitlement_unverified:AMB-13,0,20,DD-120;LW-410;LW-411;MW-310;MW-320,appendix_g_reading;metre_source;rig_services_index;dd120_rate_from_feb_2026;record_signatories;report_vocabulary,appendix_g_reading=LWD_ROWS_SHIFTED;metre_source=PART_B_RUN_METRES;rig_services_index=NOT_APPLIED;dd120_rate_from_feb_2026=LATER_EFFECTIVE_GOVERNS;dd120_rate_from_feb_2026=MONTHLY_TABLE_SEPARATE;record_signatories=FORM_SIGNATORIES_REQUIRED;report_vocabulary=CODES_REQUIRED,,
MDS-01891,0,query,conditional,,,9622074,,9622074,9622074,medium,0.75,entitlement_unverified:AMB-13,0,12,DD-120;LW-410;LW-411;LW-412;MW-310;MW-320;PD-201;PD-210,appendix_g_reading;metre_source;rig_services_index;dd120_rate_from_feb_2026;volume_tier_scope;record_signatories;report_vocabulary,appendix_g_reading=LWD_ROWS_SHIFTED;metre_source=PART_B_RUN_METRES;rig_services_index=NOT_APPLIED;dd120_rate_from_feb_2026=LATER_EFFECTIVE_GOVERNS;dd120_rate_from_feb_2026=MONTHLY_TABLE_SEPARATE;volume_tier_scope=CONTRACT_WIDE;record_signatories=FORM_SIGNATORIES_REQUIRED;report_vocabulary=CODES_REQUIRED,,
MDS-01892,0,query,conditional,,,17037907,,17037907,17037907,medium,0.75,entitlement_unverified:AMB-13,0,29,DD-120;LW-410;LW-411;LW-413;MW-310;MW-320,appendix_g_reading;metre_source;rig_services_index;dd120_rate_from_feb_2026;record_signatories;report_vocabulary,appendix_g_reading=LWD_ROWS_SHIFTED;metre_source=PART_B_RUN_METRES;rig_services_index=NOT_APPLIED;dd120_rate_from_feb_2026=LATER_EFFECTIVE_GOVERNS;dd120_rate_from_feb_2026=MONTHLY_TABLE_SEPARATE;record_signatories=FORM_SIGNATORIES_REQUIRED;report_vocabulary=CODES_REQUIRED,,
MDS-01893,0,query,conditional,,,11995196,,11995196,11995196,medium,0.75,entitlement_unverified:AMB-13,0,9,LW-410;MW-310,appendix_g_reading;metre_source;rig_services_index;record_signatories;report_vocabulary,appendix_g_reading=LWD_ROWS_SHIFTED;metre_source=PART_B_RUN_METRES;rig_services_index=NOT_APPLIED;record_signatories=FORM_SIGNATORIES_REQUIRED;report_vocabulary=CODES_REQUIRED,,
MDS-01894,0,query,conditional,,,22577776,,22577776,22577776,medium,0.75,entitlement_unverified:AMB-13,0,39,DD-120;LW-410;LW-411;MW-310;MW-320;PD-201;PD-210,appendix_g_reading;metre_source;standby_section_factor;rig_services_index;dd120_rate_from_feb_2026;volume_tier_scope;record_signatories;report_vocabulary,appendix_g_reading=LWD_ROWS_SHIFTED;metre_source=PART_B_RUN_METRES;standby_section_factor=APPLY;rig_services_index=NOT_APPLIED;dd120_rate_from_feb_2026=LATER_EFFECTIVE_GOVERNS;dd120_rate_from_feb_2026=MONTHLY_TABLE_SEPARATE;volume_tier_scope=CONTRACT_WIDE;record_signatories=FORM_SIGNATORIES_REQUIRED;report_vocabulary=CODES_REQUIRED,,
MDS-01895,0,query,conditional,,,27070451,,27070451,27070451,medium,0.75,entitlement_unverified:AMB-13,0,40,DD-120;LW-410;LW-411;LW-412;LW-413;MW-310;MW-320;PD-201;PD-210,appendix_g_reading;metre_source;rig_services_index;dd120_rate_from_feb_2026;volume_tier_scope;record_signatories;report_vocabulary,appendix_g_reading=LWD_ROWS_SHIFTED;metre_source=PART_B_RUN_METRES;rig_services_index=NOT_APPLIED;dd120_rate_from_feb_2026=LATER_EFFECTIVE_GOVERNS;dd120_rate_from_feb_2026=MONTHLY_TABLE_SEPARATE;volume_tier_scope=CONTRACT_WIDE;record_signatories=FORM_SIGNATORIES_REQUIRED;report_vocabulary=CODES_REQUIRED,,
MDS-01896,0,query,conditional,,,20795482,,20795482,20795482,medium,0.75,entitlement_unverified:AMB-13,0,31,DD-120;LW-410;LW-411;LW-413;MW-310;MW-320;PD-201;PD-210,appendix_g_reading;metre_source;pd210_class_factor;rig_services_index;dd120_rate_from_feb_2026;volume_tier_scope;record_signatories;report_vocabulary,appendix_g_reading=LWD_ROWS_SHIFTED;metre_source=PART_B_RUN_METRES;pd210_class_factor=APPLY;rig_services_index=NOT_APPLIED;dd120_rate_from_feb_2026=LATER_EFFECTIVE_GOVERNS;dd120_rate_from_feb_2026=MONTHLY_TABLE_SEPARATE;volume_tier_scope=CONTRACT_WIDE;record_signatories=FORM_SIGNATORIES_REQUIRED;report_vocabulary=CODES_REQUIRED,,
MDS-01897,0,query,conditional,,,5516315,,5516315,5516315,medium,0.75,entitlement_unverified:AMB-13,0,3,DD-120;MW-310;MW-320,rig_services_index;dd120_rate_from_feb_2026;report_vocabulary,rig_services_index=NOT_APPLIED;dd120_rate_from_feb_2026=LATER_EFFECTIVE_GOVERNS;dd120_rate_from_feb_2026=MONTHLY_TABLE_SEPARATE;report_vocabulary=CODES_REQUIRED,,
MDS-01898,0,query,conditional,,,9976115,,9976115,9976115,medium,0.75,entitlement_unverified:AMB-13,0,11,LW-410;MW-310,appendix_g_reading;metre_source;standby_section_factor;rig_services_index;record_signatories;report_vocabulary,appendix_g_reading=LWD_ROWS_SHIFTED;metre_source=PART_B_RUN_METRES;standby_section_factor=APPLY;rig_services_index=NOT_APPLIED;record_signatories=FORM_SIGNATORIES_REQUIRED;report_vocabulary=CODES_REQUIRED,,
MDS-01899,0,query,conditional,,,8788831,,8788831,8788831,medium,0.75,entitlement_unverified:AMB-13,0,11,DD-120;LW-410;LW-411;MW-310;MW-320;PD-201;PD-210,appendix_g_reading;metre_source;pd210_class_factor;rig_services_index;dd120_rate_from_feb_2026;volume_tier_scope;record_signatories;report_vocabulary,appendix_g_reading=LWD_ROWS_SHIFTED;metre_source=PART_B_RUN_METRES;pd210_class_factor=APPLY;rig_services_index=NOT_APPLIED;dd120_rate_from_feb_2026=LATER_EFFECTIVE_GOVERNS;dd120_rate_from_feb_2026=MONTHLY_TABLE_SEPARATE;volume_tier_scope=CONTRACT_WIDE;record_signatories=FORM_SIGNATORIES_REQUIRED;report_vocabulary=CODES_REQUIRED,,
MDS-01900,1,part-reject,conditional,quantity_exceeds_record,quantity_exceeds_record,12891388,,12807300,12807300,high,0.95,entitlement_unverified:AMB-13,1,18,DD-120;LW-410;LW-411;MW-310;MW-320;PD-201;PD-210,appendix_g_reading;metre_source;rig_up_hour;rig_services_index;dd120_rate_from_feb_2026;volume_tier_scope;record_signatories;report_vocabulary,,,
MDS-01901,0,query,conditional,,,11164206,,11164206,11164206,medium,0.75,entitlement_unverified:AMB-13,0,24,DD-120;LW-410;LW-411;LW-412;MW-310;MW-320;PD-201;PD-210,appendix_g_reading;metre_source;rig_services_index;dd120_rate_from_feb_2026;volume_tier_scope;record_signatories;report_vocabulary,appendix_g_reading=LWD_ROWS_SHIFTED;metre_source=PART_B_RUN_METRES;rig_services_index=NOT_APPLIED;dd120_rate_from_feb_2026=LATER_EFFECTIVE_GOVERNS;dd120_rate_from_feb_2026=MONTHLY_TABLE_SEPARATE;volume_tier_scope=CONTRACT_WIDE;record_signatories=FORM_SIGNATORIES_REQUIRED;report_vocabulary=CODES_REQUIRED,,
MDS-01902,0,query,conditional,,,11716468,,11716468,11716468,medium,0.75,entitlement_unverified:AMB-13,0,14,DD-120;LW-410;MW-310;MW-320;PD-201,appendix_g_reading;metre_source;rig_services_index;dd120_rate_from_feb_2026;record_signatories;report_vocabulary,appendix_g_reading=LWD_ROWS_SHIFTED;metre_source=PART_B_RUN_METRES;rig_services_index=NOT_APPLIED;dd120_rate_from_feb_2026=LATER_EFFECTIVE_GOVERNS;dd120_rate_from_feb_2026=MONTHLY_TABLE_SEPARATE;record_signatories=FORM_SIGNATORIES_REQUIRED;report_vocabulary=CODES_REQUIRED,,
MDS-01903,0,query,conditional,,,7022412,,7022412,7022412,medium,0.75,entitlement_unverified:AMB-13,0,8,LW-410;MW-310,appendix_g_reading;metre_source;rig_services_index;record_signatories;report_vocabulary,appendix_g_reading=LWD_ROWS_SHIFTED;metre_source=PART_B_RUN_METRES;rig_services_index=NOT_APPLIED;record_signatories=FORM_SIGNATORIES_REQUIRED;report_vocabulary=CODES_REQUIRED,,
MDS-01904,0,query,conditional,,,5046965,,5046965,5046965,medium,0.75,entitlement_unverified:AMB-13,0,1,MW-310,rig_services_index;record_signatories;report_vocabulary,rig_services_index=NOT_APPLIED;record_signatories=FORM_SIGNATORIES_REQUIRED;report_vocabulary=CODES_REQUIRED,,
MDS-01905,0,query,conditional,,,6968802,,6968802,6968802,medium,0.75,entitlement_unverified:AMB-13,0,8,LW-410;MW-310,appendix_g_reading;metre_source;rig_services_index;record_signatories;report_vocabulary,appendix_g_reading=LWD_ROWS_SHIFTED;metre_source=PART_B_RUN_METRES;rig_services_index=NOT_APPLIED;record_signatories=FORM_SIGNATORIES_REQUIRED;report_vocabulary=CODES_REQUIRED,,
MDS-01906,0,query,conditional,,,4955695,,4955695,4955695,medium,0.75,entitlement_unverified:AMB-13,0,1,MW-310,rig_services_index;record_signatories;report_vocabulary,rig_services_index=NOT_APPLIED;record_signatories=FORM_SIGNATORIES_REQUIRED;report_vocabulary=CODES_REQUIRED,,
